datetime,count
2011-01-20 00:00:00,110.356285
2011-01-20 01:00:00,85.98792
2011-01-20 02:00:00,85.98792
2011-01-20 03:00:00,111.94619
2011-01-20 04:00:00,111.94619
2011-01-20 05:00:00,107.58162
2011-01-20 06:00:00,101.551605
2011-01-20 07:00:00,100.35257
2011-01-20 08:00:00,98.98307
2011-01-20 09:00:00,86.74882
2011-01-20 10:00:00,112.71261
2011-01-20 11:00:00,104.32571
2011-01-20 12:00:00,102.40087
2011-01-20 13:00:00,112.63473
2011-01-20 14:00:00,126.7531
2011-01-20 15:00:00,122.14524
2011-01-20 16:00:00,118.97987
2011-01-20 17:00:00,121.433815
2011-01-20 18:00:00,95.54522
2011-01-20 19:00:00,109.464836
2011-01-20 20:00:00,92.16117
2011-01-20 21:00:00,85.554436
2011-01-20 22:00:00,78.195366
2011-01-20 23:00:00,79.026344
2011-01-21 00:00:00,87.79923
2011-01-21 01:00:00,87.79923
2011-01-21 02:00:00,54.963135
2011-01-21 03:00:00,51.423737
2011-01-21 04:00:00,73.82348
2011-01-21 05:00:00,93.55387
2011-01-21 06:00:00,99.81509
2011-01-21 07:00:00,92.019066
2011-01-21 08:00:00,95.79415
2011-01-21 09:00:00,93.00794
2011-01-21 10:00:00,122.102554
2011-01-21 11:00:00,129.11823
2011-01-21 12:00:00,77.09213
2011-01-21 13:00:00,59.57897
2011-01-21 14:00:00,80.32479
2011-01-21 15:00:00,91.17069
2011-01-21 16:00:00,102.89907
2011-01-21 17:00:00,106.99039
2011-01-21 18:00:00,95.73714
2011-01-21 19:00:00,104.95289
2011-01-21 20:00:00,105.04027
2011-01-21 21:00:00,73.75149
2011-01-21 22:00:00,51.466766
2011-01-21 23:00:00,69.11016
2011-01-22 00:00:00,9.688925
2011-01-22 01:00:00,27.550474
2011-01-22 02:00:00,35.449585
2011-01-22 03:00:00,35.894035
2011-01-22 04:00:00,36.393456
2011-01-22 06:00:00,34.205017
2011-01-22 07:00:00,12.201822
2011-01-22 08:00:00,15.865126
2011-01-22 09:00:00,11.199992
2011-01-22 10:00:00,42.720444
2011-01-22 11:00:00,53.206337
2011-01-22 12:00:00,44.13051
2011-01-22 13:00:00,58.413193
2011-01-22 14:00:00,59.78705
2011-01-22 15:00:00,66.79032
2011-01-22 16:00:00,72.610374
2011-01-22 17:00:00,104.88657
2011-01-22 18:00:00,57.18341
2011-01-22 19:00:00,53.428833
2011-01-22 20:00:00,8.586883
2011-01-22 21:00:00,25.49973
2011-01-22 22:00:00,50.919594
2011-01-22 23:00:00,10.920008
2011-01-23 00:00:00,10.920008
2011-01-23 01:00:00,10.920008
2011-01-23 02:00:00,6.744066
2011-01-23 03:00:00,6.744066
2011-01-23 05:00:00,22.276121
2011-01-23 06:00:00,22.276121
2011-01-23 07:00:00,13.130997
2011-01-23 08:00:00,8.398184
2011-01-23 09:00:00,41.395676
2011-01-23 10:00:00,29.84096
2011-01-23 11:00:00,56.378326
2011-01-23 12:00:00,122.89805
2011-01-23 13:00:00,112.18461
2011-01-23 14:00:00,112.49523
2011-01-23 15:00:00,112.49523
2011-01-23 16:00:00,110.84649
2011-01-23 17:00:00,105.87275
2011-01-23 18:00:00,77.16949
2011-01-23 19:00:00,89.78967
2011-01-23 20:00:00,54.88179
2011-01-23 21:00:00,56.381615
2011-01-23 22:00:00,53.749214
2011-01-23 23:00:00,20.62626
2011-01-24 00:00:00,66.25874
2011-01-24 01:00:00,62.061836
2011-01-24 03:00:00,53.801132
2011-01-24 04:00:00,71.633064
2011-01-24 05:00:00,71.633064
2011-01-24 06:00:00,77.34631
2011-01-24 07:00:00,72.33765
2011-01-24 08:00:00,76.46732
2011-01-24 09:00:00,57.262344
2011-01-24 10:00:00,49.830864
2011-01-24 11:00:00,64.987144
2011-01-24 12:00:00,53.71633
2011-01-24 13:00:00,57.14344
2011-01-24 14:00:00,55.027054
2011-01-24 15:00:00,79.588844
2011-01-24 16:00:00,81.237595
2011-01-24 17:00:00,70.49906
2011-01-24 18:00:00,80.95955
2011-01-24 19:00:00,78.39007
2011-01-24 20:00:00,80.95955
2011-01-24 21:00:00,96.14251
2011-01-24 22:00:00,52.266556
2011-01-24 23:00:00,53.840843
2011-01-25 00:00:00,53.738922
2011-01-25 01:00:00,59.211838
2011-01-25 02:00:00,87.42952
2011-01-25 04:00:00,103.98219
2011-01-25 05:00:00,87.82602
2011-01-25 06:00:00,96.84535
2011-01-25 07:00:00,92.32595
2011-01-25 08:00:00,54.85887
2011-01-25 09:00:00,62.21884
2011-01-25 10:00:00,71.66859
2011-01-25 11:00:00,84.62962
2011-01-25 12:00:00,90.802284
2011-01-25 13:00:00,93.626335
2011-01-25 14:00:00,104.85769
2011-01-25 15:00:00,103.88108
2011-01-25 16:00:00,103.88108
2011-01-25 17:00:00,84.290276
2011-01-25 18:00:00,115.28953
2011-01-25 19:00:00,95.67402
2011-01-25 20:00:00,112.46
2011-01-25 21:00:00,112.46
2011-01-25 22:00:00,104.59119
2011-01-25 23:00:00,82.61068
2011-01-26 00:00:00,73.37515
2011-01-26 01:00:00,83.089935
2011-01-26 02:00:00,51.50329
2011-01-26 05:00:00,47.70867
2011-01-26 06:00:00,47.70867
2011-01-26 07:00:00,46.943893
2011-01-26 08:00:00,46.943893
2011-01-26 09:00:00,46.943893
2011-01-26 10:00:00,45.20362
2011-01-26 11:00:00,52.328743
2011-01-26 12:00:00,52.328743
2011-01-26 13:00:00,52.328743
2011-01-26 14:00:00,54.76834
2011-01-26 15:00:00,45.707474
2011-01-26 16:00:00,56.205605
2011-01-26 17:00:00,57.29772
2011-01-27 16:00:00,101.52529
2011-01-27 17:00:00,84.87243
2011-01-27 18:00:00,66.64305
2011-01-27 19:00:00,66.64305
2011-01-27 20:00:00,88.48679
2011-01-27 21:00:00,88.48679
2011-01-27 22:00:00,88.48679
2011-01-27 23:00:00,108.427376
2011-01-28 00:00:00,61.4233
2011-01-28 01:00:00,61.4233
2011-01-28 02:00:00,72.39802
2011-01-28 03:00:00,61.844482
2011-01-28 05:00:00,58.873055
2011-01-28 06:00:00,57.018387
2011-01-28 07:00:00,59.086166
2011-01-28 08:00:00,59.086166
2011-01-28 09:00:00,60.36361
2011-01-28 10:00:00,59.814117
2011-01-28 11:00:00,62.288757
2011-01-28 12:00:00,62.288757
2011-01-28 13:00:00,62.288757
2011-01-28 14:00:00,93.369026
2011-01-28 15:00:00,71.12188
2011-01-28 16:00:00,68.592186
2011-01-28 17:00:00,80.46257
2011-01-28 18:00:00,106.21104
2011-01-28 19:00:00,70.949814
2011-01-28 20:00:00,90.12954
2011-01-28 21:00:00,66.30185
2011-01-28 22:00:00,96.446625
2011-01-28 23:00:00,107.58162
2011-01-29 00:00:00,60.499596
2011-01-29 01:00:00,46.341675
2011-01-29 02:00:00,42.702835
2011-01-29 03:00:00,30.903927
2011-01-29 04:00:00,21.871716
2011-01-29 06:00:00,26.569197
2011-01-29 07:00:00,30.077488
2011-01-29 08:00:00,45.15615
2011-01-29 09:00:00,36.616486
2011-01-29 10:00:00,35.57541
2011-01-29 11:00:00,32.233547
2011-01-29 12:00:00,43.261185
2011-01-29 13:00:00,53.508064
2011-01-29 14:00:00,42.31215
2011-01-29 15:00:00,43.905823
2011-01-29 16:00:00,49.738083
2011-01-29 17:00:00,56.504837
2011-01-29 18:00:00,33.39469
2011-01-29 19:00:00,50.77233
2011-01-29 20:00:00,37.345627
2011-01-29 21:00:00,37.345627
2011-01-29 22:00:00,22.78564
2011-01-29 23:00:00,22.78564
2011-01-30 00:00:00,16.203024
2011-01-30 01:00:00,24.265947
2011-01-30 02:00:00,30.349329
2011-01-30 03:00:00,16.519749
2011-01-30 04:00:00,16.519749
2011-01-30 05:00:00,19.416437
2011-01-30 07:00:00,19.416437
2011-01-30 08:00:00,32.06738
2011-01-30 09:00:00,40.05333
2011-01-30 10:00:00,45.08461
2011-01-30 11:00:00,49.78327
2011-01-30 12:00:00,98.77984
2011-01-30 13:00:00,70.00991
2011-01-30 14:00:00,80.7297
2011-01-30 15:00:00,89.27102
2011-01-30 16:00:00,89.27102
2011-01-30 17:00:00,102.60116
2011-01-30 18:00:00,48.64672
2011-01-30 19:00:00,52.739296
2011-01-30 20:00:00,58.765358
2011-01-30 21:00:00,40.718445
2011-01-30 22:00:00,44.68107
2011-01-30 23:00:00,55.543823
2011-01-31 00:00:00,89.47224
2011-01-31 01:00:00,100.632195
2011-01-31 02:00:00,107.65529
2011-01-31 03:00:00,107.65529
2011-01-31 04:00:00,95.24494
2011-01-31 05:00:00,80.08943
2011-01-31 06:00:00,60.76174
2011-01-31 07:00:00,56.30197
2011-01-31 08:00:00,58.742523
2011-01-31 09:00:00,59.58452
2011-01-31 10:00:00,63.494827
2011-01-31 11:00:00,63.494827
2011-01-31 12:00:00,60.665222
2011-01-31 13:00:00,77.58126
2011-01-31 14:00:00,66.96839
2011-01-31 15:00:00,59.40618
2011-01-31 16:00:00,64.085556
2011-01-31 17:00:00,63.494827
2011-01-31 18:00:00,56.025337
2011-01-31 19:00:00,108.33379
2011-01-31 20:00:00,42.835472
2011-01-31 21:00:00,47.00992
2011-01-31 22:00:00,56.447044
2011-01-31 23:00:00,54.18622
2011-02-20 00:00:00,143.30725
2011-02-20 01:00:00,141.04738
2011-02-20 02:00:00,147.87329
2011-02-20 03:00:00,148.1117
2011-02-20 04:00:00,148.1117
2011-02-20 06:00:00,65.70312
2011-02-20 07:00:00,57.783867
2011-02-20 08:00:00,48.106987
2011-02-20 09:00:00,80.22193
2011-02-20 10:00:00,101.19546
2011-02-20 11:00:00,141.59857
2011-02-20 12:00:00,171.64761
2011-02-20 13:00:00,254.07779
2011-02-20 14:00:00,238.94382
2011-02-20 15:00:00,270.98914
2011-02-20 16:00:00,232.91983
2011-02-20 17:00:00,191.63196
2011-02-20 18:00:00,173.69662
2011-02-20 19:00:00,173.69662
2011-02-20 20:00:00,165.22627
2011-02-20 21:00:00,131.16512
2011-02-20 22:00:00,110.196556
2011-02-20 23:00:00,78.49506
2011-02-21 00:00:00,138.01134
2011-02-21 01:00:00,138.01134
2011-02-21 02:00:00,138.01134
2011-02-21 03:00:00,135.24101
2011-02-21 04:00:00,151.85803
2011-02-21 05:00:00,152.39987
2011-02-21 06:00:00,245.52194
2011-02-21 07:00:00,247.34897
2011-02-21 08:00:00,101.218895
2011-02-21 09:00:00,98.70782
2011-02-21 10:00:00,102.0205
2011-02-21 11:00:00,126.15522
2011-02-21 12:00:00,103.565254
2011-02-21 13:00:00,57.1276
2011-02-21 14:00:00,70.26305
2011-02-21 15:00:00,64.60489
2011-02-21 16:00:00,44.290253
2011-02-21 17:00:00,59.02997
2011-02-21 18:00:00,47.066826
2011-02-21 19:00:00,47.066826
2011-02-21 20:00:00,43.722878
2011-02-21 21:00:00,42.503174
2011-02-21 22:00:00,38.98603
2011-02-21 23:00:00,38.98603
2011-02-22 06:00:00,54.62696
2011-02-22 07:00:00,54.62696
2011-02-22 08:00:00,48.831818
2011-02-22 09:00:00,50.433823
2011-02-22 10:00:00,81.49317
2011-02-22 11:00:00,68.48871
2011-02-22 12:00:00,75.4038
2011-02-22 13:00:00,100.30906
2011-02-22 14:00:00,101.52529
2011-02-22 15:00:00,104.73371
2011-02-22 16:00:00,98.542656
2011-02-22 17:00:00,100.38873
2011-02-22 18:00:00,95.76586
2011-02-22 19:00:00,94.26458
2011-02-22 20:00:00,95.19866
2011-02-22 21:00:00,95.66195
2011-02-22 22:00:00,83.46087
2011-02-22 23:00:00,83.46087
2011-02-23 00:00:00,72.84814
2011-02-23 01:00:00,72.60774
2011-02-23 02:00:00,71.07122
2011-02-23 03:00:00,69.584526
2011-02-23 05:00:00,76.049545
2011-02-23 06:00:00,76.049545
2011-02-23 07:00:00,78.72765
2011-02-23 08:00:00,78.39007
2011-02-23 09:00:00,71.38768
2011-02-23 10:00:00,64.89377
2011-02-23 11:00:00,123.9622
2011-02-23 12:00:00,140.00333
2011-02-23 13:00:00,158.86792
2011-02-23 14:00:00,164.95201
2011-02-23 15:00:00,217.9309
2011-02-23 16:00:00,216.6998
2011-02-23 17:00:00,217.9309
2011-02-23 18:00:00,190.3682
2011-02-23 19:00:00,108.805916
2011-02-23 20:00:00,110.62684
2011-02-23 21:00:00,80.29725
2011-02-23 22:00:00,80.29725
2011-02-23 23:00:00,80.73475
2011-02-24 00:00:00,80.73475
2011-02-24 01:00:00,75.37786
2011-02-24 02:00:00,64.55136
2011-02-24 03:00:00,83.3281
2011-02-24 05:00:00,80.68359
2011-02-24 06:00:00,101.44157
2011-02-24 07:00:00,99.60818
2011-02-24 08:00:00,113.4642
2011-02-24 09:00:00,76.466576
2011-02-24 10:00:00,89.29355
2011-02-24 11:00:00,113.86282
2011-02-24 12:00:00,144.13419
2011-02-24 13:00:00,148.96191
2011-02-24 14:00:00,167.16895
2011-02-24 15:00:00,161.95343
2011-02-24 16:00:00,115.70527
2011-02-24 17:00:00,109.92034
2011-02-24 18:00:00,116.92152
2011-02-24 19:00:00,91.569466
2011-02-24 20:00:00,105.30142
2011-02-24 21:00:00,116.92152
2011-02-24 22:00:00,95.587006
2011-02-24 23:00:00,110.10442
2011-02-25 00:00:00,120.575874
2011-02-25 01:00:00,97.18028
2011-02-25 02:00:00,97.18028
2011-02-25 03:00:00,104.84163
2011-02-25 05:00:00,104.84163
2011-02-25 06:00:00,112.56772
2011-02-25 07:00:00,94.36993
2011-02-25 08:00:00,102.48
2011-02-25 09:00:00,80.92611
2011-02-25 10:00:00,128.68245
2011-02-25 11:00:00,207.58716
2011-02-25 12:00:00,209.74628
2011-02-25 13:00:00,209.74628
2011-02-25 14:00:00,231.89886
2011-02-25 15:00:00,204.11975
2011-02-25 16:00:00,156.1243
2011-02-25 17:00:00,169.8202
2011-02-25 18:00:00,159.7346
2011-02-25 19:00:00,148.1304
2011-02-25 20:00:00,167.78229
2011-02-25 21:00:00,136.52646
2011-02-25 22:00:00,134.01047
2011-02-25 23:00:00,113.63644
2011-02-26 00:00:00,82.109024
2011-02-26 01:00:00,74.49742
2011-02-26 02:00:00,62.84256
2011-02-26 03:00:00,46.769432
2011-02-26 04:00:00,58.577812
2011-02-26 05:00:00,46.00933
2011-02-26 06:00:00,48.894012
2011-02-26 07:00:00,56.67981
2011-02-26 08:00:00,81.69392
2011-02-26 09:00:00,69.611084
2011-02-26 10:00:00,111.14475
2011-02-26 11:00:00,110.50221
2011-02-26 12:00:00,130.2085
2011-02-26 13:00:00,155.42308
2011-02-26 14:00:00,152.78741
2011-02-26 15:00:00,165.11629
2011-02-26 16:00:00,175.01196
2011-02-26 17:00:00,184.87663
2011-02-26 18:00:00,152.54977
2011-02-26 19:00:00,129.22115
2011-02-26 20:00:00,98.96313
2011-02-26 21:00:00,86.66333
2011-02-26 22:00:00,48.820198
2011-02-26 23:00:00,56.12818
2011-02-27 00:00:00,44.424545
2011-02-27 01:00:00,33.64637
2011-02-27 02:00:00,41.662033
2011-02-27 03:00:00,51.090622
2011-02-27 04:00:00,37.80294
2011-02-27 06:00:00,47.25226
2011-02-27 07:00:00,37.80294
2011-02-27 08:00:00,52.41803
2011-02-27 09:00:00,58.39131
2011-02-27 10:00:00,54.431023
2011-02-27 11:00:00,100.20615
2011-02-27 12:00:00,145.01561
2011-02-27 13:00:00,152.2493
2011-02-27 14:00:00,186.63
2011-02-27 15:00:00,247.96408
2011-02-27 16:00:00,263.99744
2011-02-27 17:00:00,184.41399
2011-02-27 18:00:00,178.08823
2011-02-27 19:00:00,163.04103
2011-02-27 20:00:00,145.01561
2011-02-27 21:00:00,141.89842
2011-02-27 22:00:00,133.74364
2011-02-27 23:00:00,106.24149
2011-02-28 00:00:00,118.72079
2011-02-28 01:00:00,76.97224
2011-02-28 03:00:00,73.50269
2011-02-28 05:00:00,112.29522
2011-02-28 06:00:00,112.36154
2011-02-28 07:00:00,119.85258
2011-02-28 08:00:00,119.48369
2011-02-28 09:00:00,176.33652
2011-02-28 10:00:00,214.58386
2011-02-28 11:00:00,222.67123
2011-02-28 12:00:00,222.67122
2011-02-28 13:00:00,146.00761
2011-02-28 14:00:00,123.27297
2011-02-28 15:00:00,123.27297
2011-02-28 16:00:00,131.04257
2011-02-28 17:00:00,115.78451
2011-02-28 18:00:00,139.36588
2011-02-28 19:00:00,123.54569
2011-02-28 20:00:00,123.54569
2011-02-28 21:00:00,135.29282
2011-02-28 22:00:00,69.74926
2011-02-28 23:00:00,96.59313
2011-03-20 00:00:00,178.19101
2011-03-20 01:00:00,129.13507
2011-03-20 02:00:00,115.95501
2011-03-20 03:00:00,105.97764
2011-03-20 04:00:00,96.70799
2011-03-20 05:00:00,69.56939
2011-03-20 06:00:00,85.78924
2011-03-20 07:00:00,65.80979
2011-03-20 08:00:00,76.24619
2011-03-20 09:00:00,102.02767
2011-03-20 10:00:00,141.35497
2011-03-20 11:00:00,156.86938
2011-03-20 12:00:00,163.64929
2011-03-20 13:00:00,219.43323
2011-03-20 14:00:00,368.76233
2011-03-20 15:00:00,255.62038
2011-03-20 16:00:00,350.91217
2011-03-20 17:00:00,225.18365
2011-03-20 18:00:00,205.32568
2011-03-20 19:00:00,185.17879
2011-03-20 20:00:00,175.01196
2011-03-20 21:00:00,119.03303
2011-03-20 22:00:00,122.12646
2011-03-20 23:00:00,78.73446
2011-03-21 00:00:00,96.01165
2011-03-21 01:00:00,100.493774
2011-03-21 02:00:00,104.30964
2011-03-21 03:00:00,104.30964
2011-03-21 05:00:00,106.24717
2011-03-21 06:00:00,71.09772
2011-03-21 07:00:00,56.37329
2011-03-21 08:00:00,56.408844
2011-03-21 09:00:00,85.92145
2011-03-21 10:00:00,130.75768
2011-03-21 11:00:00,153.22256
2011-03-21 12:00:00,161.30612
2011-03-21 13:00:00,190.43182
2011-03-21 14:00:00,214.15106
2011-03-21 15:00:00,233.64867
2011-03-21 16:00:00,199.78725
2011-03-21 17:00:00,201.03168
2011-03-21 18:00:00,200.83159
2011-03-21 19:00:00,236.94499
2011-03-21 20:00:00,227.63031
2011-03-21 21:00:00,112.43971
2011-03-21 22:00:00,139.52112
2011-03-21 23:00:00,92.50247
2011-03-22 00:00:00,127.60436
2011-03-22 01:00:00,81.56218
2011-03-22 02:00:00,87.56899
2011-03-22 03:00:00,147.99884
2011-03-22 04:00:00,117.84934
2011-03-22 05:00:00,103.07696
2011-03-22 06:00:00,132.58688
2011-03-22 07:00:00,120.60003
2011-03-22 08:00:00,147.58388
2011-03-22 09:00:00,165.9546
2011-03-22 10:00:00,168.32687
2011-03-22 11:00:00,180.05034
2011-03-22 12:00:00,177.44176
2011-03-22 13:00:00,212.52834
2011-03-22 14:00:00,223.42067
2011-03-22 15:00:00,215.57178
2011-03-22 16:00:00,198.98938
2011-03-22 17:00:00,198.98938
2011-03-22 18:00:00,177.60324
2011-03-22 19:00:00,164.17249
2011-03-22 20:00:00,172.79608
2011-03-22 21:00:00,161.1799
2011-03-22 22:00:00,147.26044
2011-03-22 23:00:00,147.26044
2011-03-23 00:00:00,101.00213
2011-03-23 01:00:00,77.428185
2011-03-23 02:00:00,77.428185
2011-03-23 03:00:00,99.1934
2011-03-23 05:00:00,61.752586
2011-03-23 06:00:00,81.53023
2011-03-23 07:00:00,63.23005
2011-03-23 08:00:00,66.83965
2011-03-23 09:00:00,82.549576
2011-03-23 10:00:00,93.39974
2011-03-23 11:00:00,73.62892
2011-03-23 12:00:00,79.72722
2011-03-23 13:00:00,75.853615
2011-03-23 14:00:00,86.42132
2011-03-23 15:00:00,120.87676
2011-03-23 16:00:00,142.90068
2011-03-23 17:00:00,142.90068
2011-03-23 18:00:00,104.761
2011-03-23 19:00:00,104.761
2011-03-23 20:00:00,49.662186
2011-03-23 21:00:00,56.47001
2011-03-23 22:00:00,64.98919
2011-03-23 23:00:00,86.74312
2011-03-24 00:00:00,63.23005
2011-03-24 01:00:00,61.913933
2011-03-24 02:00:00,61.703934
2011-03-24 03:00:00,55.56675
2011-03-24 04:00:00,55.56675
2011-03-24 05:00:00,60.93817
2011-03-24 06:00:00,60.93817
2011-03-24 07:00:00,48.486343
2011-03-24 08:00:00,48.067787
2011-03-24 09:00:00,58.877556
2011-03-24 10:00:00,46.05555
2011-03-24 11:00:00,70.75524
2011-03-24 12:00:00,94.33926
2011-03-24 13:00:00,98.92434
2011-03-24 14:00:00,81.70333
2011-03-24 15:00:00,98.31401
2011-03-24 16:00:00,104.92895
2011-03-24 17:00:00,93.81696
2011-03-24 18:00:00,106.98043
2011-03-24 19:00:00,126.50994
2011-03-24 20:00:00,115.8673
2011-03-24 21:00:00,106.69172
2011-03-24 22:00:00,124.5216
2011-03-24 23:00:00,131.28008
2011-03-25 00:00:00,124.724525
2011-03-25 01:00:00,137.19003
2011-03-25 02:00:00,126.72555
2011-03-25 03:00:00,123.86346
2011-03-25 04:00:00,106.517006
2011-03-25 05:00:00,125.12069
2011-03-25 06:00:00,110.35645
2011-03-25 07:00:00,96.76096
2011-03-25 08:00:00,115.95256
2011-03-25 09:00:00,123.58379
2011-03-25 10:00:00,50.266617
2011-03-25 11:00:00,148.60321
2011-03-25 12:00:00,153.71492
2011-03-25 13:00:00,146.33783
2011-03-25 14:00:00,195.99994
2011-03-25 15:00:00,166.6442
2011-03-25 16:00:00,178.56735
2011-03-25 17:00:00,169.55118
2011-03-25 18:00:00,154.18369
2011-03-25 19:00:00,164.73451
2011-03-25 20:00:00,174.74773
2011-03-25 21:00:00,159.73982
2011-03-25 22:00:00,154.88507
2011-03-25 23:00:00,149.11261
2011-03-26 00:00:00,130.92746
2011-03-26 01:00:00,143.88681
2011-03-26 02:00:00,111.47372
2011-03-26 03:00:00,114.18404
2011-03-26 04:00:00,111.47375
2011-03-26 05:00:00,95.84438
2011-03-26 06:00:00,57.15148
2011-03-26 07:00:00,95.8444
2011-03-26 08:00:00,126.74697
2011-03-26 09:00:00,130.59964
2011-03-26 10:00:00,127.05276
2011-03-26 11:00:00,139.21674
2011-03-26 12:00:00,165.13171
2011-03-26 13:00:00,171.6837
2011-03-26 14:00:00,222.47997
2011-03-26 15:00:00,233.96463
2011-03-26 16:00:00,285.75964
2011-03-26 17:00:00,259.1516
2011-03-26 18:00:00,249.5841
2011-03-26 19:00:00,99.407585
2011-03-26 20:00:00,99.407585
2011-03-26 21:00:00,98.73419
2011-03-26 22:00:00,112.955055
2011-03-26 23:00:00,97.31484
2011-03-27 00:00:00,111.33278
2011-03-27 01:00:00,60.879517
2011-03-27 02:00:00,43.45687
2011-03-27 03:00:00,33.850327
2011-03-27 04:00:00,27.277351
2011-03-27 06:00:00,26.902164
2011-03-27 07:00:00,25.674438
2011-03-27 08:00:00,21.736113
2011-03-27 09:00:00,74.826485
2011-03-27 10:00:00,49.09014
2011-03-27 11:00:00,72.51248
2011-03-27 12:00:00,97.251656
2011-03-27 13:00:00,149.41872
2011-03-27 14:00:00,171.51192
2011-03-27 15:00:00,162.49701
2011-03-27 16:00:00,265.41846
2011-03-27 17:00:00,186.92981
2011-03-27 18:00:00,168.9761
2011-03-27 19:00:00,181.51675
2011-03-27 20:00:00,153.42096
2011-03-27 21:00:00,127.05276
2011-03-27 22:00:00,127.05276
2011-03-27 23:00:00,113.78595
2011-03-28 00:00:00,119.71014
2011-03-28 01:00:00,123.21938
2011-03-28 02:00:00,120.87672
2011-03-28 03:00:00,120.87672
2011-03-28 05:00:00,136.32811
2011-03-28 06:00:00,150.36151
2011-03-28 07:00:00,164.44363
2011-03-28 08:00:00,138.72098
2011-03-28 09:00:00,162.68198
2011-03-28 10:00:00,200.47134
2011-03-28 11:00:00,185.6772
2011-03-28 12:00:00,180.96445
2011-03-28 13:00:00,207.12555
2011-03-28 14:00:00,231.02518
2011-03-28 15:00:00,258.95844
2011-03-28 16:00:00,236.99762
2011-03-28 17:00:00,273.04575
2011-03-28 18:00:00,269.64685
2011-03-28 19:00:00,197.80737
2011-03-28 20:00:00,211.76758
2011-03-28 21:00:00,227.24792
2011-03-28 22:00:00,226.80502
2011-03-28 23:00:00,234.93797
2011-03-29 00:00:00,190.91228
2011-03-29 01:00:00,164.9243
2011-03-29 02:00:00,164.9243
2011-03-29 03:00:00,164.9243
2011-03-29 04:00:00,129.03606
2011-03-29 05:00:00,144.36627
2011-03-29 06:00:00,142.96089
2011-03-29 07:00:00,147.42773
2011-03-29 08:00:00,164.97627
2011-03-29 09:00:00,191.7182
2011-03-29 10:00:00,244.85406
2011-03-29 11:00:00,191.56998
2011-03-29 12:00:00,213.75089
2011-03-29 13:00:00,252.96762
2011-03-29 14:00:00,256.30963
2011-03-29 15:00:00,269.8132
2011-03-29 16:00:00,273.38354
2011-03-29 17:00:00,296.843
2011-03-29 18:00:00,264.1621
2011-03-29 19:00:00,235.06274
2011-03-29 20:00:00,264.1621
2011-03-29 21:00:00,139.6525
2011-03-29 22:00:00,72.88592
2011-03-29 23:00:00,113.83434
2011-03-30 00:00:00,87.08915
2011-03-30 01:00:00,183.38873
2011-03-30 02:00:00,87.08915
2011-03-30 03:00:00,93.86839
2011-03-30 04:00:00,87.08915
2011-03-30 05:00:00,113.152794
2011-03-30 06:00:00,142.2127
2011-03-30 07:00:00,153.58481
2011-03-30 08:00:00,142.6912
2011-03-30 09:00:00,139.95575
2011-03-30 10:00:00,140.6598
2011-03-30 11:00:00,143.39272
2011-03-30 12:00:00,152.26213
2011-03-30 13:00:00,142.61621
2011-03-30 14:00:00,150.95073
2011-03-30 15:00:00,44.19368
2011-03-30 16:00:00,48.879883
2011-03-30 17:00:00,57.16629
2011-03-30 18:00:00,58.877556
2011-03-30 19:00:00,58.877556
2011-03-30 20:00:00,51.12741
2011-03-30 21:00:00,47.1913
2011-03-30 22:00:00,39.042282
2011-03-30 23:00:00,48.0944
2011-03-31 00:00:00,39.042282
2011-03-31 01:00:00,47.280647
2011-03-31 02:00:00,47.280647
2011-03-31 03:00:00,39.042282
2011-03-31 04:00:00,41.427322
2011-03-31 05:00:00,39.042282
2011-03-31 06:00:00,51.12741
2011-03-31 07:00:00,41.427322
2011-03-31 08:00:00,56.367233
2011-03-31 09:00:00,44.27626
2011-03-31 10:00:00,44.27626
2011-03-31 11:00:00,58.747993
2011-03-31 12:00:00,58.747993
2011-03-31 13:00:00,63.910767
2011-03-31 14:00:00,63.91073
2011-03-31 15:00:00,44.695366
2011-03-31 16:00:00,64.48488
2011-03-31 17:00:00,64.48488
2011-03-31 18:00:00,60.88301
2011-03-31 19:00:00,60.88301
2011-03-31 20:00:00,44.173508
2011-03-31 21:00:00,57.362297
2011-03-31 22:00:00,48.905876
2011-03-31 23:00:00,49.345642
2011-04-20 00:00:00,95.05247
2011-04-20 01:00:00,89.59217
2011-04-20 02:00:00,89.59217
2011-04-20 03:00:00,64.58201
2011-04-20 04:00:00,75.91821
2011-04-20 05:00:00,91.695366
2011-04-20 06:00:00,89.59217
2011-04-20 07:00:00,70.82618
2011-04-20 08:00:00,259.2879
2011-04-20 09:00:00,284.84586
2011-04-20 10:00:00,193.56174
2011-04-20 11:00:00,193.56174
2011-04-20 12:00:00,307.46564
2011-04-20 13:00:00,307.46564
2011-04-20 14:00:00,438.5958
2011-04-20 15:00:00,404.34772
2011-04-20 16:00:00,404.34772
2011-04-20 17:00:00,440.71375
2011-04-20 18:00:00,367.18808
2011-04-20 19:00:00,398.17755
2011-04-20 20:00:00,401.0536
2011-04-20 21:00:00,361.2583
2011-04-20 22:00:00,309.00497
2011-04-20 23:00:00,288.19672
2011-04-21 00:00:00,253.79996
2011-04-21 01:00:00,228.90825
2011-04-21 02:00:00,225.66959
2011-04-21 03:00:00,189.02182
2011-04-21 04:00:00,179.73743
2011-04-21 05:00:00,184.48782
2011-04-21 06:00:00,180.60257
2011-04-21 07:00:00,179.90076
2011-04-21 08:00:00,175.32231
2011-04-21 09:00:00,163.12384
2011-04-21 10:00:00,179.64131
2011-04-21 11:00:00,188.29129
2011-04-21 12:00:00,214.13011
2011-04-21 13:00:00,265.24115
2011-04-21 14:00:00,276.95056
2011-04-21 15:00:00,342.32776
2011-04-21 16:00:00,374.18976
2011-04-21 17:00:00,313.0537
2011-04-21 18:00:00,375.06763
2011-04-21 19:00:00,310.11774
2011-04-21 20:00:00,261.47742
2011-04-21 21:00:00,180.2409
2011-04-21 22:00:00,197.30545
2011-04-21 23:00:00,169.53137
2011-04-22 00:00:00,140.81554
2011-04-22 01:00:00,147.635
2011-04-22 02:00:00,148.4426
2011-04-22 03:00:00,148.4426
2011-04-22 04:00:00,142.96274
2011-04-22 05:00:00,141.50699
2011-04-22 06:00:00,142.96274
2011-04-22 07:00:00,131.93611
2011-04-22 08:00:00,130.89069
2011-04-22 09:00:00,103.261024
2011-04-22 10:00:00,127.419
2011-04-22 11:00:00,92.86667
2011-04-22 12:00:00,94.043755
2011-04-22 13:00:00,67.14833
2011-04-22 14:00:00,61.893074
2011-04-22 15:00:00,67.14833
2011-04-22 16:00:00,75.85362
2011-04-22 17:00:00,59.76126
2011-04-22 18:00:00,59.76126
2011-04-22 19:00:00,59.76126
2011-04-22 20:00:00,57.430786
2011-04-22 21:00:00,63.85292
2011-04-22 22:00:00,63.057907
2011-04-22 23:00:00,75.22132
2011-04-23 00:00:00,27.35221
2011-04-23 01:00:00,27.35221
2011-04-23 02:00:00,33.492577
2011-04-23 03:00:00,39.358536
2011-04-23 04:00:00,48.31453
2011-04-23 05:00:00,48.31453
2011-04-23 06:00:00,30.660673
2011-04-23 07:00:00,30.212297
2011-04-23 08:00:00,32.39823
2011-04-23 09:00:00,52.89264
2011-04-23 10:00:00,61.45633
2011-04-23 11:00:00,67.96819
2011-04-23 12:00:00,163.7213
2011-04-23 13:00:00,165.87039
2011-04-23 14:00:00,208.49591
2011-04-23 15:00:00,261.44693
2011-04-23 16:00:00,227.48123
2011-04-23 17:00:00,249.2842
2011-04-23 18:00:00,138.7731
2011-04-23 19:00:00,164.82486
2011-04-23 20:00:00,115.051476
2011-04-23 21:00:00,162.4234
2011-04-23 22:00:00,178.81064
2011-04-23 23:00:00,103.026764
2011-04-24 00:00:00,110.05262
2011-04-24 01:00:00,69.981026
2011-04-24 02:00:00,69.981026
2011-04-24 03:00:00,65.3154
2011-04-24 04:00:00,65.3154
2011-04-24 05:00:00,65.3154
2011-04-24 06:00:00,65.49455
2011-04-24 07:00:00,65.49455
2011-04-24 08:00:00,71.35383
2011-04-24 09:00:00,128.67424
2011-04-24 10:00:00,135.74997
2011-04-24 11:00:00,202.05026
2011-04-24 12:00:00,301.62167
2011-04-24 13:00:00,341.45435
2011-04-24 14:00:00,357.30386
2011-04-24 15:00:00,314.43896
2011-04-24 16:00:00,411.10117
2011-04-24 17:00:00,322.5628
2011-04-24 18:00:00,181.07498
2011-04-24 19:00:00,178.46042
2011-04-24 20:00:00,178.46042
2011-04-24 21:00:00,110.85067
2011-04-24 22:00:00,106.11628
2011-04-24 23:00:00,108.26769
2011-04-25 00:00:00,153.75139
2011-04-25 01:00:00,106.23906
2011-04-25 02:00:00,106.23906
2011-04-25 03:00:00,123.946175
2011-04-25 04:00:00,118.68572
2011-04-25 05:00:00,99.98508
2011-04-25 06:00:00,112.44166
2011-04-25 07:00:00,126.750404
2011-04-25 08:00:00,128.70538
2011-04-25 09:00:00,158.5068
2011-04-25 10:00:00,248.51175
2011-04-25 11:00:00,248.51175
2011-04-25 12:00:00,259.45837
2011-04-25 13:00:00,317.07373
2011-04-25 14:00:00,346.48615
2011-04-25 15:00:00,371.4886
2011-04-25 16:00:00,292.52084
2011-04-25 17:00:00,307.2954
2011-04-25 18:00:00,288.79095
2011-04-25 19:00:00,272.31052
2011-04-25 20:00:00,284.84586
2011-04-25 21:00:00,250.68195
2011-04-25 22:00:00,244.66968
2011-04-25 23:00:00,234.61993
2011-04-26 00:00:00,253.02849
2011-04-26 01:00:00,248.02129
2011-04-26 02:00:00,220.8515
2011-04-26 03:00:00,204.65845
2011-04-26 04:00:00,216.52487
2011-04-26 05:00:00,196.60548
2011-04-26 06:00:00,188.83609
2011-04-26 07:00:00,233.23792
2011-04-26 08:00:00,233.23785
2011-04-26 09:00:00,276.90472
2011-04-26 10:00:00,282.7955
2011-04-26 11:00:00,296.58804
2011-04-26 12:00:00,310.857
2011-04-26 13:00:00,338.07776
2011-04-26 14:00:00,292.5695
2011-04-26 15:00:00,298.31946
2011-04-26 16:00:00,303.79697
2011-04-26 17:00:00,290.0089
2011-04-26 18:00:00,295.49463
2011-04-26 19:00:00,271.2924
2011-04-26 20:00:00,276.90472
2011-04-26 21:00:00,250.02515
2011-04-26 22:00:00,206.2926
2011-04-26 23:00:00,221.41016
2011-04-27 00:00:00,217.16809
2011-04-27 01:00:00,230.46057
2011-04-27 02:00:00,215.8119
2011-04-27 03:00:00,220.4626
2011-04-27 04:00:00,168.67622
2011-04-27 05:00:00,186.61623
2011-04-27 06:00:00,183.9542
2011-04-27 07:00:00,220.4626
2011-04-27 08:00:00,211.33453
2011-04-27 09:00:00,200.3625
2011-04-27 10:00:00,234.14401
2011-04-27 11:00:00,237.34113
2011-04-27 12:00:00,262.58246
2011-04-27 13:00:00,255.8338
2011-04-27 14:00:00,265.89926
2011-04-27 15:00:00,305.3931
2011-04-27 16:00:00,304.88477
2011-04-27 17:00:00,203.1482
2011-04-27 18:00:00,203.1482
2011-04-27 19:00:00,250.02515
2011-04-27 20:00:00,249.76321
2011-04-27 21:00:00,230.4932
2011-04-27 22:00:00,223.05096
2011-04-27 23:00:00,216.42079
2011-04-28 00:00:00,250.24808
2011-04-28 01:00:00,215.60901
2011-04-28 02:00:00,217.5475
2011-04-28 03:00:00,233.44083
2011-04-28 04:00:00,212.94922
2011-04-28 05:00:00,215.60901
2011-04-28 06:00:00,251.12863
2011-04-28 07:00:00,246.996
2011-04-28 08:00:00,259.26318
2011-04-28 09:00:00,197.22995
2011-04-28 10:00:00,225.62482
2011-04-28 11:00:00,234.14401
2011-04-28 12:00:00,235.95775
2011-04-28 13:00:00,231.67354
2011-04-28 14:00:00,245.58958
2011-04-28 15:00:00,277.58804
2011-04-28 16:00:00,238.93799
2011-04-28 17:00:00,276.0323
2011-04-28 18:00:00,276.0323
2011-04-28 19:00:00,256.75354
2011-04-28 20:00:00,275.2373
2011-04-28 21:00:00,248.74455
2011-04-28 22:00:00,247.9035
2011-04-28 23:00:00,266.29556
2011-04-29 00:00:00,220.89784
2011-04-29 01:00:00,185.7699
2011-04-29 02:00:00,138.81912
2011-04-29 03:00:00,142.98328
2011-04-29 04:00:00,204.83455
2011-04-29 05:00:00,203.39163
2011-04-29 06:00:00,203.85185
2011-04-29 07:00:00,241.66165
2011-04-29 08:00:00,234.25473
2011-04-29 09:00:00,247.34196
2011-04-29 10:00:00,232.65988
2011-04-29 11:00:00,331.0049
2011-04-29 12:00:00,249.3079
2011-04-29 13:00:00,255.2358
2011-04-29 14:00:00,345.19476
2011-04-29 15:00:00,228.85544
2011-04-29 16:00:00,226.55986
2011-04-29 17:00:00,208.54742
2011-04-29 18:00:00,221.42758
2011-04-29 19:00:00,187.64798
2011-04-29 20:00:00,195.72339
2011-04-29 21:00:00,203.2056
2011-04-29 22:00:00,184.06136
2011-04-29 23:00:00,172.56015
2011-04-30 00:00:00,166.62988
2011-04-30 01:00:00,150.41212
2011-04-30 02:00:00,161.89249
2011-04-30 03:00:00,151.29704
2011-04-30 04:00:00,148.59244
2011-04-30 05:00:00,199.16841
2011-04-30 06:00:00,147.499
2011-04-30 07:00:00,189.05966
2011-04-30 08:00:00,166.12119
2011-04-30 09:00:00,206.13026
2011-04-30 10:00:00,224.90924
2011-04-30 11:00:00,241.6047
2011-04-30 12:00:00,252.58531
2011-04-30 13:00:00,299.56888
2011-04-30 14:00:00,310.03998
2011-04-30 15:00:00,378.20557
2011-04-30 16:00:00,384.98724
2011-04-30 17:00:00,288.5712
2011-04-30 18:00:00,271.05704
2011-04-30 19:00:00,271.05704
2011-04-30 20:00:00,100.31569
2011-04-30 21:00:00,100.31569
2011-04-30 22:00:00,81.69295
2011-04-30 23:00:00,81.69295
2011-05-20 00:00:00,91.49556
2011-05-20 01:00:00,71.73969
2011-05-20 02:00:00,84.06694
2011-05-20 03:00:00,65.52718
2011-05-20 04:00:00,87.56899
2011-05-20 05:00:00,88.67257
2011-05-20 06:00:00,94.85949
2011-05-20 07:00:00,157.53065
2011-05-20 08:00:00,114.87817
2011-05-20 09:00:00,220.23972
2011-05-20 10:00:00,227.63031
2011-05-20 11:00:00,253.77948
2011-05-20 12:00:00,224.80273
2011-05-20 13:00:00,221.319
2011-05-20 14:00:00,297.62888
2011-05-20 15:00:00,273.11063
2011-05-20 16:00:00,274.67175
2011-05-20 17:00:00,172.53288
2011-05-20 18:00:00,283.44623
2011-05-20 19:00:00,180.77542
2011-05-20 20:00:00,191.12857
2011-05-20 21:00:00,180.1078
2011-05-20 22:00:00,130.14958
2011-05-20 23:00:00,181.41278
2011-05-21 00:00:00,96.5907
2011-05-21 01:00:00,87.72956
2011-05-21 02:00:00,102.41241
2011-05-21 03:00:00,75.5865
2011-05-21 04:00:00,64.765976
2011-05-21 05:00:00,62.888847
2011-05-21 06:00:00,83.91181
2011-05-21 07:00:00,105.352776
2011-05-21 08:00:00,207.5815
2011-05-21 09:00:00,244.56335
2011-05-21 10:00:00,202.69261
2011-05-21 11:00:00,319.21002
2011-05-21 12:00:00,351.42502
2011-05-21 13:00:00,435.4345
2011-05-21 14:00:00,486.0496
2011-05-21 15:00:00,424.83505
2011-05-21 16:00:00,517.5045
2011-05-21 17:00:00,478.1969
2011-05-21 18:00:00,401.48615
2011-05-21 19:00:00,370.33203
2011-05-21 20:00:00,181.88652
2011-05-21 21:00:00,202.69261
2011-05-21 22:00:00,156.98788
2011-05-21 23:00:00,117.58602
2011-05-22 00:00:00,86.80161
2011-05-22 01:00:00,77.26302
2011-05-22 02:00:00,70.99378
2011-05-22 03:00:00,67.24739
2011-05-22 04:00:00,57.485947
2011-05-22 05:00:00,67.24739
2011-05-22 06:00:00,70.99378
2011-05-22 07:00:00,87.98434
2011-05-22 08:00:00,138.97928
2011-05-22 09:00:00,153.15166
2011-05-22 10:00:00,185.46916
2011-05-22 11:00:00,349.70032
2011-05-22 12:00:00,369.97177
2011-05-22 13:00:00,315.92804
2011-05-22 14:00:00,223.71176
2011-05-22 15:00:00,279.75305
2011-05-22 16:00:00,272.6108
2011-05-22 17:00:00,332.33344
2011-05-22 18:00:00,297.40213
2011-05-22 19:00:00,278.03845
2011-05-22 20:00:00,204.03204
2011-05-22 21:00:00,177.36203
2011-05-22 22:00:00,112.91104
2011-05-22 23:00:00,127.95405
2011-05-23 00:00:00,155.67981
2011-05-23 01:00:00,128.70538
2011-05-23 02:00:00,165.51584
2011-05-23 03:00:00,152.82513
2011-05-23 04:00:00,146.82112
2011-05-23 05:00:00,146.82112
2011-05-23 06:00:00,124.929825
2011-05-23 07:00:00,151.22797
2011-05-23 08:00:00,173.23944
2011-05-23 09:00:00,195.64061
2011-05-23 10:00:00,264.88947
2011-05-23 11:00:00,293.85498
2011-05-23 12:00:00,293.85498
2011-05-23 13:00:00,305.4884
2011-05-23 14:00:00,295.8157
2011-05-23 15:00:00,295.0416
2011-05-23 16:00:00,296.5362
2011-05-23 17:00:00,270.9303
2011-05-23 18:00:00,284.23846
2011-05-23 19:00:00,273.83817
2011-05-23 20:00:00,222.30026
2011-05-23 21:00:00,209.34161
2011-05-23 22:00:00,173.09656
2011-05-23 23:00:00,194.43863
2011-05-24 00:00:00,152.90851
2011-05-24 01:00:00,137.05399
2011-05-24 02:00:00,152.90851
2011-05-24 03:00:00,158.65616
2011-05-24 04:00:00,139.7476
2011-05-24 05:00:00,197.3364
2011-05-24 06:00:00,173.07928
2011-05-24 07:00:00,224.11462
2011-05-24 08:00:00,216.58887
2011-05-24 09:00:00,250.03241
2011-05-24 10:00:00,289.11835
2011-05-24 11:00:00,371.4886
2011-05-24 12:00:00,353.39526
2011-05-24 13:00:00,409.71765
2011-05-24 14:00:00,415.66956
2011-05-24 15:00:00,289.9235
2011-05-24 16:00:00,261.06104
2011-05-24 17:00:00,296.71014
2011-05-24 18:00:00,276.11304
2011-05-24 19:00:00,247.18033
2011-05-24 20:00:00,183.68127
2011-05-24 21:00:00,164.69252
2011-05-24 22:00:00,201.10272
2011-05-24 23:00:00,250.40451
2011-05-25 00:00:00,207.73734
2011-05-25 01:00:00,187.26454
2011-05-25 02:00:00,155.38092
2011-05-25 03:00:00,113.31006
2011-05-25 04:00:00,108.59605
2011-05-25 05:00:00,134.15569
2011-05-25 06:00:00,113.48136
2011-05-25 07:00:00,197.73758
2011-05-25 08:00:00,257.49008
2011-05-25 09:00:00,243.5007
2011-05-25 10:00:00,288.94247
2011-05-25 11:00:00,324.875
2011-05-25 12:00:00,346.87134
2011-05-25 13:00:00,346.87134
2011-05-25 14:00:00,350.4289
2011-05-25 15:00:00,393.82236
2011-05-25 16:00:00,368.20038
2011-05-25 17:00:00,371.4886
2011-05-25 18:00:00,338.95874
2011-05-25 19:00:00,308.4221
2011-05-25 20:00:00,313.71204
2011-05-25 21:00:00,235.7877
2011-05-25 22:00:00,278.8996
2011-05-25 23:00:00,206.42084
2011-05-26 00:00:00,206.42087
2011-05-26 01:00:00,206.42087
2011-05-26 02:00:00,154.74757
2011-05-26 03:00:00,140.57573
2011-05-26 04:00:00,145.55566
2011-05-26 05:00:00,165.1341
2011-05-26 06:00:00,127.16349
2011-05-26 07:00:00,199.92339
2011-05-26 08:00:00,204.86949
2011-05-26 09:00:00,291.63205
2011-05-26 10:00:00,284.23846
2011-05-26 11:00:00,343.41473
2011-05-26 12:00:00,334.20245
2011-05-26 13:00:00,380.8215
2011-05-26 14:00:00,380.8215
2011-05-26 15:00:00,357.27197
2011-05-26 16:00:00,334.47803
2011-05-26 17:00:00,366.4349
2011-05-26 18:00:00,358.98056
2011-05-26 19:00:00,369.7149
2011-05-26 20:00:00,328.3965
2011-05-26 21:00:00,304.9251
2011-05-26 22:00:00,289.7877
2011-05-26 23:00:00,313.42145
2011-05-27 00:00:00,295.29974
2011-05-27 01:00:00,308.34412
2011-05-27 02:00:00,313.79547
2011-05-27 03:00:00,231.66571
2011-05-27 04:00:00,224.62848
2011-05-27 05:00:00,260.1422
2011-05-27 06:00:00,195.42976
2011-05-27 07:00:00,226.80713
2011-05-27 08:00:00,256.315
2011-05-27 09:00:00,316.49557
2011-05-27 10:00:00,309.74832
2011-05-27 11:00:00,287.8893
2011-05-27 12:00:00,332.08945
2011-05-27 13:00:00,344.14758
2011-05-27 14:00:00,377.97867
2011-05-27 15:00:00,399.65027
2011-05-27 16:00:00,307.46375
2011-05-27 17:00:00,319.68945
2011-05-27 18:00:00,296.5362
2011-05-27 19:00:00,203.1427
2011-05-27 20:00:00,242.41028
2011-05-27 21:00:00,149.9983
2011-05-27 22:00:00,178.97475
2011-05-27 23:00:00,137.7204
2011-05-28 00:00:00,102.39098
2011-05-28 01:00:00,100.67754
2011-05-28 02:00:00,82.938545
2011-05-28 03:00:00,107.88651
2011-05-28 04:00:00,128.67424
2011-05-28 05:00:00,107.88651
2011-05-28 06:00:00,160.67738
2011-05-28 07:00:00,170.5104
2011-05-28 08:00:00,163.2992
2011-05-28 09:00:00,221.12056
2011-05-28 10:00:00,297.0805
2011-05-28 11:00:00,297.0805
2011-05-28 12:00:00,340.7846
2011-05-28 13:00:00,331.8615
2011-05-28 14:00:00,354.58948
2011-05-28 15:00:00,370.5956
2011-05-28 16:00:00,371.87305
2011-05-28 17:00:00,368.97107
2011-05-28 18:00:00,341.09802
2011-05-28 19:00:00,278.0542
2011-05-28 20:00:00,297.0805
2011-05-28 21:00:00,257.57278
2011-05-28 22:00:00,188.57645
2011-05-28 23:00:00,134.466
2011-05-29 00:00:00,157.10909
2011-05-29 01:00:00,102.059944
2011-05-29 02:00:00,108.001144
2011-05-29 03:00:00,108.001144
2011-05-29 04:00:00,97.44776
2011-05-29 05:00:00,75.60132
2011-05-29 06:00:00,119.14405
2011-05-29 07:00:00,152.42352
2011-05-29 08:00:00,136.32394
2011-05-29 09:00:00,119.29635
2011-05-29 10:00:00,179.97441
2011-05-29 11:00:00,212.82169
2011-05-29 12:00:00,240.14915
2011-05-29 13:00:00,328.22327
2011-05-29 14:00:00,340.4809
2011-05-29 15:00:00,353.49078
2011-05-29 16:00:00,340.4809
2011-05-29 17:00:00,340.4809
2011-05-29 18:00:00,311.2823
2011-05-29 19:00:00,287.17358
2011-05-29 20:00:00,200.44171
2011-05-29 21:00:00,157.5004
2011-05-29 22:00:00,117.76142
2011-05-29 23:00:00,113.73009
2011-05-30 00:00:00,121.24926
2011-05-30 01:00:00,92.65692
2011-05-30 02:00:00,121.24926
2011-05-30 03:00:00,121.24926
2011-05-30 04:00:00,97.68244
2011-05-30 05:00:00,89.56622
2011-05-30 06:00:00,95.834045
2011-05-30 07:00:00,81.07676
2011-05-30 08:00:00,124.062126
2011-05-30 09:00:00,251.06427
2011-05-30 10:00:00,382.33453
2011-05-30 11:00:00,357.94315
2011-05-30 12:00:00,298.13376
2011-05-30 13:00:00,296.69916
2011-05-30 14:00:00,325.6313
2011-05-30 15:00:00,358.58014
2011-05-30 16:00:00,385.50067
2011-05-30 17:00:00,351.69986
2011-05-30 18:00:00,331.29053
2011-05-30 19:00:00,224.4395
2011-05-30 20:00:00,293.9186
2011-05-30 21:00:00,326.18524
2011-05-30 22:00:00,291.8213
2011-05-30 23:00:00,177.8772
2011-05-31 00:00:00,196.6623
2011-05-31 01:00:00,174.66385
2011-05-31 02:00:00,172.01791
2011-05-31 03:00:00,167.52356
2011-05-31 04:00:00,165.30832
2011-05-31 05:00:00,165.30832
2011-05-31 06:00:00,181.70322
2011-05-31 07:00:00,306.63242
2011-05-31 08:00:00,376.0337
2011-05-31 09:00:00,382.51587
2011-05-31 10:00:00,357.67798
2011-05-31 11:00:00,191.86125
2011-05-31 12:00:00,188.66556
2011-05-31 13:00:00,231.62207
2011-05-31 14:00:00,256.61273
2011-05-31 15:00:00,246.23428
2011-05-31 16:00:00,219.15897
2011-05-31 17:00:00,317.8504
2011-05-31 18:00:00,278.80508
2011-05-31 19:00:00,355.04703
2011-05-31 20:00:00,355.04703
2011-05-31 21:00:00,334.85944
2011-05-31 22:00:00,305.6819
2011-05-31 23:00:00,214.28821
2011-06-20 00:00:00,198.30704
2011-06-20 01:00:00,153.76013
2011-06-20 02:00:00,153.76013
2011-06-20 03:00:00,187.62012
2011-06-20 04:00:00,184.54977
2011-06-20 05:00:00,178.29153
2011-06-20 06:00:00,183.48065
2011-06-20 07:00:00,172.87665
2011-06-20 08:00:00,179.05276
2011-06-20 09:00:00,228.78067
2011-06-20 10:00:00,228.78067
2011-06-20 11:00:00,165.44354
2011-06-20 12:00:00,215.71059
2011-06-20 13:00:00,229.51929
2011-06-20 14:00:00,269.37637
2011-06-20 15:00:00,287.63608
2011-06-20 16:00:00,317.8842
2011-06-20 17:00:00,203.77551
2011-06-20 18:00:00,328.95956
2011-06-20 19:00:00,293.34607
2011-06-20 20:00:00,265.93814
2011-06-20 21:00:00,226.80713
2011-06-20 22:00:00,251.72844
2011-06-20 23:00:00,238.93799
2011-06-21 00:00:00,146.44406
2011-06-21 01:00:00,189.19135
2011-06-21 02:00:00,162.18901
2011-06-21 03:00:00,162.18901
2011-06-21 04:00:00,117.53269
2011-06-21 05:00:00,123.1829
2011-06-21 06:00:00,123.1829
2011-06-21 07:00:00,80.91331
2011-06-21 08:00:00,121.746376
2011-06-21 09:00:00,176.09604
2011-06-21 10:00:00,153.70564
2011-06-21 11:00:00,136.45583
2011-06-21 12:00:00,224.89606
2011-06-21 13:00:00,298.7852
2011-06-21 14:00:00,325.64618
2011-06-21 15:00:00,336.05267
2011-06-21 16:00:00,357.22626
2011-06-21 17:00:00,328.8322
2011-06-21 18:00:00,320.31436
2011-06-21 19:00:00,309.89972
2011-06-21 20:00:00,302.44974
2011-06-21 21:00:00,271.2284
2011-06-21 22:00:00,158.53249
2011-06-21 23:00:00,188.14896
2011-06-22 00:00:00,173.71432
2011-06-22 01:00:00,135.93161
2011-06-22 02:00:00,94.75123
2011-06-22 03:00:00,135.93161
2011-06-22 04:00:00,95.45228
2011-06-22 05:00:00,91.2202
2011-06-22 06:00:00,96.3202
2011-06-22 07:00:00,124.68995
2011-06-22 08:00:00,217.10751
2011-06-22 09:00:00,216.50494
2011-06-22 10:00:00,297.338
2011-06-22 11:00:00,280.97742
2011-06-22 12:00:00,351.77072
2011-06-22 13:00:00,369.09247
2011-06-22 14:00:00,364.59375
2011-06-22 15:00:00,358.82898
2011-06-22 16:00:00,292.1504
2011-06-22 17:00:00,298.16776
2011-06-22 18:00:00,352.75232
2011-06-22 19:00:00,364.2253
2011-06-22 20:00:00,248.54463
2011-06-22 21:00:00,230.02548
2011-06-22 22:00:00,260.84488
2011-06-22 23:00:00,278.77362
2011-06-23 00:00:00,244.01239
2011-06-23 01:00:00,272.41107
2011-06-23 02:00:00,272.41107
2011-06-23 03:00:00,280.1349
2011-06-23 04:00:00,197.15857
2011-06-23 05:00:00,253.79141
2011-06-23 06:00:00,253.79132
2011-06-23 07:00:00,261.79523
2011-06-23 08:00:00,300.78635
2011-06-23 09:00:00,274.55164
2011-06-23 10:00:00,288.2441
2011-06-23 11:00:00,302.95538
2011-06-23 12:00:00,305.84363
2011-06-23 13:00:00,308.67377
2011-06-23 14:00:00,289.61523
2011-06-23 15:00:00,278.6635
2011-06-23 16:00:00,281.6355
2011-06-23 17:00:00,260.03177
2011-06-23 18:00:00,287.6039
2011-06-23 19:00:00,274.45322
2011-06-23 20:00:00,257.3449
2011-06-23 21:00:00,241.63356
2011-06-23 22:00:00,282.25568
2011-06-23 23:00:00,254.1579
2011-06-24 00:00:00,187.82619
2011-06-24 01:00:00,236.23918
2011-06-24 02:00:00,236.23918
2011-06-24 03:00:00,136.45583
2011-06-24 04:00:00,117.84876
2011-06-24 05:00:00,100.40687
2011-06-24 06:00:00,127.7654
2011-06-24 07:00:00,194.74915
2011-06-24 08:00:00,257.3449
2011-06-24 09:00:00,285.3562
2011-06-24 10:00:00,314.52887
2011-06-24 11:00:00,323.21002
2011-06-24 12:00:00,329.55298
2011-06-24 13:00:00,382.81366
2011-06-24 14:00:00,382.48206
2011-06-24 15:00:00,339.08698
2011-06-24 16:00:00,410.19946
2011-06-24 17:00:00,415.3991
2011-06-24 18:00:00,401.80347
2011-06-24 19:00:00,427.7066
2011-06-24 20:00:00,378.92572
2011-06-24 21:00:00,331.63837
2011-06-24 22:00:00,291.6667
2011-06-24 23:00:00,292.38312
2011-06-25 00:00:00,397.74506
2011-06-25 01:00:00,342.27203
2011-06-25 02:00:00,294.16357
2011-06-25 03:00:00,245.86108
2011-06-25 04:00:00,245.86108
2011-06-25 05:00:00,163.22528
2011-06-25 06:00:00,258.48975
2011-06-25 07:00:00,284.3747
2011-06-25 08:00:00,387.91943
2011-06-25 09:00:00,455.15106
2011-06-25 10:00:00,451.0311
2011-06-25 11:00:00,520.55145
2011-06-25 12:00:00,554.3118
2011-06-25 13:00:00,554.3118
2011-06-25 14:00:00,464.21817
2011-06-25 15:00:00,505.41632
2011-06-25 16:00:00,503.74335
2011-06-25 17:00:00,504.77695
2011-06-25 18:00:00,455.15106
2011-06-25 19:00:00,395.6307
2011-06-25 20:00:00,387.63412
2011-06-25 21:00:00,339.1666
2011-06-25 22:00:00,397.14667
2011-06-25 23:00:00,303.42694
2011-06-26 00:00:00,290.0575
2011-06-26 01:00:00,272.3627
2011-06-26 02:00:00,216.7978
2011-06-26 03:00:00,139.40573
2011-06-26 04:00:00,145.84549
2011-06-26 05:00:00,196.92143
2011-06-26 06:00:00,196.92143
2011-06-26 07:00:00,206.67963
2011-06-26 08:00:00,221.88037
2011-06-26 09:00:00,277.53766
2011-06-26 10:00:00,385.0121
2011-06-26 11:00:00,462.14563
2011-06-26 12:00:00,555.5326
2011-06-26 13:00:00,535.5635
2011-06-26 14:00:00,545.85406
2011-06-26 15:00:00,535.5635
2011-06-26 16:00:00,507.13242
2011-06-26 17:00:00,487.07858
2011-06-26 18:00:00,404.9261
2011-06-26 19:00:00,357.93045
2011-06-26 20:00:00,349.9397
2011-06-26 21:00:00,243.79187
2011-06-26 22:00:00,400.83176
2011-06-26 23:00:00,298.43237
2011-06-27 00:00:00,215.52089
2011-06-27 01:00:00,154.52528
2011-06-27 02:00:00,182.09245
2011-06-27 03:00:00,182.09245
2011-06-27 04:00:00,140.36774
2011-06-27 05:00:00,144.82248
2011-06-27 06:00:00,162.05353
2011-06-27 07:00:00,239.4657
2011-06-27 08:00:00,201.95624
2011-06-27 09:00:00,218.56058
2011-06-27 10:00:00,252.35782
2011-06-27 11:00:00,141.186
2011-06-27 12:00:00,218.56058
2011-06-27 13:00:00,297.70444
2011-06-27 14:00:00,216.17433
2011-06-27 15:00:00,216.7721
2011-06-27 16:00:00,263.94003
2011-06-27 17:00:00,290.05444
2011-06-27 18:00:00,293.7049
2011-06-27 19:00:00,302.50742
2011-06-27 20:00:00,238.41663
2011-06-27 21:00:00,146.78325
2011-06-27 22:00:00,128.57776
2011-06-27 23:00:00,128.57776
2011-06-28 00:00:00,159.87695
2011-06-28 01:00:00,109.02599
2011-06-28 02:00:00,141.28261
2011-06-28 03:00:00,141.28261
2011-06-28 04:00:00,109.02599
2011-06-28 05:00:00,94.75123
2011-06-28 06:00:00,136.45583
2011-06-28 07:00:00,175.33032
2011-06-28 08:00:00,189.4126
2011-06-28 09:00:00,162.8643
2011-06-28 10:00:00,310.00604
2011-06-28 11:00:00,346.2073
2011-06-28 12:00:00,270.84436
2011-06-28 13:00:00,351.15796
2011-06-28 14:00:00,275.6855
2011-06-28 15:00:00,337.35852
2011-06-28 16:00:00,294.51184
2011-06-28 17:00:00,337.6275
2011-06-28 18:00:00,314.75174
2011-06-28 19:00:00,293.6433
2011-06-28 20:00:00,163.38335
2011-06-28 21:00:00,301.29727
2011-06-28 22:00:00,260.23724
2011-06-28 23:00:00,267.42548
2011-06-29 00:00:00,232.74866
2011-06-29 01:00:00,233.2101
2011-06-29 02:00:00,183.09552
2011-06-29 03:00:00,140.73859
2011-06-29 04:00:00,121.998436
2011-06-29 05:00:00,144.36813
2011-06-29 06:00:00,237.27156
2011-06-29 07:00:00,306.89862
2011-06-29 08:00:00,308.89456
2011-06-29 09:00:00,323.48422
2011-06-29 10:00:00,431.78342
2011-06-29 11:00:00,426.88565
2011-06-29 12:00:00,419.36252
2011-06-29 13:00:00,364.9406
2011-06-29 14:00:00,402.73737
2011-06-29 15:00:00,388.31525
2011-06-29 16:00:00,397.13794
2011-06-29 17:00:00,384.26093
2011-06-29 18:00:00,381.07434
2011-06-29 19:00:00,438.9136
2011-06-29 20:00:00,429.79245
2011-06-29 21:00:00,424.12164
2011-06-29 22:00:00,396.85583
2011-06-29 23:00:00,348.71796
2011-06-30 00:00:00,297.35175
2011-06-30 01:00:00,262.00375
2011-06-30 02:00:00,243.99219
2011-06-30 03:00:00,247.4567
2011-06-30 04:00:00,201.36069
2011-06-30 05:00:00,229.54494
2011-06-30 06:00:00,219.04488
2011-06-30 07:00:00,252.45547
2011-06-30 08:00:00,352.2251
2011-06-30 09:00:00,414.5525
2011-06-30 10:00:00,405.36438
2011-06-30 11:00:00,373.08478
2011-06-30 12:00:00,405.23
2011-06-30 13:00:00,423.42227
2011-06-30 14:00:00,416.23068
2011-06-30 15:00:00,435.77524
2011-06-30 16:00:00,381.2209
2011-06-30 17:00:00,410.30618
2011-06-30 18:00:00,434.99573
2011-06-30 19:00:00,422.4156
2011-06-30 20:00:00,422.4156
2011-06-30 21:00:00,348.3006
2011-06-30 22:00:00,375.52936
2011-06-30 23:00:00,264.60806
2011-07-20 00:00:00,140.38217
2011-07-20 01:00:00,115.86976
2011-07-20 02:00:00,115.86976
2011-07-20 03:00:00,140.38217
2011-07-20 04:00:00,100.97607
2011-07-20 05:00:00,131.72704
2011-07-20 06:00:00,143.98631
2011-07-20 07:00:00,163.64629
2011-07-20 08:00:00,165.20885
2011-07-20 09:00:00,235.41171
2011-07-20 10:00:00,189.02779
2011-07-20 11:00:00,302.86768
2011-07-20 12:00:00,244.3414
2011-07-20 13:00:00,299.70517
2011-07-20 14:00:00,250.2135
2011-07-20 15:00:00,205.19
2011-07-20 16:00:00,269.71216
2011-07-20 17:00:00,331.00177
2011-07-20 18:00:00,346.92737
2011-07-20 19:00:00,348.65118
2011-07-20 20:00:00,317.16052
2011-07-20 21:00:00,342.9456
2011-07-20 22:00:00,320.32352
2011-07-20 23:00:00,298.51865
2011-07-21 00:00:00,319.1194
2011-07-21 01:00:00,272.06567
2011-07-21 02:00:00,272.06567
2011-07-21 03:00:00,239.06404
2011-07-21 04:00:00,191.59521
2011-07-21 05:00:00,191.59521
2011-07-21 06:00:00,191.59521
2011-07-21 07:00:00,218.08398
2011-07-21 08:00:00,296.4426
2011-07-21 09:00:00,328.39084
2011-07-21 10:00:00,341.1655
2011-07-21 11:00:00,338.83167
2011-07-21 12:00:00,327.00366
2011-07-21 13:00:00,297.82785
2011-07-21 14:00:00,301.30106
2011-07-21 15:00:00,229.97734
2011-07-21 16:00:00,239.63277
2011-07-21 17:00:00,250.51135
2011-07-21 18:00:00,242.61633
2011-07-21 19:00:00,352.38647
2011-07-21 20:00:00,335.41254
2011-07-21 21:00:00,318.13507
2011-07-21 22:00:00,339.96762
2011-07-21 23:00:00,332.48465
2011-07-22 00:00:00,321.64557
2011-07-22 01:00:00,236.72241
2011-07-22 02:00:00,285.8359
2011-07-22 03:00:00,295.86923
2011-07-22 04:00:00,251.70374
2011-07-22 05:00:00,193.84727
2011-07-22 06:00:00,242.75024
2011-07-22 07:00:00,293.58377
2011-07-22 08:00:00,350.4541
2011-07-22 09:00:00,232.61511
2011-07-22 10:00:00,143.84683
2011-07-22 11:00:00,150.87274
2011-07-22 12:00:00,196.15654
2011-07-22 13:00:00,190.84436
2011-07-22 14:00:00,223.07132
2011-07-22 15:00:00,235.43944
2011-07-22 16:00:00,341.16223
2011-07-22 17:00:00,187.46768
2011-07-22 18:00:00,292.2867
2011-07-22 19:00:00,392.28943
2011-07-22 20:00:00,269.71216
2011-07-22 21:00:00,259.3803
2011-07-22 22:00:00,357.96918
2011-07-22 23:00:00,344.68848
2011-07-23 00:00:00,316.33167
2011-07-23 01:00:00,289.21744
2011-07-23 02:00:00,424.5876
2011-07-23 03:00:00,258.54944
2011-07-23 04:00:00,243.34178
2011-07-23 05:00:00,292.85706
2011-07-23 06:00:00,288.69595
2011-07-23 07:00:00,294.0797
2011-07-23 08:00:00,377.31055
2011-07-23 09:00:00,344.92987
2011-07-23 10:00:00,370.00177
2011-07-23 11:00:00,362.2457
2011-07-23 12:00:00,342.7774
2011-07-23 13:00:00,315.4868
2011-07-23 14:00:00,348.12622
2011-07-23 15:00:00,399.15634
2011-07-23 16:00:00,322.0412
2011-07-23 17:00:00,322.0412
2011-07-23 18:00:00,330.094
2011-07-23 19:00:00,342.09396
2011-07-23 20:00:00,334.4268
2011-07-23 21:00:00,334.4268
2011-07-23 22:00:00,324.95856
2011-07-23 23:00:00,279.26862
2011-07-24 00:00:00,279.26862
2011-07-24 01:00:00,266.59927
2011-07-24 02:00:00,289.9302
2011-07-24 03:00:00,289.9302
2011-07-24 04:00:00,266.59927
2011-07-24 05:00:00,258.54944
2011-07-24 06:00:00,314.75977
2011-07-24 07:00:00,305.8582
2011-07-24 08:00:00,364.73035
2011-07-24 09:00:00,413.1443
2011-07-24 10:00:00,457.36002
2011-07-24 11:00:00,379.27728
2011-07-24 12:00:00,281.25427
2011-07-24 13:00:00,348.16922
2011-07-24 14:00:00,396.0163
2011-07-24 15:00:00,343.3062
2011-07-24 16:00:00,343.3062
2011-07-24 17:00:00,366.8899
2011-07-24 18:00:00,329.74603
2011-07-24 19:00:00,329.20218
2011-07-24 20:00:00,344.92987
2011-07-24 21:00:00,300.07184
2011-07-24 22:00:00,274.4138
2011-07-24 23:00:00,213.4536
2011-07-25 00:00:00,193.53386
2011-07-25 01:00:00,262.97357
2011-07-25 02:00:00,214.25342
2011-07-25 03:00:00,152.22546
2011-07-25 04:00:00,158.78937
2011-07-25 05:00:00,158.78937
2011-07-25 06:00:00,188.95149
2011-07-25 07:00:00,186.40169
2011-07-25 08:00:00,209.92809
2011-07-25 09:00:00,238.18542
2011-07-25 10:00:00,244.3414
2011-07-25 11:00:00,351.39606
2011-07-25 12:00:00,351.39606
2011-07-25 13:00:00,274.89075
2011-07-25 14:00:00,260.84482
2011-07-25 15:00:00,258.7503
2011-07-25 16:00:00,205.374
2011-07-25 17:00:00,156.79005
2011-07-25 18:00:00,221.33679
2011-07-25 19:00:00,235.41171
2011-07-25 20:00:00,235.34174
2011-07-25 21:00:00,115.86976
2011-07-25 22:00:00,115.86976
2011-07-25 23:00:00,136.15631
2011-07-26 00:00:00,158.53252
2011-07-26 01:00:00,158.53252
2011-07-26 02:00:00,124.82959
2011-07-26 03:00:00,132.07355
2011-07-26 04:00:00,140.3193
2011-07-26 05:00:00,106.682755
2011-07-26 06:00:00,196.19516
2011-07-26 07:00:00,288.14465
2011-07-26 08:00:00,317.40054
2011-07-26 09:00:00,396.4057
2011-07-26 10:00:00,406.69196
2011-07-26 11:00:00,357.63025
2011-07-26 12:00:00,336.33392
2011-07-26 13:00:00,360.10693
2011-07-26 14:00:00,356.06552
2011-07-26 15:00:00,348.3936
2011-07-26 16:00:00,331.52576
2011-07-26 17:00:00,309.17145
2011-07-26 18:00:00,326.11627
2011-07-26 19:00:00,299.23688
2011-07-26 20:00:00,348.6341
2011-07-26 21:00:00,369.87335
2011-07-26 22:00:00,304.2646
2011-07-26 23:00:00,278.30927
2011-07-27 00:00:00,308.13394
2011-07-27 01:00:00,360.59595
2011-07-27 02:00:00,323.38583
2011-07-27 03:00:00,297.67847
2011-07-27 04:00:00,328.61768
2011-07-27 05:00:00,284.82657
2011-07-27 06:00:00,306.89862
2011-07-27 07:00:00,366.31247
2011-07-27 08:00:00,434.20074
2011-07-27 09:00:00,419.36252
2011-07-27 10:00:00,365.64734
2011-07-27 11:00:00,373.78143
2011-07-27 12:00:00,376.5376
2011-07-27 13:00:00,373.7238
2011-07-27 14:00:00,384.43768
2011-07-27 15:00:00,366.9018
2011-07-27 16:00:00,379.99844
2011-07-27 17:00:00,403.85794
2011-07-27 18:00:00,369.17462
2011-07-27 19:00:00,360.24738
2011-07-27 20:00:00,412.63458
2011-07-27 21:00:00,338.3299
2011-07-27 22:00:00,303.42255
2011-07-27 23:00:00,348.9477
2011-07-28 00:00:00,302.34534
2011-07-28 01:00:00,282.7334
2011-07-28 02:00:00,264.3208
2011-07-28 03:00:00,214.5922
2011-07-28 04:00:00,242.5979
2011-07-28 05:00:00,238.41663
2011-07-28 06:00:00,188.07538
2011-07-28 07:00:00,267.11237
2011-07-28 08:00:00,298.7852
2011-07-28 09:00:00,344.45078
2011-07-28 10:00:00,358.432
2011-07-28 11:00:00,371.93536
2011-07-28 12:00:00,296.99078
2011-07-28 13:00:00,275.24567
2011-07-28 14:00:00,354.04266
2011-07-28 15:00:00,220.54639
2011-07-28 16:00:00,238.38129
2011-07-28 17:00:00,251.41245
2011-07-28 18:00:00,320.8725
2011-07-28 19:00:00,346.94016
2011-07-28 20:00:00,344.68848
2011-07-28 21:00:00,318.45605
2011-07-28 22:00:00,310.6465
2011-07-28 23:00:00,297.0169
2011-07-29 00:00:00,230.02548
2011-07-29 01:00:00,212.50075
2011-07-29 02:00:00,152.22546
2011-07-29 03:00:00,152.22546
2011-07-29 04:00:00,179.42975
2011-07-29 05:00:00,146.3633
2011-07-29 06:00:00,180.75494
2011-07-29 07:00:00,214.25342
2011-07-29 08:00:00,224.58203
2011-07-29 09:00:00,275.24567
2011-07-29 10:00:00,282.02887
2011-07-29 11:00:00,272.33487
2011-07-29 12:00:00,318.97818
2011-07-29 13:00:00,302.92035
2011-07-29 14:00:00,307.58878
2011-07-29 15:00:00,316.7435
2011-07-29 16:00:00,334.2314
2011-07-29 17:00:00,327.2851
2011-07-29 18:00:00,304.3882
2011-07-29 19:00:00,261.46277
2011-07-29 20:00:00,303.64117
2011-07-29 21:00:00,283.4653
2011-07-29 22:00:00,338.7999
2011-07-29 23:00:00,312.0316
2011-07-30 00:00:00,332.63443
2011-07-30 01:00:00,305.1051
2011-07-30 02:00:00,315.63016
2011-07-30 03:00:00,301.1925
2011-07-30 04:00:00,234.70694
2011-07-30 05:00:00,292.86108
2011-07-30 06:00:00,305.32245
2011-07-30 07:00:00,307.96732
2011-07-30 08:00:00,322.03928
2011-07-30 09:00:00,449.5761
2011-07-30 10:00:00,452.81793
2011-07-30 11:00:00,432.27356
2011-07-30 12:00:00,436.48175
2011-07-30 13:00:00,497.4657
2011-07-30 14:00:00,442.7289
2011-07-30 15:00:00,365.2996
2011-07-30 16:00:00,371.74597
2011-07-30 17:00:00,376.64966
2011-07-30 18:00:00,397.08365
2011-07-30 19:00:00,559.73804
2011-07-30 20:00:00,440.79724
2011-07-30 21:00:00,342.21402
2011-07-30 22:00:00,306.3305
2011-07-30 23:00:00,305.10504
2011-07-31 00:00:00,305.1051
2011-07-31 01:00:00,244.52612
2011-07-31 02:00:00,205.491
2011-07-31 03:00:00,231.71109
2011-07-31 04:00:00,203.40826
2011-07-31 05:00:00,208.18643
2011-07-31 06:00:00,211.1429
2011-07-31 07:00:00,308.18253
2011-07-31 08:00:00,335.23456
2011-07-31 09:00:00,468.02826
2011-07-31 10:00:00,445.68
2011-07-31 11:00:00,409.7409
2011-07-31 12:00:00,376.70822
2011-07-31 13:00:00,372.75946
2011-07-31 14:00:00,370.16867
2011-07-31 15:00:00,413.78662
2011-07-31 16:00:00,405.7447
2011-07-31 17:00:00,301.18958
2011-07-31 18:00:00,388.74976
2011-07-31 19:00:00,380.4048
2011-07-31 20:00:00,380.4048
2011-07-31 21:00:00,337.74402
2011-07-31 22:00:00,320.15457
2011-07-31 23:00:00,295.2934
2011-08-20 00:00:00,46.455338
2011-08-20 01:00:00,71.82141
2011-08-20 02:00:00,112.81296
2011-08-20 03:00:00,112.81296
2011-08-20 04:00:00,55.05674
2011-08-20 05:00:00,57.427032
2011-08-20 06:00:00,88.543076
2011-08-20 07:00:00,71.8214
2011-08-20 08:00:00,176.12915
2011-08-20 09:00:00,211.49997
2011-08-20 10:00:00,245.76846
2011-08-20 11:00:00,278.0909
2011-08-20 12:00:00,308.18253
2011-08-20 13:00:00,331.42883
2011-08-20 14:00:00,352.97983
2011-08-20 15:00:00,450.6796
2011-08-20 16:00:00,395.63702
2011-08-20 17:00:00,352.97983
2011-08-20 18:00:00,313.92664
2011-08-20 19:00:00,302.5313
2011-08-20 20:00:00,297.40186
2011-08-20 21:00:00,236.68956
2011-08-20 22:00:00,180.32141
2011-08-20 23:00:00,129.03595
2011-08-21 00:00:00,154.02644
2011-08-21 01:00:00,147.2013
2011-08-21 02:00:00,124.48347
2011-08-21 03:00:00,120.1137
2011-08-21 04:00:00,135.68759
2011-08-21 05:00:00,141.74397
2011-08-21 06:00:00,130.03134
2011-08-21 07:00:00,193.4895
2011-08-21 08:00:00,162.71202
2011-08-21 09:00:00,203.1131
2011-08-21 10:00:00,257.51794
2011-08-21 11:00:00,339.48083
2011-08-21 12:00:00,357.29523
2011-08-21 13:00:00,389.61697
2011-08-21 14:00:00,238.90607
2011-08-21 15:00:00,194.44904
2011-08-21 16:00:00,130.21973
2011-08-21 17:00:00,124.45496
2011-08-21 18:00:00,201.30176
2011-08-21 19:00:00,268.1898
2011-08-21 20:00:00,185.91125
2011-08-21 21:00:00,185.91125
2011-08-21 22:00:00,152.57695
2011-08-21 23:00:00,131.22556
2011-08-22 00:00:00,167.02129
2011-08-22 01:00:00,130.01077
2011-08-22 02:00:00,238.98932
2011-08-22 03:00:00,249.07645
2011-08-22 04:00:00,270.2193
2011-08-22 05:00:00,247.79114
2011-08-22 06:00:00,230.07394
2011-08-22 07:00:00,237.83759
2011-08-22 08:00:00,237.83759
2011-08-22 09:00:00,293.2744
2011-08-22 10:00:00,308.89456
2011-08-22 11:00:00,428.71582
2011-08-22 12:00:00,474.66415
2011-08-22 13:00:00,551.8752
2011-08-22 14:00:00,466.11243
2011-08-22 15:00:00,429.0387
2011-08-22 16:00:00,466.11243
2011-08-22 17:00:00,426.65433
2011-08-22 18:00:00,442.3621
2011-08-22 19:00:00,455.51495
2011-08-22 20:00:00,406.26294
2011-08-22 21:00:00,387.8423
2011-08-22 22:00:00,431.54544
2011-08-22 23:00:00,396.78046
2011-08-23 00:00:00,363.38956
2011-08-23 01:00:00,288.47635
2011-08-23 02:00:00,257.20364
2011-08-23 03:00:00,186.79611
2011-08-23 04:00:00,243.47449
2011-08-23 05:00:00,248.63358
2011-08-23 06:00:00,243.3793
2011-08-23 07:00:00,288.74066
2011-08-23 08:00:00,239.71828
2011-08-23 09:00:00,257.45285
2011-08-23 10:00:00,325.31842
2011-08-23 11:00:00,356.43362
2011-08-23 12:00:00,328.67468
2011-08-23 13:00:00,376.33566
2011-08-23 14:00:00,374.31125
2011-08-23 15:00:00,439.98486
2011-08-23 16:00:00,387.95374
2011-08-23 17:00:00,439.98486
2011-08-23 18:00:00,420.25854
2011-08-23 19:00:00,296.48898
2011-08-23 20:00:00,260.84396
2011-08-23 21:00:00,155.20667
2011-08-23 22:00:00,243.99219
2011-08-23 23:00:00,235.85608
2011-08-24 00:00:00,243.99219
2011-08-24 01:00:00,221.84958
2011-08-24 02:00:00,168.21791
2011-08-24 03:00:00,168.21791
2011-08-24 04:00:00,146.41801
2011-08-24 05:00:00,146.41801
2011-08-24 06:00:00,109.00967
2011-08-24 07:00:00,204.07019
2011-08-24 08:00:00,190.48737
2011-08-24 09:00:00,237.85867
2011-08-24 10:00:00,285.53204
2011-08-24 11:00:00,283.446
2011-08-24 12:00:00,266.0578
2011-08-24 13:00:00,338.21802
2011-08-24 14:00:00,338.21802
2011-08-24 15:00:00,361.25183
2011-08-24 16:00:00,307.20074
2011-08-24 17:00:00,283.58545
2011-08-24 18:00:00,301.13583
2011-08-24 19:00:00,301.13583
2011-08-24 20:00:00,285.47845
2011-08-24 21:00:00,261.50757
2011-08-24 22:00:00,264.91382
2011-08-24 23:00:00,243.52295
2011-08-25 00:00:00,239.14185
2011-08-25 01:00:00,262.5296
2011-08-25 02:00:00,262.5296
2011-08-25 03:00:00,245.14975
2011-08-25 04:00:00,240.55402
2011-08-25 05:00:00,225.00838
2011-08-25 06:00:00,236.23918
2011-08-25 07:00:00,230.98462
2011-08-25 08:00:00,248.64784
2011-08-25 09:00:00,264.70734
2011-08-25 10:00:00,278.94623
2011-08-25 11:00:00,191.6292
2011-08-25 12:00:00,191.6292
2011-08-25 13:00:00,158.53252
2011-08-25 14:00:00,188.74756
2011-08-25 15:00:00,187.99683
2011-08-25 16:00:00,146.3633
2011-08-25 17:00:00,146.3633
2011-08-25 18:00:00,204.61148
2011-08-25 19:00:00,217.11609
2011-08-25 20:00:00,223.10944
2011-08-25 21:00:00,215.40517
2011-08-25 22:00:00,97.59855
2011-08-25 23:00:00,109.426186
2011-08-26 00:00:00,120.31727
2011-08-26 01:00:00,97.59855
2011-08-26 02:00:00,105.850044
2011-08-26 03:00:00,94.60998
2011-08-26 04:00:00,83.07491
2011-08-26 05:00:00,107.03903
2011-08-26 06:00:00,83.07491
2011-08-26 07:00:00,95.45228
2011-08-26 08:00:00,121.998436
2011-08-26 09:00:00,135.2203
2011-08-26 10:00:00,260.0786
2011-08-26 11:00:00,173.62506
2011-08-26 12:00:00,264.1977
2011-08-26 13:00:00,260.685
2011-08-26 14:00:00,232.88898
2011-08-26 15:00:00,340.54214
2011-08-26 16:00:00,297.2473
2011-08-26 17:00:00,289.016
2011-08-26 18:00:00,274.89075
2011-08-26 19:00:00,180.63647
2011-08-26 20:00:00,174.14835
2011-08-26 21:00:00,216.50494
2011-08-26 22:00:00,180.63647
2011-08-26 23:00:00,136.15625
2011-08-27 00:00:00,110.1745
2011-08-27 01:00:00,115.00722
2011-08-27 02:00:00,125.81982
2011-08-27 03:00:00,155.90913
2011-08-27 04:00:00,155.90913
2011-08-27 05:00:00,206.44662
2011-08-27 06:00:00,206.44662
2011-08-27 07:00:00,232.07272
2011-08-27 08:00:00,178.91434
2011-08-27 09:00:00,242.89279
2011-08-27 10:00:00,273.51028
2011-08-27 11:00:00,154.21867
2011-08-27 12:00:00,202.1233
2011-08-27 13:00:00,175.50706
2011-08-27 14:00:00,168.86652
2011-08-27 15:00:00,168.86652
2011-08-27 16:00:00,159.55528
2011-08-27 17:00:00,260.90845
2011-08-28 07:00:00,150.96935
2011-08-28 08:00:00,151.95393
2011-08-28 09:00:00,273.15506
2011-08-28 10:00:00,299.6056
2011-08-28 11:00:00,316.89392
2011-08-28 12:00:00,372.59772
2011-08-28 13:00:00,470.33344
2011-08-28 14:00:00,515.4323
2011-08-28 15:00:00,511.16745
2011-08-28 16:00:00,553.8013
2011-08-28 17:00:00,537.9084
2011-08-28 18:00:00,504.77695
2011-08-28 19:00:00,385.01205
2011-08-28 20:00:00,470.31195
2011-08-28 21:00:00,201.32507
2011-08-28 22:00:00,117.95141
2011-08-28 23:00:00,96.05933
2011-08-29 00:00:00,143.4362
2011-08-29 01:00:00,168.80481
2011-08-29 02:00:00,215.11151
2011-08-29 03:00:00,168.80481
2011-08-29 04:00:00,166.73181
2011-08-29 05:00:00,139.34221
2011-08-29 06:00:00,139.34221
2011-08-29 07:00:00,241.54214
2011-08-29 08:00:00,235.43468
2011-08-29 09:00:00,237.93958
2011-08-29 10:00:00,338.63098
2011-08-29 11:00:00,333.77887
2011-08-29 12:00:00,336.339
2011-08-29 13:00:00,304.6203
2011-08-29 14:00:00,305.7209
2011-08-29 15:00:00,375.52936
2011-08-29 16:00:00,383.60217
2011-08-29 17:00:00,318.82233
2011-08-29 18:00:00,314.94894
2011-08-29 19:00:00,314.94894
2011-08-29 20:00:00,273.13687
2011-08-29 21:00:00,282.3333
2011-08-29 22:00:00,243.99219
2011-08-29 23:00:00,211.53914
2011-08-30 00:00:00,139.34221
2011-08-30 01:00:00,172.41245
2011-08-30 02:00:00,147.97826
2011-08-30 03:00:00,172.39903
2011-08-30 04:00:00,133.27472
2011-08-30 05:00:00,121.03622
2011-08-30 06:00:00,147.97826
2011-08-30 07:00:00,166.73181
2011-08-30 08:00:00,243.99219
2011-08-30 09:00:00,296.48898
2011-08-30 10:00:00,421.48822
2011-08-30 11:00:00,409.86273
2011-08-30 12:00:00,330.4538
2011-08-30 13:00:00,362.32574
2011-08-30 14:00:00,405.18298
2011-08-30 15:00:00,438.95953
2011-08-30 16:00:00,393.57166
2011-08-30 17:00:00,405.36438
2011-08-30 18:00:00,371.30023
2011-08-30 19:00:00,279.3124
2011-08-30 20:00:00,264.60806
2011-08-30 21:00:00,192.79474
2011-08-30 22:00:00,149.40027
2011-08-30 23:00:00,149.40027
2011-08-31 00:00:00,118.127335
2011-08-31 01:00:00,118.127335
2011-08-31 02:00:00,109.00971
2011-08-31 03:00:00,109.17944
2011-08-31 04:00:00,109.00971
2011-08-31 05:00:00,96.69486
2011-08-31 06:00:00,113.81696
2011-08-31 07:00:00,94.55354
2011-08-31 08:00:00,120.237
2011-08-31 09:00:00,165.26472
2011-08-31 10:00:00,336.42148
2011-08-31 11:00:00,364.17102
2011-08-31 12:00:00,373.007
2011-08-31 13:00:00,354.4275
2011-08-31 14:00:00,370.51004
2011-08-31 15:00:00,370.51004
2011-08-31 16:00:00,371.1437
2011-08-31 17:00:00,364.83734
2011-08-31 18:00:00,313.53247
2011-08-31 19:00:00,283.20612
2011-08-31 20:00:00,256.32477
2011-08-31 21:00:00,216.34415
2011-08-31 22:00:00,120.448326
2011-08-31 23:00:00,121.05759
2011-09-20 00:00:00,162.6456
2011-09-20 01:00:00,110.67067
2011-09-20 02:00:00,110.67067
2011-09-20 03:00:00,147.46869
2011-09-20 04:00:00,101.143776
2011-09-20 05:00:00,120.267296
2011-09-20 06:00:00,120.267296
2011-09-20 07:00:00,110.67067
2011-09-20 08:00:00,121.760735
2011-09-20 09:00:00,118.068
2011-09-20 10:00:00,142.25217
2011-09-20 11:00:00,142.25217
2011-09-20 12:00:00,104.74767
2011-09-20 13:00:00,92.51712
2011-09-20 14:00:00,137.88486
2011-09-20 15:00:00,148.22375
2011-09-20 16:00:00,140.36774
2011-09-20 17:00:00,110.39774
2011-09-20 18:00:00,110.39774
2011-09-20 19:00:00,82.70489
2011-09-20 20:00:00,60.984833
2011-09-20 21:00:00,60.98477
2011-09-20 22:00:00,60.98477
2011-09-20 23:00:00,60.98477
2011-09-21 00:00:00,46.004875
2011-09-21 01:00:00,48.038033
2011-09-21 02:00:00,48.038033
2011-09-21 03:00:00,77.14393
2011-09-21 04:00:00,84.213135
2011-09-21 05:00:00,94.42629
2011-09-21 06:00:00,102.917915
2011-09-21 07:00:00,102.917915
2011-09-21 08:00:00,77.98835
2011-09-21 09:00:00,79.58582
2011-09-21 10:00:00,104.99472
2011-09-21 11:00:00,144.82248
2011-09-21 12:00:00,142.45131
2011-09-21 13:00:00,209.7055
2011-09-21 14:00:00,227.9007
2011-09-21 15:00:00,183.84683
2011-09-21 16:00:00,183.84683
2011-09-21 17:00:00,236.72308
2011-09-21 18:00:00,159.69814
2011-09-21 19:00:00,120.47032
2011-09-21 20:00:00,120.47032
2011-09-21 21:00:00,79.24772
2011-09-21 22:00:00,93.12044
2011-09-21 23:00:00,68.293304
2011-09-22 00:00:00,68.293304
2011-09-22 01:00:00,96.224785
2011-09-22 02:00:00,96.58373
2011-09-22 03:00:00,96.2248
2011-09-22 04:00:00,96.2248
2011-09-22 05:00:00,96.58373
2011-09-22 06:00:00,86.24855
2011-09-22 07:00:00,81.96051
2011-09-22 08:00:00,92.245056
2011-09-22 09:00:00,121.81342
2011-09-22 10:00:00,161.95352
2011-09-22 11:00:00,142.90685
2011-09-22 12:00:00,153.70032
2011-09-22 13:00:00,170.93913
2011-09-22 14:00:00,194.74915
2011-09-22 15:00:00,188.91241
2011-09-22 16:00:00,204.82657
2011-09-22 17:00:00,145.6677
2011-09-22 18:00:00,130.79962
2011-09-22 19:00:00,122.03577
2011-09-22 20:00:00,109.249886
2011-09-22 21:00:00,122.03577
2011-09-22 22:00:00,84.22486
2011-09-22 23:00:00,93.12044
2011-09-23 00:00:00,176.09839
2011-09-23 01:00:00,79.319466
2011-09-23 02:00:00,50.83496
2011-09-23 03:00:00,79.319466
2011-09-23 04:00:00,92.826256
2011-09-23 05:00:00,126.33696
2011-09-23 06:00:00,176.09839
2011-09-23 07:00:00,188.8782
2011-09-23 08:00:00,188.8782
2011-09-23 09:00:00,137.81795
2011-09-23 10:00:00,137.51569
2011-09-23 11:00:00,137.51573
2011-09-23 12:00:00,192.50659
2011-09-23 13:00:00,118.477646
2011-09-23 14:00:00,118.477646
2011-09-23 15:00:00,192.50658
2011-09-23 16:00:00,139.8438
2011-09-23 17:00:00,79.319466
2011-09-23 18:00:00,69.733986
2011-09-23 19:00:00,75.382065
2011-09-23 20:00:00,111.81956
2011-09-23 21:00:00,162.91194
2011-09-23 22:00:00,127.08631
2011-09-23 23:00:00,62.994957
2011-09-24 00:00:00,48.397507
2011-09-24 01:00:00,42.931664
2011-09-24 02:00:00,42.931664
2011-09-24 03:00:00,57.168045
2011-09-24 04:00:00,49.64673
2011-09-24 05:00:00,45.527977
2011-09-24 06:00:00,45.527977
2011-09-24 07:00:00,49.791496
2011-09-24 08:00:00,61.609528
2011-09-24 09:00:00,92.24433
2011-09-24 10:00:00,92.24433
2011-09-24 11:00:00,185.53448
2011-09-24 12:00:00,185.53448
2011-09-24 13:00:00,224.34128
2011-09-24 14:00:00,250.23122
2011-09-24 15:00:00,250.23122
2011-09-24 16:00:00,227.62514
2011-09-24 17:00:00,245.80194
2011-09-24 18:00:00,219.20581
2011-09-24 19:00:00,131.03749
2011-09-24 20:00:00,179.80206
2011-09-24 21:00:00,136.59427
2011-09-24 22:00:00,154.36797
2011-09-24 23:00:00,92.24433
2011-09-25 00:00:00,141.06331
2011-09-25 01:00:00,83.237175
2011-09-25 02:00:00,93.71778
2011-09-25 03:00:00,93.71778
2011-09-25 04:00:00,69.398636
2011-09-25 05:00:00,55.60872
2011-09-25 06:00:00,83.237175
2011-09-25 07:00:00,53.502365
2011-09-25 08:00:00,154.36797
2011-09-25 09:00:00,212.31732
2011-09-25 10:00:00,212.31732
2011-09-25 11:00:00,228.11145
2011-09-25 12:00:00,243.45773
2011-09-25 13:00:00,267.36194
2011-09-25 14:00:00,243.45773
2011-09-25 15:00:00,243.45773
2011-09-25 16:00:00,279.38474
2011-09-25 17:00:00,264.42096
2011-09-25 18:00:00,264.42096
2011-09-25 19:00:00,108.05724
2011-09-25 20:00:00,166.21565
2011-09-25 21:00:00,45.954247
2011-09-25 22:00:00,71.85876
2011-09-25 23:00:00,48.842865
2011-09-26 00:00:00,126.33696
2011-09-26 01:00:00,222.28091
2011-09-26 02:00:00,222.28091
2011-09-26 03:00:00,126.337
2011-09-26 04:00:00,176.09845
2011-09-26 05:00:00,157.06224
2011-09-26 06:00:00,176.09839
2011-09-26 07:00:00,126.33696
2011-09-26 08:00:00,126.33696
2011-09-26 09:00:00,170.72607
2011-09-26 10:00:00,170.72607
2011-09-26 11:00:00,202.53535
2011-09-26 12:00:00,259.03418
2011-09-26 13:00:00,289.32266
2011-09-26 14:00:00,321.92377
2011-09-26 15:00:00,388.27924
2011-09-26 16:00:00,363.49255
2011-09-26 17:00:00,322.6925
2011-09-26 18:00:00,227.0799
2011-09-26 19:00:00,220.41971
2011-09-26 20:00:00,183.67682
2011-09-26 21:00:00,183.67682
2011-09-26 22:00:00,75.382065
2011-09-26 23:00:00,75.382065
2011-09-27 00:00:00,75.382065
2011-09-27 01:00:00,82.152565
2011-09-27 02:00:00,94.78229
2011-09-27 03:00:00,126.33696
2011-09-27 04:00:00,190.2739
2011-09-27 05:00:00,190.2739
2011-09-27 06:00:00,170.12273
2011-09-27 07:00:00,170.12273
2011-09-27 08:00:00,220.59995
2011-09-27 09:00:00,190.03908
2011-09-27 10:00:00,184.06265
2011-09-27 11:00:00,221.18115
2011-09-27 12:00:00,222.7644
2011-09-27 13:00:00,295.90887
2011-09-27 14:00:00,242.7544
2011-09-27 15:00:00,215.12582
2011-09-27 16:00:00,207.84653
2011-09-27 17:00:00,173.96584
2011-09-27 18:00:00,181.5004
2011-09-27 19:00:00,219.14328
2011-09-27 20:00:00,179.63435
2011-09-27 21:00:00,159.2624
2011-09-27 22:00:00,185.29874
2011-09-27 23:00:00,185.29874
2011-09-28 00:00:00,135.36531
2011-09-28 01:00:00,135.36531
2011-09-28 02:00:00,133.33658
2011-09-28 03:00:00,151.87823
2011-09-28 04:00:00,135.36531
2011-09-28 05:00:00,110.0794
2011-09-28 06:00:00,158.23598
2011-09-28 07:00:00,158.23598
2011-09-28 08:00:00,168.97078
2011-09-28 09:00:00,168.97078
2011-09-28 10:00:00,126.33696
2011-09-28 11:00:00,227.11635
2011-09-28 12:00:00,202.53738
2011-09-28 13:00:00,250.9469
2011-09-28 14:00:00,331.002
2011-09-28 15:00:00,322.6925
2011-09-28 16:00:00,324.57397
2011-09-28 17:00:00,293.5224
2011-09-28 18:00:00,230.22256
2011-09-28 19:00:00,230.22256
2011-09-28 20:00:00,170.73239
2011-09-28 21:00:00,184.36896
2011-09-28 22:00:00,185.29874
2011-09-28 23:00:00,108.17572
2011-09-29 00:00:00,146.4882
2011-09-29 01:00:00,111.86668
2011-09-29 02:00:00,111.86668
2011-09-29 03:00:00,87.66089
2011-09-29 04:00:00,167.9021
2011-09-29 05:00:00,211.07047
2011-09-29 06:00:00,209.49287
2011-09-29 07:00:00,144.1546
2011-09-29 08:00:00,159.2624
2011-09-29 09:00:00,184.85138
2011-09-29 10:00:00,353.4433
2011-09-29 11:00:00,370.89496
2011-09-29 12:00:00,392.21857
2011-09-29 13:00:00,374.12262
2011-09-29 14:00:00,417.3615
2011-09-29 15:00:00,436.85526
2011-09-29 16:00:00,478.75903
2011-09-29 17:00:00,417.64566
2011-09-29 18:00:00,424.49652
2011-09-29 19:00:00,311.38052
2011-09-29 20:00:00,328.89594
2011-09-29 21:00:00,387.75372
2011-09-29 22:00:00,321.03046
2011-09-29 23:00:00,251.53275
2011-09-30 00:00:00,210.95094
2011-09-30 01:00:00,246.57812
2011-09-30 02:00:00,210.95094
2011-09-30 03:00:00,210.95096
2011-09-30 04:00:00,178.04707
2011-09-30 05:00:00,178.04706
2011-09-30 06:00:00,189.08731
2011-09-30 07:00:00,189.08731
2011-09-30 08:00:00,253.43024
2011-09-30 09:00:00,245.69806
2011-09-30 10:00:00,406.99686
2011-09-30 11:00:00,379.1082
2011-09-30 12:00:00,372.54077
2011-09-30 13:00:00,401.1383
2011-09-30 14:00:00,392.54642
2011-09-30 15:00:00,404.94525
2011-09-30 16:00:00,387.71936
2011-09-30 17:00:00,382.4819
2011-09-30 18:00:00,339.68262
2011-09-30 19:00:00,341.8324
2011-09-30 20:00:00,341.8324
2011-09-30 21:00:00,347.9473
2011-09-30 22:00:00,235.34364
2011-09-30 23:00:00,235.34364
2011-10-20 00:00:00,179.71893
2011-10-20 01:00:00,199.96698
2011-10-20 02:00:00,202.08328
2011-10-20 03:00:00,196.06598
2011-10-20 04:00:00,196.06598
2011-10-20 05:00:00,201.19226
2011-10-20 06:00:00,188.41776
2011-10-20 07:00:00,186.92395
2011-10-20 08:00:00,245.59729
2011-10-20 09:00:00,248.46915
2011-10-20 10:00:00,226.50375
2011-10-20 11:00:00,259.45453
2011-10-20 12:00:00,303.03906
2011-10-20 13:00:00,360.33246
2011-10-20 14:00:00,327.5307
2011-10-20 15:00:00,281.36594
2011-10-20 16:00:00,281.36594
2011-10-20 17:00:00,316.29257
2011-10-20 18:00:00,313.7022
2011-10-20 19:00:00,276.9895
2011-10-20 20:00:00,304.33356
2011-10-20 21:00:00,292.68164
2011-10-20 22:00:00,293.23615
2011-10-20 23:00:00,285.9754
2011-10-21 00:00:00,243.43127
2011-10-21 01:00:00,256.6226
2011-10-21 02:00:00,209.02603
2011-10-21 03:00:00,154.56566
2011-10-21 04:00:00,171.36263
2011-10-21 05:00:00,186.78668
2011-10-21 06:00:00,171.36263
2011-10-21 07:00:00,171.36263
2011-10-21 08:00:00,254.72516
2011-10-21 09:00:00,340.11926
2011-10-21 10:00:00,343.65555
2011-10-21 11:00:00,315.16266
2011-10-21 12:00:00,345.26743
2011-10-21 13:00:00,314.6568
2011-10-21 14:00:00,364.8747
2011-10-21 15:00:00,339.8204
2011-10-21 16:00:00,328.37994
2011-10-21 17:00:00,318.51996
2011-10-21 18:00:00,302.85666
2011-10-21 19:00:00,241.95618
2011-10-21 20:00:00,301.33185
2011-10-21 21:00:00,313.84406
2011-10-21 22:00:00,324.69083
2011-10-21 23:00:00,256.6226
2011-10-22 00:00:00,203.73404
2011-10-22 01:00:00,203.73404
2011-10-22 02:00:00,241.92636
2011-10-22 03:00:00,179.68832
2011-10-22 04:00:00,155.13982
2011-10-22 05:00:00,193.83191
2011-10-22 06:00:00,138.59106
2011-10-22 07:00:00,118.98159
2011-10-22 08:00:00,183.44312
2011-10-22 09:00:00,190.94684
2011-10-22 10:00:00,310.88135
2011-10-22 11:00:00,310.88135
2011-10-22 12:00:00,370.79224
2011-10-22 13:00:00,455.205
2011-10-22 14:00:00,336.2642
2011-10-22 15:00:00,323.97385
2011-10-22 16:00:00,414.24323
2011-10-22 17:00:00,333.33258
2011-10-22 18:00:00,360.03796
2011-10-22 19:00:00,254.94604
2011-10-22 20:00:00,237.72406
2011-10-22 21:00:00,156.8455
2011-10-22 22:00:00,156.8455
2011-10-22 23:00:00,109.22295
2011-10-23 00:00:00,68.48942
2011-10-23 01:00:00,68.48942
2011-10-23 02:00:00,34.511917
2011-10-23 03:00:00,55.146233
2011-10-23 04:00:00,55.146233
2011-10-23 05:00:00,40.752625
2011-10-23 06:00:00,30.915094
2011-10-23 07:00:00,34.511917
2011-10-23 08:00:00,44.490074
2011-10-23 09:00:00,156.8455
2011-10-23 10:00:00,166.99884
2011-10-23 11:00:00,186.8197
2011-10-23 12:00:00,275.5241
2011-10-23 13:00:00,332.4666
2011-10-23 14:00:00,322.27124
2011-10-23 15:00:00,394.23975
2011-10-23 16:00:00,332.4666
2011-10-23 17:00:00,299.53934
2011-10-23 18:00:00,326.6143
2011-10-23 19:00:00,195.10095
2011-10-23 20:00:00,181.88814
2011-10-23 21:00:00,181.88814
2011-10-23 22:00:00,166.17746
2011-10-23 23:00:00,192.9619
2011-10-24 00:00:00,150.68549
2011-10-24 01:00:00,169.51285
2011-10-24 02:00:00,156.82108
2011-10-24 03:00:00,146.79604
2011-10-24 04:00:00,89.77662
2011-10-24 05:00:00,114.67811
2011-10-24 06:00:00,156.82108
2011-10-24 07:00:00,171.48499
2011-10-24 08:00:00,186.1087
2011-10-24 09:00:00,188.60016
2011-10-24 10:00:00,165.39778
2011-10-24 11:00:00,288.65686
2011-10-24 12:00:00,353.3509
2011-10-24 13:00:00,301.58334
2011-10-24 14:00:00,329.22272
2011-10-24 15:00:00,386.45673
2011-10-24 16:00:00,341.2102
2011-10-24 17:00:00,339.48303
2011-10-24 18:00:00,413.2495
2011-10-24 19:00:00,109.28011
2011-10-24 20:00:00,178.71397
2011-10-24 21:00:00,150.69919
2011-10-24 22:00:00,222.43665
2011-10-24 23:00:00,202.8527
2011-10-25 00:00:00,181.90535
2011-10-25 01:00:00,181.90535
2011-10-25 02:00:00,171.6168
2011-10-25 03:00:00,105.182144
2011-10-25 04:00:00,170.86877
2011-10-25 05:00:00,170.86877
2011-10-25 06:00:00,151.84581
2011-10-25 07:00:00,204.88007
2011-10-25 08:00:00,194.63731
2011-10-25 09:00:00,304.43433
2011-10-25 10:00:00,324.03802
2011-10-25 11:00:00,342.136
2011-10-25 12:00:00,412.38855
2011-10-25 13:00:00,438.75983
2011-10-25 14:00:00,364.8866
2011-10-25 15:00:00,315.7139
2011-10-25 16:00:00,400.6268
2011-10-25 17:00:00,315.7139
2011-10-25 18:00:00,335.0066
2011-10-25 19:00:00,273.56476
2011-10-25 20:00:00,308.75952
2011-10-25 21:00:00,210.51604
2011-10-25 22:00:00,262.1583
2011-10-25 23:00:00,210.51604
2011-10-26 00:00:00,226.94214
2011-10-26 01:00:00,233.1344
2011-10-26 02:00:00,250.4262
2011-10-26 03:00:00,264.0876
2011-10-26 04:00:00,230.7113
2011-10-26 05:00:00,222.90271
2011-10-26 06:00:00,222.90271
2011-10-26 07:00:00,206.62068
2011-10-26 08:00:00,271.13855
2011-10-26 09:00:00,297.8941
2011-10-26 10:00:00,286.60706
2011-10-26 11:00:00,204.53046
2011-10-26 12:00:00,340.14124
2011-10-26 13:00:00,374.86914
2011-10-26 14:00:00,148.60843
2011-10-26 15:00:00,148.60843
2011-10-26 16:00:00,218.26108
2011-10-26 17:00:00,222.0354
2011-10-26 18:00:00,233.52905
2011-10-26 19:00:00,143.31151
2011-10-26 20:00:00,121.00066
2011-10-26 21:00:00,148.60843
2011-10-26 22:00:00,126.219154
2011-10-26 23:00:00,126.219154
2011-10-27 00:00:00,95.80614
2011-10-27 01:00:00,95.80614
2011-10-27 02:00:00,83.606636
2011-10-27 03:00:00,83.60665
2011-10-27 04:00:00,87.08181
2011-10-27 05:00:00,125.425514
2011-10-27 06:00:00,124.83021
2011-10-27 07:00:00,112.37417
2011-10-27 08:00:00,89.33497
2011-10-27 09:00:00,193.50476
2011-10-27 10:00:00,119.03933
2011-10-27 11:00:00,143.5379
2011-10-27 12:00:00,143.5379
2011-10-27 13:00:00,130.94392
2011-10-27 14:00:00,118.78968
2011-10-27 15:00:00,179.75781
2011-10-27 16:00:00,276.2712
2011-10-27 17:00:00,217.5813
2011-10-27 18:00:00,232.42715
2011-10-27 19:00:00,217.9036
2011-10-27 20:00:00,234.59918
2011-10-27 21:00:00,247.7709
2011-10-27 22:00:00,207.75928
2011-10-27 23:00:00,249.1832
2011-10-28 00:00:00,205.4927
2011-10-28 01:00:00,201.7391
2011-10-28 02:00:00,209.68102
2011-10-28 03:00:00,208.92392
2011-10-28 04:00:00,204.35577
2011-10-28 05:00:00,182.97314
2011-10-28 06:00:00,184.79816
2011-10-28 07:00:00,184.79816
2011-10-28 08:00:00,197.77011
2011-10-28 09:00:00,201.61252
2011-10-28 10:00:00,212.88612
2011-10-28 11:00:00,274.85574
2011-10-28 12:00:00,268.8665
2011-10-28 13:00:00,293.94067
2011-10-28 14:00:00,286.7846
2011-10-28 15:00:00,267.43915
2011-10-28 16:00:00,277.03265
2011-10-28 17:00:00,272.39243
2011-10-28 18:00:00,277.36398
2011-10-28 19:00:00,272.39243
2011-10-28 20:00:00,219.5845
2011-10-28 21:00:00,173.0534
2011-10-28 22:00:00,175.36891
2011-10-28 23:00:00,165.73212
2011-10-29 00:00:00,28.351336
2011-10-29 01:00:00,35.419174
2011-10-29 02:00:00,35.419174
2011-10-29 03:00:00,42.505287
2011-10-29 04:00:00,42.505287
2011-10-29 05:00:00,1.6047916
2011-10-29 06:00:00,4.2460556
2011-10-29 07:00:00,4.2460556
2011-10-29 08:00:00,17.087395
2011-10-29 09:00:00,17.087395
2011-10-29 10:00:00,3.8759274
2011-10-29 11:00:00,1.6047916
2011-10-29 12:00:00,0.3980112
2011-10-29 13:00:00,3.8692122
2011-10-29 14:00:00,1.6047916
2011-10-29 15:00:00,17.799664
2011-10-29 16:00:00,1.6047916
2011-10-29 17:00:00,1.6047916
2011-10-29 18:00:00,1.6047916
2011-10-29 19:00:00,15.780181
2011-10-29 20:00:00,15.780181
2011-10-29 21:00:00,15.780184
2011-10-29 22:00:00,17.718525
2011-10-29 23:00:00,17.560896
2011-10-30 00:00:00,17.718525
2011-10-30 01:00:00,19.900566
2011-10-30 02:00:00,22.089848
2011-10-30 03:00:00,46.60653
2011-10-30 04:00:00,25.044806
2011-10-30 05:00:00,45.89251
2011-10-30 06:00:00,49.80574
2011-10-30 07:00:00,15.486553
2011-10-30 08:00:00,61.991173
2011-10-30 09:00:00,125.23757
2011-10-30 10:00:00,106.568214
2011-10-30 11:00:00,200.23602
2011-10-30 12:00:00,252.8594
2011-10-30 13:00:00,307.8963
2011-10-30 14:00:00,374.10986
2011-10-30 15:00:00,413.1875
2011-10-30 16:00:00,434.68253
2011-10-30 17:00:00,409.08478
2011-10-30 18:00:00,357.12415
2011-10-30 19:00:00,388.908
2011-10-30 20:00:00,204.1978
2011-10-30 21:00:00,81.103485
2011-10-30 22:00:00,53.393387
2011-10-30 23:00:00,15.310022
2011-10-31 00:00:00,110.527916
2011-10-31 01:00:00,96.20818
2011-10-31 02:00:00,104.83145
2011-10-31 03:00:00,120.61521
2011-10-31 04:00:00,104.83145
2011-10-31 05:00:00,77.20121
2011-10-31 06:00:00,104.83145
2011-10-31 07:00:00,90.40986
2011-10-31 08:00:00,121.595894
2011-10-31 09:00:00,180.65182
2011-10-31 10:00:00,267.02414
2011-10-31 11:00:00,330.7343
2011-10-31 12:00:00,297.00653
2011-10-31 13:00:00,303.1096
2011-10-31 14:00:00,304.77643
2011-10-31 15:00:00,337.1366
2011-10-31 16:00:00,324.69083
2011-10-31 17:00:00,344.1469
2011-10-31 18:00:00,230.17001
2011-10-31 19:00:00,230.17001
2011-10-31 20:00:00,230.17001
2011-10-31 21:00:00,196.64229
2011-10-31 22:00:00,196.64229
2011-10-31 23:00:00,196.64229
2011-11-20 00:00:00,181.30699
2011-11-20 01:00:00,241.92636
2011-11-20 02:00:00,252.50716
2011-11-20 03:00:00,203.59634
2011-11-20 04:00:00,197.814
2011-11-20 05:00:00,193.59865
2011-11-20 06:00:00,214.49701
2011-11-20 07:00:00,228.62042
2011-11-20 08:00:00,192.55408
2011-11-20 09:00:00,193.2648
2011-11-20 10:00:00,203.2576
2011-11-20 11:00:00,363.9933
2011-11-20 12:00:00,336.58716
2011-11-20 13:00:00,336.86536
2011-11-20 14:00:00,227.19534
2011-11-20 15:00:00,223.79639
2011-11-20 16:00:00,352.66815
2011-11-20 17:00:00,289.41394
2011-11-20 18:00:00,281.3619
2011-11-20 19:00:00,238.53583
2011-11-20 20:00:00,333.5521
2011-11-20 21:00:00,147.1662
2011-11-20 22:00:00,34.64676
2011-11-20 23:00:00,34.64676
2011-11-21 00:00:00,43.15934
2011-11-21 01:00:00,85.08862
2011-11-21 02:00:00,119.409294
2011-11-21 03:00:00,92.964485
2011-11-21 04:00:00,92.964485
2011-11-21 05:00:00,69.65988
2011-11-21 06:00:00,90.77005
2011-11-21 07:00:00,178.08195
2011-11-21 08:00:00,43.15934
2011-11-21 09:00:00,103.30577
2011-11-21 10:00:00,118.78968
2011-11-21 11:00:00,179.75781
2011-11-21 12:00:00,232.26617
2011-11-21 13:00:00,232.26617
2011-11-21 14:00:00,182.80865
2011-11-21 15:00:00,111.64146
2011-11-21 16:00:00,111.64146
2011-11-21 17:00:00,117.578255
2011-11-21 18:00:00,118.4732
2011-11-21 19:00:00,145.58252
2011-11-21 20:00:00,123.123436
2011-11-21 21:00:00,129.0663
2011-11-21 22:00:00,118.52396
2011-11-21 23:00:00,129.0663
2011-11-22 00:00:00,134.72174
2011-11-22 01:00:00,124.10323
2011-11-22 02:00:00,139.33258
2011-11-22 03:00:00,139.33258
2011-11-22 04:00:00,154.077
2011-11-22 05:00:00,154.077
2011-11-22 06:00:00,171.48499
2011-11-22 07:00:00,171.04031
2011-11-22 08:00:00,171.04031
2011-11-22 09:00:00,39.870132
2011-11-22 10:00:00,39.870132
2011-11-22 11:00:00,124.10323
2011-11-22 12:00:00,108.244934
2011-11-22 13:00:00,84.7004
2011-11-22 14:00:00,84.7004
2011-11-22 15:00:00,68.12871
2011-11-22 16:00:00,68.12871
2011-11-22 17:00:00,64.1192
2011-11-22 18:00:00,34.844048
2011-11-22 19:00:00,62.054443
2011-11-22 20:00:00,197.76749
2011-11-22 21:00:00,192.83334
2011-11-22 22:00:00,140.1251
2011-11-22 23:00:00,172.21614
2011-11-23 00:00:00,172.21614
2011-11-23 01:00:00,163.73746
2011-11-23 02:00:00,148.47614
2011-11-23 03:00:00,148.47618
2011-11-23 04:00:00,167.69925
2011-11-23 05:00:00,183.85262
2011-11-23 06:00:00,69.65988
2011-11-23 07:00:00,114.81267
2011-11-23 08:00:00,103.30577
2011-11-23 09:00:00,115.592186
2011-11-23 10:00:00,115.592186
2011-11-23 11:00:00,197.44626
2011-11-23 12:00:00,222.51727
2011-11-23 13:00:00,271.08664
2011-11-23 14:00:00,234.62671
2011-11-23 15:00:00,252.82448
2011-11-23 16:00:00,222.55399
2011-11-23 17:00:00,166.56836
2011-11-23 18:00:00,247.14093
2011-11-23 19:00:00,192.35017
2011-11-23 20:00:00,246.56396
2011-11-23 21:00:00,257.5006
2011-11-23 22:00:00,240.60129
2011-11-23 23:00:00,245.1635
2011-11-24 00:00:00,90.81992
2011-11-24 01:00:00,228.03519
2011-11-24 02:00:00,92.877335
2011-11-24 03:00:00,13.757097
2011-11-24 04:00:00,31.305384
2011-11-24 05:00:00,31.953508
2011-11-24 06:00:00,31.305384
2011-11-24 07:00:00,7.8691425
2011-11-24 08:00:00,3.2323794
2011-11-24 09:00:00,71.53431
2011-11-24 10:00:00,183.86987
2011-11-24 11:00:00,305.72812
2011-11-24 12:00:00,301.8352
2011-11-24 13:00:00,307.1853
2011-11-24 14:00:00,333.03384
2011-11-24 15:00:00,336.30542
2011-11-24 16:00:00,354.58545
2011-11-24 17:00:00,253.26747
2011-11-24 18:00:00,275.68323
2011-11-24 19:00:00,312.22662
2011-11-24 20:00:00,94.14211
2011-11-24 21:00:00,82.22195
2011-11-24 22:00:00,82.22195
2011-11-24 23:00:00,30.86411
2011-11-25 00:00:00,174.29643
2011-11-25 01:00:00,96.966545
2011-11-25 02:00:00,148.42969
2011-11-25 03:00:00,139.61612
2011-11-25 04:00:00,140.52017
2011-11-25 05:00:00,84.273056
2011-11-25 06:00:00,148.80028
2011-11-25 07:00:00,96.20818
2011-11-25 08:00:00,163.41331
2011-11-25 09:00:00,90.21107
2011-11-25 10:00:00,171.36263
2011-11-25 11:00:00,225.73528
2011-11-25 12:00:00,367.13083
2011-11-25 13:00:00,315.16266
2011-11-25 14:00:00,357.61554
2011-11-25 15:00:00,387.62714
2011-11-25 16:00:00,381.7329
2011-11-25 17:00:00,306.72296
2011-11-25 18:00:00,356.798
2011-11-25 19:00:00,249.15707
2011-11-25 20:00:00,333.8573
2011-11-25 21:00:00,152.01208
2011-11-25 22:00:00,132.8574
2011-11-25 23:00:00,143.29306
2011-11-26 00:00:00,97.00486
2011-11-26 01:00:00,68.90412
2011-11-26 02:00:00,43.28251
2011-11-26 03:00:00,43.752663
2011-11-26 04:00:00,43.752663
2011-11-26 05:00:00,60.2437
2011-11-26 06:00:00,86.729935
2011-11-26 07:00:00,10.073632
2011-11-26 08:00:00,68.90412
2011-11-26 09:00:00,90.999535
2011-11-26 10:00:00,101.47886
2011-11-26 11:00:00,197.53348
2011-11-26 12:00:00,426.77682
2011-11-26 13:00:00,452.95444
2011-11-26 14:00:00,431.29425
2011-11-26 15:00:00,423.83307
2011-11-26 16:00:00,422.13776
2011-11-26 17:00:00,422.13776
2011-11-26 18:00:00,220.16261
2011-11-26 19:00:00,171.5126
2011-11-26 20:00:00,381.77588
2011-11-26 21:00:00,101.710014
2011-11-26 22:00:00,154.77626
2011-11-26 23:00:00,101.47886
2011-11-27 00:00:00,101.47886
2011-11-27 01:00:00,101.47886
2011-11-27 02:00:00,88.13575
2011-11-27 03:00:00,55.146233
2011-11-27 04:00:00,37.359985
2011-11-27 05:00:00,54.08352
2011-11-27 06:00:00,135.24243
2011-11-27 07:00:00,109.631325
2011-11-27 08:00:00,204.2645
2011-11-27 09:00:00,237.78787
2011-11-27 10:00:00,237.78787
2011-11-27 11:00:00,224.90762
2011-11-27 12:00:00,323.80618
2011-11-27 13:00:00,296.55615
2011-11-27 14:00:00,491.83643
2011-11-27 15:00:00,502.35663
2011-11-27 16:00:00,374.4452
2011-11-27 17:00:00,342.90894
2011-11-27 18:00:00,272.5537
2011-11-27 19:00:00,220.34296
2011-11-27 20:00:00,231.46275
2011-11-27 21:00:00,229.3514
2011-11-27 22:00:00,223.99936
2011-11-27 23:00:00,223.99936
2011-11-28 00:00:00,218.74103
2011-11-28 01:00:00,215.09451
2011-11-28 03:00:00,220.89212
2011-11-28 04:00:00,143.17815
2011-11-28 05:00:00,105.182144
2011-11-28 06:00:00,145.93275
2011-11-28 07:00:00,92.56421
2011-11-28 08:00:00,84.36909
2011-11-28 09:00:00,189.7989
2011-11-28 10:00:00,229.17865
2011-11-28 11:00:00,353.35086
2011-11-28 12:00:00,413.30383
2011-11-28 13:00:00,362.3094
2011-11-28 14:00:00,329.82635
2011-11-28 15:00:00,394.28943
2011-11-28 16:00:00,367.08005
2011-11-28 17:00:00,372.71317
2011-11-28 18:00:00,324.37445
2011-11-28 19:00:00,256.67615
2011-11-28 20:00:00,201.58716
2011-11-28 21:00:00,197.78542
2011-11-28 22:00:00,179.75781
2011-11-28 23:00:00,177.90652
2011-11-29 00:00:00,137.25342
2011-11-29 01:00:00,212.22595
2011-11-29 02:00:00,88.86993
2011-11-29 03:00:00,88.86993
2011-11-29 04:00:00,171.74973
2011-11-29 05:00:00,218.94499
2011-11-29 06:00:00,203.3718
2011-11-29 07:00:00,222.39313
2011-11-29 08:00:00,190.09772
2011-11-29 09:00:00,214.70146
2011-11-29 10:00:00,214.70146
2011-11-29 11:00:00,132.92192
2011-11-29 12:00:00,151.4914
2011-11-29 13:00:00,128.5842
2011-11-29 14:00:00,145.58253
2011-11-29 15:00:00,143.57762
2011-11-29 16:00:00,123.12347
2011-11-29 17:00:00,194.13797
2011-11-29 18:00:00,187.72285
2011-11-29 19:00:00,180.824
2011-11-29 20:00:00,214.88577
2011-11-29 21:00:00,214.88577
2011-11-29 22:00:00,237.15337
2011-11-29 23:00:00,226.17218
2011-11-30 00:00:00,241.6112
2011-11-30 01:00:00,226.44705
2011-11-30 02:00:00,165.25272
2011-11-30 03:00:00,165.25272
2011-11-30 04:00:00,196.01103
2011-11-30 05:00:00,174.59827
2011-11-30 06:00:00,131.31174
2011-11-30 07:00:00,148.80028
2011-11-30 08:00:00,174.59827
2011-11-30 09:00:00,208.00012
2011-11-30 10:00:00,195.65302
2011-11-30 11:00:00,274.3106
2011-11-30 12:00:00,239.19562
2011-11-30 13:00:00,327.95682
2011-11-30 14:00:00,327.95682
2011-11-30 15:00:00,251.47632
2011-11-30 16:00:00,252.6482
2011-11-30 17:00:00,223.0051
2011-11-30 18:00:00,216.01926
2011-11-30 19:00:00,194.59569
2011-11-30 20:00:00,194.59569
2011-11-30 21:00:00,246.59886
2011-11-30 22:00:00,178.26788
2011-11-30 23:00:00,145.18289
2011-12-20 00:00:00,271.79773
2011-12-20 01:00:00,347.21902
2011-12-20 02:00:00,272.60248
2011-12-20 03:00:00,272.60248
2011-12-20 04:00:00,328.81033
2011-12-20 05:00:00,330.25946
2011-12-20 06:00:00,330.25946
2011-12-20 07:00:00,284.11972
2011-12-20 08:00:00,364.19904
2011-12-20 09:00:00,234.1566
2011-12-20 10:00:00,293.79965
2011-12-20 11:00:00,277.29413
2011-12-20 12:00:00,355.73663
2011-12-20 13:00:00,355.73663
2011-12-20 14:00:00,373.67697
2011-12-20 15:00:00,349.11554
2011-12-20 16:00:00,372.60052
2011-12-20 17:00:00,253.36987
2011-12-20 18:00:00,217.98328
2011-12-20 19:00:00,228.98538
2011-12-20 20:00:00,197.99734
2011-12-20 21:00:00,161.3062
2011-12-20 22:00:00,234.1566
2011-12-20 23:00:00,306.91168
2011-12-21 00:00:00,110.21894
2011-12-21 01:00:00,118.72079
2011-12-21 02:00:00,134.09384
2011-12-21 03:00:00,134.09384
2011-12-21 04:00:00,134.09384
2011-12-21 05:00:00,128.5352
2011-12-21 06:00:00,126.37003
2011-12-21 07:00:00,119.012596
2011-12-21 08:00:00,135.63882
2011-12-21 09:00:00,149.77637
2011-12-21 10:00:00,169.33214
2011-12-21 11:00:00,169.33214
2011-12-21 12:00:00,141.7607
2011-12-21 13:00:00,136.38287
2011-12-21 14:00:00,170.21695
2011-12-21 15:00:00,169.24875
2011-12-21 16:00:00,133.20511
2011-12-21 17:00:00,133.20511
2011-12-21 18:00:00,163.34863
2011-12-21 19:00:00,180.19751
2011-12-21 20:00:00,176.74677
2011-12-21 21:00:00,207.0556
2011-12-21 22:00:00,202.3273
2011-12-21 23:00:00,188.62534
2011-12-22 00:00:00,169.54944
2011-12-22 01:00:00,131.5127
2011-12-22 02:00:00,149.19109
2011-12-22 03:00:00,187.60866
2011-12-22 04:00:00,130.2881
2011-12-22 05:00:00,114.12997
2011-12-22 06:00:00,108.805565
2011-12-22 07:00:00,96.50635
2011-12-22 08:00:00,126.37003
2011-12-22 09:00:00,131.26306
2011-12-22 10:00:00,137.96889
2011-12-22 11:00:00,156.07237
2011-12-22 12:00:00,156.14168
2011-12-22 13:00:00,147.78217
2011-12-22 14:00:00,147.78217
2011-12-22 15:00:00,150.19307
2011-12-22 16:00:00,147.78217
2011-12-22 17:00:00,176.20071
2011-12-22 18:00:00,153.59253
2011-12-22 19:00:00,143.18495
2011-12-22 20:00:00,161.91382
2011-12-22 21:00:00,161.91382
2011-12-22 22:00:00,115.6522
2011-12-22 23:00:00,154.52605
2011-12-23 00:00:00,122.978546
2011-12-23 01:00:00,122.978546
2011-12-23 02:00:00,115.98958
2011-12-23 03:00:00,115.98958
2011-12-23 04:00:00,109.838455
2011-12-23 05:00:00,119.36279
2011-12-23 06:00:00,166.74263
2011-12-23 07:00:00,163.83
2011-12-23 08:00:00,171.22253
2011-12-23 09:00:00,169.22676
2011-12-23 10:00:00,165.45717
2011-12-23 11:00:00,185.02
2011-12-23 12:00:00,192.21246
2011-12-23 13:00:00,188.96036
2011-12-23 14:00:00,183.11946
2011-12-23 15:00:00,175.43251
2011-12-23 16:00:00,172.79173
2011-12-23 17:00:00,149.89919
2011-12-23 18:00:00,148.8429
2011-12-23 19:00:00,145.31256
2011-12-23 20:00:00,133.07176
2011-12-23 21:00:00,134.68854
2011-12-23 22:00:00,139.03528
2011-12-23 23:00:00,121.21995
2011-12-24 00:00:00,63.313126
2011-12-24 01:00:00,105.25787
2011-12-24 02:00:00,101.857796
2011-12-24 03:00:00,97.854454
2011-12-24 04:00:00,74.275215
2011-12-24 05:00:00,74.275215
2011-12-24 06:00:00,55.706993
2011-12-24 07:00:00,77.801704
2011-12-24 08:00:00,50.360268
2011-12-24 09:00:00,162.5834
2011-12-24 10:00:00,163.41977
2011-12-24 11:00:00,164.69485
2011-12-24 12:00:00,175.69046
2011-12-24 13:00:00,172.36269
2011-12-24 14:00:00,172.36269
2011-12-24 15:00:00,165.06313
2011-12-24 16:00:00,154.00362
2011-12-24 17:00:00,120.0172
2011-12-24 18:00:00,124.61955
2011-12-24 19:00:00,95.259125
2011-12-24 20:00:00,66.79488
2011-12-24 21:00:00,68.74289
2011-12-24 22:00:00,71.567055
2011-12-24 23:00:00,44.727608
2011-12-25 00:00:00,52.33004
2011-12-25 01:00:00,33.39469
2011-12-25 02:00:00,49.76043
2011-12-25 03:00:00,49.467796
2011-12-25 05:00:00,41.567055
2011-12-25 06:00:00,41.567055
2011-12-25 07:00:00,46.518433
2011-12-25 08:00:00,26.258982
2011-12-25 09:00:00,30.224388
2011-12-25 10:00:00,44.94845
2011-12-25 11:00:00,57.150314
2011-12-25 12:00:00,65.606125
2011-12-25 13:00:00,89.69257
2011-12-25 14:00:00,125.92391
2011-12-25 15:00:00,114.63446
2011-12-25 16:00:00,112.31923
2011-12-25 17:00:00,93.808556
2011-12-25 18:00:00,70.798874
2011-12-25 19:00:00,103.44741
2011-12-25 20:00:00,109.59194
2011-12-25 21:00:00,87.24152
2011-12-25 22:00:00,61.72516
2011-12-25 23:00:00,53.08201
2011-12-26 00:00:00,42.865295
2011-12-26 01:00:00,104.29344
2011-12-26 02:00:00,149.78468
2011-12-26 04:00:00,146.59816
2011-12-26 05:00:00,150.75302
2011-12-26 06:00:00,143.3999
2011-12-26 07:00:00,147.64276
2011-12-26 08:00:00,170.5531
2011-12-26 09:00:00,146.59816
2011-12-26 10:00:00,155.62106
2011-12-26 11:00:00,160.67816
2011-12-26 12:00:00,163.5683
2011-12-26 13:00:00,185.05695
2011-12-26 14:00:00,186.58765
2011-12-26 15:00:00,184.4036
2011-12-26 16:00:00,155.31604
2011-12-26 17:00:00,149.78468
2011-12-26 18:00:00,152.37453
2011-12-26 19:00:00,73.794014
2011-12-26 20:00:00,106.959755
2011-12-26 21:00:00,37.35926
2011-12-26 22:00:00,37.35927
2011-12-26 23:00:00,42.835175
2011-12-27 00:00:00,106.87977
2011-12-27 01:00:00,93.959236
2011-12-27 02:00:00,93.959236
2011-12-27 03:00:00,108.25529
2011-12-27 04:00:00,108.06709
2011-12-27 05:00:00,105.022995
2011-12-27 06:00:00,105.13894
2011-12-27 07:00:00,107.3381
2011-12-27 08:00:00,113.31893
2011-12-27 09:00:00,103.07345
2011-12-27 10:00:00,106.64629
2011-12-27 11:00:00,103.07345
2011-12-27 12:00:00,97.6699
2011-12-27 13:00:00,79.9489
2011-12-27 14:00:00,128.46426
2011-12-27 15:00:00,128.46426
2011-12-27 16:00:00,137.00061
2011-12-27 17:00:00,123.64805
2011-12-27 18:00:00,164.28716
2011-12-27 19:00:00,113.38113
2011-12-27 20:00:00,99.54914
2011-12-27 21:00:00,100.86225
2011-12-27 22:00:00,100.86225
2011-12-27 23:00:00,85.104515
2011-12-28 00:00:00,105.557915
2011-12-28 01:00:00,119.56725
2011-12-28 02:00:00,134.82481
2011-12-28 03:00:00,134.82481
2011-12-28 05:00:00,130.58698
2011-12-28 06:00:00,135.06982
2011-12-28 07:00:00,135.06984
2011-12-28 08:00:00,130.58698
2011-12-28 09:00:00,133.6938
2011-12-28 10:00:00,141.77509
2011-12-28 11:00:00,160.01855
2011-12-28 12:00:00,171.53107
2011-12-28 13:00:00,164.20793
2011-12-28 14:00:00,152.9737
2011-12-28 15:00:00,158.4236
2011-12-28 16:00:00,152.68773
2011-12-28 17:00:00,131.1081
2011-12-28 18:00:00,127.46264
2011-12-28 19:00:00,112.88117
2011-12-28 20:00:00,111.52714
2011-12-28 21:00:00,96.9345
2011-12-28 22:00:00,104.580864
2011-12-28 23:00:00,103.31556
2011-12-29 00:00:00,83.99568
2011-12-29 01:00:00,101.45741
2011-12-29 02:00:00,83.905914
2011-12-29 03:00:00,93.51803
2011-12-29 04:00:00,95.27677
2011-12-29 05:00:00,79.68932
2011-12-29 06:00:00,70.89828
2011-12-29 07:00:00,61.58516
2011-12-29 08:00:00,90.76626
2011-12-29 09:00:00,70.5315
2011-12-29 10:00:00,82.61068
2011-12-29 11:00:00,77.73257
2011-12-29 12:00:00,88.23324
2011-12-29 13:00:00,102.18261
2011-12-29 14:00:00,105.99964
2011-12-29 15:00:00,107.79591
2011-12-29 16:00:00,132.38431
2011-12-29 17:00:00,128.28726
2011-12-29 18:00:00,125.74854
2011-12-29 19:00:00,117.09046
2011-12-29 20:00:00,91.65262
2011-12-29 21:00:00,102.17018
2011-12-29 22:00:00,105.687
2011-12-29 23:00:00,126.4878
2011-12-30 00:00:00,99.404594
2011-12-30 01:00:00,84.7187
2011-12-30 02:00:00,74.79107
2011-12-30 03:00:00,74.79107
2011-12-30 04:00:00,75.99933
2011-12-30 05:00:00,74.69727
2011-12-30 06:00:00,75.99933
2011-12-30 07:00:00,77.126915
2011-12-30 08:00:00,75.50301
2011-12-30 09:00:00,84.60223
2011-12-30 10:00:00,127.76234
2011-12-30 11:00:00,139.03528
2011-12-30 12:00:00,138.53656
2011-12-30 13:00:00,145.96208
2011-12-30 14:00:00,191.61307
2011-12-30 15:00:00,127.02146
2011-12-30 16:00:00,196.9324
2011-12-30 17:00:00,177.20502
2011-12-30 18:00:00,140.67175
2011-12-30 19:00:00,148.25372
2011-12-30 20:00:00,110.55695
2011-12-30 21:00:00,118.72079
2011-12-30 22:00:00,124.32763
2011-12-30 23:00:00,127.81277
2011-12-31 00:00:00,141.59715
2011-12-31 01:00:00,153.44684
2011-12-31 02:00:00,153.44684
2011-12-31 03:00:00,153.44684
2011-12-31 04:00:00,130.57175
2011-12-31 05:00:00,82.64901
2011-12-31 06:00:00,134.59843
2011-12-31 07:00:00,133.6737
2011-12-31 08:00:00,65.0516
2011-12-31 09:00:00,85.31098
2011-12-31 10:00:00,113.23105
2011-12-31 11:00:00,133.1918
2011-12-31 12:00:00,309.33075
2011-12-31 13:00:00,270.01413
2011-12-31 14:00:00,249.55325
2011-12-31 15:00:00,243.3652
2011-12-31 16:00:00,233.47229
2011-12-31 17:00:00,184.41399
2011-12-31 18:00:00,168.10474
2011-12-31 19:00:00,190.72144
2011-12-31 20:00:00,190.72144
2011-12-31 21:00:00,173.14452
2011-12-31 22:00:00,128.96591
2011-12-31 23:00:00,95.75144
2012-01-20 00:00:00,95.18319
2012-01-20 01:00:00,122.7347
2012-01-20 02:00:00,122.7347
2012-01-20 03:00:00,94.60993
2012-01-20 04:00:00,79.51557
2012-01-20 05:00:00,79.51557
2012-01-20 06:00:00,102.59675
2012-01-20 07:00:00,107.111725
2012-01-20 08:00:00,100.632225
2012-01-20 09:00:00,112.80608
2012-01-20 10:00:00,90.04514
2012-01-20 11:00:00,101.47546
2012-01-20 12:00:00,102.81578
2012-01-20 13:00:00,118.92622
2012-01-20 14:00:00,108.45072
2012-01-20 15:00:00,99.10549
2012-01-20 16:00:00,84.73494
2012-01-20 17:00:00,115.26602
2012-01-20 18:00:00,99.77098
2012-01-20 19:00:00,91.65414
2012-01-20 20:00:00,99.77098
2012-01-20 21:00:00,91.14896
2012-01-20 22:00:00,85.15415
2012-01-20 23:00:00,50.372406
2012-01-21 00:00:00,38.56662
2012-01-21 01:00:00,22.789917
2012-01-21 02:00:00,38.459236
2012-01-21 03:00:00,26.075348
2012-01-21 04:00:00,29.685602
2012-01-21 05:00:00,27.179214
2012-01-21 06:00:00,24.443901
2012-01-21 07:00:00,24.443901
2012-01-21 08:00:00,30.231852
2012-01-21 09:00:00,30.231852
2012-01-21 10:00:00,25.692644
2012-01-21 11:00:00,29.476833
2012-01-21 12:00:00,30.84794
2012-01-21 13:00:00,52.762344
2012-01-21 14:00:00,34.703262
2012-01-21 15:00:00,34.70327
2012-01-21 16:00:00,49.15966
2012-01-21 17:00:00,46.864113
2012-01-21 18:00:00,46.688934
2012-01-21 19:00:00,44.759514
2012-01-21 20:00:00,42.952652
2012-01-21 21:00:00,47.360435
2012-01-21 22:00:00,45.609917
2012-01-21 23:00:00,43.444527
2012-01-22 00:00:00,27.301405
2012-01-22 01:00:00,45.609917
2012-01-22 02:00:00,47.921295
2012-01-22 03:00:00,49.21093
2012-01-22 04:00:00,34.28282
2012-01-22 05:00:00,32.52307
2012-01-22 06:00:00,43.10916
2012-01-22 07:00:00,43.10916
2012-01-22 08:00:00,43.10916
2012-01-22 09:00:00,43.10916
2012-01-22 10:00:00,37.99601
2012-01-22 11:00:00,31.557766
2012-01-22 12:00:00,33.27282
2012-01-22 13:00:00,25.483395
2012-01-22 14:00:00,24.032818
2012-01-22 15:00:00,25.361712
2012-01-22 16:00:00,25.361712
2012-01-22 17:00:00,25.99216
2012-01-22 18:00:00,27.179214
2012-01-22 19:00:00,27.179214
2012-01-22 20:00:00,25.443548
2012-01-22 21:00:00,27.179214
2012-01-22 22:00:00,25.613298
2012-01-22 23:00:00,24.758623
2012-01-23 00:00:00,66.27806
2012-01-23 01:00:00,61.54487
2012-01-23 02:00:00,61.54487
2012-01-23 03:00:00,66.27804
2012-01-23 04:00:00,77.55488
2012-01-23 05:00:00,71.12188
2012-01-23 06:00:00,71.12188
2012-01-23 07:00:00,77.258316
2012-01-23 08:00:00,59.67717
2012-01-23 09:00:00,63.80298
2012-01-23 10:00:00,63.6167
2012-01-23 11:00:00,66.111786
2012-01-23 12:00:00,69.47323
2012-01-23 13:00:00,68.94003
2012-01-23 14:00:00,59.106506
2012-01-23 15:00:00,60.112442
2012-01-23 16:00:00,66.601974
2012-01-23 17:00:00,71.763016
2012-01-23 18:00:00,67.94839
2012-01-23 19:00:00,68.06491
2012-01-23 20:00:00,70.54477
2012-01-23 21:00:00,67.65524
2012-01-23 22:00:00,67.65524
2012-01-23 23:00:00,85.85821
2012-01-24 00:00:00,95.589134
2012-01-24 01:00:00,115.21784
2012-01-24 02:00:00,110.10442
2012-01-24 03:00:00,96.21667
2012-01-24 04:00:00,101.45488
2012-01-24 05:00:00,101.45488
2012-01-24 06:00:00,99.94143
2012-01-24 07:00:00,96.21667
2012-01-24 08:00:00,96.21667
2012-01-24 09:00:00,108.53045
2012-01-24 10:00:00,99.54914
2012-01-24 11:00:00,107.93696
2012-01-24 12:00:00,113.38113
2012-01-24 13:00:00,113.38113
2012-01-24 14:00:00,154.64354
2012-01-24 15:00:00,154.32819
2012-01-24 16:00:00,148.23517
2012-01-24 17:00:00,144.46814
2012-01-24 18:00:00,139.34059
2012-01-24 19:00:00,187.57706
2012-01-24 20:00:00,99.56919
2012-01-24 21:00:00,118.39747
2012-01-24 22:00:00,99.60401
2012-01-24 23:00:00,99.56919
2012-01-25 00:00:00,69.43055
2012-01-25 01:00:00,131.85204
2012-01-25 02:00:00,128.06671
2012-01-25 03:00:00,118.81201
2012-01-25 04:00:00,111.62418
2012-01-25 05:00:00,111.62418
2012-01-25 06:00:00,114.36048
2012-01-25 07:00:00,112.65096
2012-01-25 08:00:00,108.45596
2012-01-25 09:00:00,108.45596
2012-01-25 10:00:00,80.12556
2012-01-25 11:00:00,105.13894
2012-01-25 12:00:00,148.83131
2012-01-25 13:00:00,158.3485
2012-01-25 14:00:00,140.85968
2012-01-25 15:00:00,102.622116
2012-01-25 16:00:00,154.41731
2012-01-25 17:00:00,161.5366
2012-01-25 18:00:00,121.21995
2012-01-25 19:00:00,113.83556
2012-01-25 20:00:00,136.80511
2012-01-25 21:00:00,102.62092
2012-01-25 22:00:00,97.63877
2012-01-25 23:00:00,112.11524
2012-01-26 00:00:00,85.98513
2012-01-26 01:00:00,108.18208
2012-01-26 02:00:00,96.72537
2012-01-26 03:00:00,92.76022
2012-01-26 04:00:00,90.00275
2012-01-26 05:00:00,96.20771
2012-01-26 06:00:00,102.764244
2012-01-26 07:00:00,93.60023
2012-01-26 08:00:00,93.60023
2012-01-26 09:00:00,110.27242
2012-01-26 10:00:00,86.6465
2012-01-26 11:00:00,97.403465
2012-01-26 12:00:00,101.81687
2012-01-26 13:00:00,140.29584
2012-01-26 14:00:00,139.91652
2012-01-26 15:00:00,150.397
2012-01-26 16:00:00,143.03554
2012-01-26 17:00:00,152.71365
2012-01-26 18:00:00,152.71365
2012-01-26 19:00:00,137.73695
2012-01-26 20:00:00,130.66827
2012-01-26 21:00:00,137.73695
2012-01-26 22:00:00,118.94807
2012-01-26 23:00:00,141.23483
2012-01-27 00:00:00,150.32098
2012-01-27 01:00:00,149.77637
2012-01-27 02:00:00,134.25507
2012-01-27 03:00:00,156.95866
2012-01-27 04:00:00,147.26196
2012-01-27 05:00:00,152.67395
2012-01-27 06:00:00,154.33434
2012-01-27 07:00:00,154.51881
2012-01-27 08:00:00,160.60725
2012-01-27 09:00:00,160.60725
2012-01-27 10:00:00,141.22102
2012-01-27 11:00:00,156.27686
2012-01-27 12:00:00,173.71217
2012-01-27 13:00:00,219.85072
2012-01-27 14:00:00,231.7501
2012-01-27 15:00:00,210.518
2012-01-27 16:00:00,213.6459
2012-01-27 17:00:00,211.07956
2012-01-27 18:00:00,192.0661
2012-01-27 19:00:00,161.48212
2012-01-27 20:00:00,148.88153
2012-01-27 21:00:00,165.68501
2012-01-27 22:00:00,153.87383
2012-01-27 23:00:00,150.69669
2012-01-28 00:00:00,115.95501
2012-01-28 01:00:00,116.38468
2012-01-28 02:00:00,64.89219
2012-01-28 03:00:00,75.35547
2012-01-28 04:00:00,56.475014
2012-01-28 05:00:00,47.99498
2012-01-28 06:00:00,51.00168
2012-01-28 07:00:00,49.78327
2012-01-28 08:00:00,44.2437
2012-01-28 09:00:00,46.729286
2012-01-28 10:00:00,52.61129
2012-01-28 11:00:00,87.24152
2012-01-28 12:00:00,106.885155
2012-01-28 13:00:00,129.60666
2012-01-28 14:00:00,206.93097
2012-01-28 15:00:00,216.69768
2012-01-28 16:00:00,224.4253
2012-01-28 17:00:00,223.71542
2012-01-28 18:00:00,235.70914
2012-01-28 19:00:00,214.13936
2012-01-28 20:00:00,224.6553
2012-01-28 21:00:00,194.50165
2012-01-28 22:00:00,185.27881
2012-01-28 23:00:00,173.97003
2012-01-29 00:00:00,156.81207
2012-01-29 01:00:00,161.06522
2012-01-29 02:00:00,152.55542
2012-01-29 03:00:00,137.65067
2012-01-29 04:00:00,110.35978
2012-01-29 05:00:00,48.03636
2012-01-29 06:00:00,80.935616
2012-01-29 07:00:00,94.59858
2012-01-29 08:00:00,77.06709
2012-01-29 09:00:00,65.691666
2012-01-29 10:00:00,114.22739
2012-01-29 11:00:00,146.94865
2012-01-29 12:00:00,175.25308
2012-01-29 13:00:00,175.25308
2012-01-29 14:00:00,173.51436
2012-01-29 15:00:00,221.58105
2012-01-29 16:00:00,209.63675
2012-01-29 17:00:00,209.63675
2012-01-29 18:00:00,187.11395
2012-01-29 19:00:00,166.9944
2012-01-29 20:00:00,150.49261
2012-01-29 21:00:00,157.63084
2012-01-29 22:00:00,170.60098
2012-01-29 23:00:00,154.8083
2012-01-30 00:00:00,120.25917
2012-01-30 01:00:00,108.822365
2012-01-30 02:00:00,108.75407
2012-01-30 03:00:00,104.73371
2012-01-30 04:00:00,92.775764
2012-01-30 05:00:00,92.775764
2012-01-30 06:00:00,103.31556
2012-01-30 07:00:00,104.33307
2012-01-30 08:00:00,95.19866
2012-01-30 09:00:00,95.19866
2012-01-30 10:00:00,107.514114
2012-01-30 11:00:00,64.13969
2012-01-30 12:00:00,136.38947
2012-01-30 13:00:00,131.93729
2012-01-30 14:00:00,185.71658
2012-01-30 15:00:00,164.24023
2012-01-30 16:00:00,175.45493
2012-01-30 17:00:00,249.44504
2012-01-30 18:00:00,200.67334
2012-01-30 19:00:00,143.591
2012-01-30 20:00:00,138.44334
2012-01-30 21:00:00,139.06924
2012-01-30 22:00:00,122.73683
2012-01-30 23:00:00,114.672745
2012-01-31 00:00:00,122.25355
2012-01-31 01:00:00,135.34686
2012-01-31 02:00:00,133.79047
2012-01-31 03:00:00,131.57378
2012-01-31 04:00:00,127.11315
2012-01-31 05:00:00,127.11315
2012-01-31 06:00:00,118.36346
2012-01-31 07:00:00,114.67276
2012-01-31 08:00:00,91.11912
2012-01-31 09:00:00,126.781624
2012-01-31 10:00:00,118.20315
2012-01-31 11:00:00,190.78162
2012-01-31 12:00:00,179.19067
2012-01-31 13:00:00,219.29453
2012-01-31 14:00:00,317.13538
2012-01-31 15:00:00,322.93082
2012-01-31 16:00:00,322.93082
2012-01-31 17:00:00,311.37665
2012-01-31 18:00:00,269.62546
2012-01-31 19:00:00,321.78745
2012-01-31 20:00:00,152.90616
2012-01-31 21:00:00,248.39725
2012-01-31 22:00:00,219.20915
2012-01-31 23:00:00,204.89262
2012-02-20 00:00:00,29.960176
2012-02-20 01:00:00,29.960176
2012-02-20 02:00:00,29.960176
2012-02-20 03:00:00,44.42858
2012-02-20 05:00:00,56.58503
2012-02-20 06:00:00,103.18043
2012-02-20 07:00:00,57.387573
2012-02-20 08:00:00,54.36454
2012-02-20 09:00:00,54.36454
2012-02-20 10:00:00,89.32931
2012-02-20 11:00:00,120.93825
2012-02-20 12:00:00,129.72339
2012-02-20 13:00:00,139.01279
2012-02-20 14:00:00,156.95966
2012-02-20 15:00:00,169.87917
2012-02-20 16:00:00,229.74658
2012-02-20 17:00:00,271.79526
2012-02-20 18:00:00,169.87917
2012-02-20 19:00:00,169.87917
2012-02-20 20:00:00,172.37717
2012-02-20 21:00:00,146.99625
2012-02-20 22:00:00,166.02744
2012-02-20 23:00:00,103.19439
2012-02-21 00:00:00,84.91836
2012-02-21 01:00:00,94.51783
2012-02-21 02:00:00,86.39175
2012-02-21 04:00:00,75.343925
2012-02-21 05:00:00,71.97441
2012-02-21 06:00:00,67.50986
2012-02-21 07:00:00,75.343925
2012-02-21 08:00:00,66.64304
2012-02-21 09:00:00,76.06537
2012-02-21 10:00:00,115.69684
2012-02-21 11:00:00,89.29355
2012-02-21 12:00:00,107.13462
2012-02-21 13:00:00,156.30261
2012-02-21 14:00:00,129.51756
2012-02-21 15:00:00,156.30261
2012-02-21 16:00:00,165.92113
2012-02-21 17:00:00,196.35536
2012-02-21 18:00:00,196.35536
2012-02-21 19:00:00,158.25403
2012-02-21 20:00:00,141.83536
2012-02-21 21:00:00,141.14185
2012-02-21 22:00:00,129.35513
2012-02-21 23:00:00,135.1707
2012-02-22 00:00:00,135.1707
2012-02-22 01:00:00,115.8693
2012-02-22 02:00:00,140.46832
2012-02-22 03:00:00,123.716225
2012-02-22 04:00:00,132.45593
2012-02-22 05:00:00,104.32082
2012-02-22 06:00:00,119.56725
2012-02-22 07:00:00,101.388435
2012-02-22 08:00:00,96.85207
2012-02-22 09:00:00,101.74293
2012-02-22 10:00:00,106.7436
2012-02-22 11:00:00,145.66876
2012-02-22 12:00:00,168.64313
2012-02-22 13:00:00,188.1565
2012-02-22 14:00:00,195.4429
2012-02-22 15:00:00,287.7282
2012-02-22 16:00:00,306.9898
2012-02-22 17:00:00,314.70282
2012-02-22 18:00:00,204.987
2012-02-22 19:00:00,186.88681
2012-02-22 20:00:00,190.96657
2012-02-22 21:00:00,223.7149
2012-02-22 22:00:00,176.58174
2012-02-22 23:00:00,191.1553
2012-02-23 00:00:00,176.58174
2012-02-23 01:00:00,164.46294
2012-02-23 02:00:00,162.49811
2012-02-23 03:00:00,147.53053
2012-02-23 04:00:00,172.243
2012-02-23 05:00:00,172.243
2012-02-23 06:00:00,133.40031
2012-02-23 07:00:00,154.64354
2012-02-23 08:00:00,125.96405
2012-02-23 09:00:00,155.98889
2012-02-23 10:00:00,183.23071
2012-02-23 11:00:00,216.06694
2012-02-23 12:00:00,223.98923
2012-02-23 13:00:00,279.82767
2012-02-23 14:00:00,270.69128
2012-02-23 15:00:00,348.44055
2012-02-23 16:00:00,355.8811
2012-02-23 17:00:00,352.11545
2012-02-23 18:00:00,310.58902
2012-02-23 19:00:00,251.8543
2012-02-23 20:00:00,229.37659
2012-02-23 21:00:00,197.254
2012-02-23 22:00:00,195.12167
2012-02-23 23:00:00,120.15903
2012-02-24 00:00:00,161.80594
2012-02-24 01:00:00,192.08072
2012-02-24 02:00:00,132.59756
2012-02-24 03:00:00,142.11882
2012-02-24 04:00:00,132.74878
2012-02-24 05:00:00,139.39442
2012-02-24 06:00:00,133.48999
2012-02-24 07:00:00,151.68817
2012-02-24 08:00:00,138.66473
2012-02-24 09:00:00,105.319
2012-02-24 10:00:00,101.619606
2012-02-24 11:00:00,118.17265
2012-02-24 12:00:00,135.3697
2012-02-24 13:00:00,150.397
2012-02-24 14:00:00,161.94
2012-02-24 15:00:00,122.978546
2012-02-24 16:00:00,122.978546
2012-02-24 17:00:00,142.72229
2012-02-24 18:00:00,141.18617
2012-02-24 19:00:00,147.15193
2012-02-24 20:00:00,201.50128
2012-02-24 21:00:00,153.21667
2012-02-24 22:00:00,198.12006
2012-02-24 23:00:00,172.6254
2012-02-25 00:00:00,186.68103
2012-02-25 01:00:00,173.72313
2012-02-25 02:00:00,145.97069
2012-02-25 03:00:00,135.88063
2012-02-25 04:00:00,158.6034
2012-02-25 05:00:00,135.82938
2012-02-25 06:00:00,135.82938
2012-02-25 07:00:00,155.58913
2012-02-25 08:00:00,87.91258
2012-02-25 09:00:00,42.807495
2012-02-25 10:00:00,68.97793
2012-02-25 11:00:00,165.4907
2012-02-25 12:00:00,142.41185
2012-02-25 13:00:00,170.225
2012-02-25 14:00:00,161.87338
2012-02-25 15:00:00,169.99643
2012-02-25 16:00:00,148.75046
2012-02-25 17:00:00,157.03996
2012-02-25 18:00:00,145.84628
2012-02-25 19:00:00,140.88498
2012-02-25 20:00:00,134.94043
2012-02-25 21:00:00,129.37785
2012-02-25 22:00:00,140.75282
2012-02-25 23:00:00,136.91881
2012-02-26 00:00:00,126.6706
2012-02-26 01:00:00,102.216446
2012-02-26 02:00:00,102.216446
2012-02-26 03:00:00,100.79106
2012-02-26 04:00:00,100.79106
2012-02-26 05:00:00,87.89434
2012-02-26 06:00:00,87.04897
2012-02-26 07:00:00,59.748344
2012-02-26 08:00:00,67.57299
2012-02-26 09:00:00,84.352135
2012-02-26 10:00:00,116.31846
2012-02-26 11:00:00,137.30307
2012-02-26 12:00:00,136.11142
2012-02-26 13:00:00,133.56693
2012-02-26 14:00:00,212.76146
2012-02-26 15:00:00,297.1313
2012-02-26 16:00:00,187.50452
2012-02-26 17:00:00,195.50446
2012-02-26 18:00:00,175.35895
2012-02-26 19:00:00,186.3817
2012-02-26 20:00:00,145.19783
2012-02-26 21:00:00,128.67221
2012-02-26 22:00:00,138.30292
2012-02-26 23:00:00,68.74289
2012-02-27 00:00:00,112.58541
2012-02-27 01:00:00,117.04365
2012-02-27 02:00:00,105.87533
2012-02-27 03:00:00,97.84173
2012-02-27 04:00:00,81.81602
2012-02-27 05:00:00,81.81602
2012-02-27 06:00:00,108.45596
2012-02-27 07:00:00,107.58162
2012-02-27 08:00:00,74.89988
2012-02-27 09:00:00,114.67276
2012-02-27 10:00:00,141.89906
2012-02-27 11:00:00,156.28746
2012-02-27 12:00:00,191.32892
2012-02-27 13:00:00,177.5947
2012-02-27 14:00:00,225.3638
2012-02-27 15:00:00,314.37537
2012-02-27 16:00:00,322.93082
2012-02-27 17:00:00,270.66022
2012-02-27 18:00:00,338.84528
2012-02-27 19:00:00,314.6786
2012-02-27 20:00:00,273.5796
2012-02-27 21:00:00,225.3638
2012-02-27 22:00:00,198.5614
2012-02-27 23:00:00,202.85889
2012-02-28 00:00:00,194.49449
2012-02-28 01:00:00,169.9797
2012-02-28 02:00:00,166.08888
2012-02-28 03:00:00,207.71278
2012-02-28 04:00:00,147.53766
2012-02-28 05:00:00,147.53766
2012-02-28 06:00:00,137.38469
2012-02-28 07:00:00,128.26826
2012-02-28 08:00:00,114.93452
2012-02-28 09:00:00,135.03986
2012-02-28 10:00:00,135.34686
2012-02-28 11:00:00,150.4943
2012-02-28 12:00:00,176.38724
2012-02-28 13:00:00,183.12445
2012-02-28 14:00:00,268.302
2012-02-28 15:00:00,315.4917
2012-02-28 16:00:00,294.63052
2012-02-28 17:00:00,315.4917
2012-02-28 18:00:00,261.55096
2012-02-28 19:00:00,271.58575
2012-02-28 20:00:00,231.56088
2012-02-28 21:00:00,161.12321
2012-02-28 22:00:00,161.12321
2012-02-28 23:00:00,135.55133
2012-02-29 00:00:00,130.70421
2012-02-29 01:00:00,139.9144
2012-02-29 02:00:00,128.38132
2012-02-29 03:00:00,92.45334
2012-02-29 05:00:00,86.118675
2012-02-29 06:00:00,92.76022
2012-02-29 07:00:00,74.525215
2012-02-29 08:00:00,85.98513
2012-02-29 09:00:00,76.796394
2012-02-29 10:00:00,76.796394
2012-02-29 11:00:00,73.746864
2012-02-29 12:00:00,83.15061
2012-02-29 13:00:00,120.684746
2012-02-29 14:00:00,120.684746
2012-02-29 15:00:00,146.66086
2012-02-29 16:00:00,122.86188
2012-02-29 17:00:00,133.48999
2012-02-29 18:00:00,154.52605
2012-02-29 19:00:00,136.29082
2012-02-29 20:00:00,124.89561
2012-02-29 21:00:00,124.89561
2012-02-29 22:00:00,127.85906
2012-02-29 23:00:00,127.85906
2012-03-20 00:00:00,184.22116
2012-03-20 01:00:00,166.17975
2012-03-20 02:00:00,162.87323
2012-03-20 03:00:00,181.8761
2012-03-20 04:00:00,177.35986
2012-03-20 05:00:00,172.75955
2012-03-20 06:00:00,177.55373
2012-03-20 07:00:00,169.18297
2012-03-20 08:00:00,171.57462
2012-03-20 09:00:00,193.64359
2012-03-20 10:00:00,200.941
2012-03-20 11:00:00,198.4842
2012-03-20 12:00:00,246.28796
2012-03-20 13:00:00,233.2172
2012-03-20 14:00:00,241.40698
2012-03-20 15:00:00,236.17369
2012-03-20 16:00:00,275.2905
2012-03-20 17:00:00,243.18832
2012-03-20 18:00:00,251.90088
2012-03-20 19:00:00,201.92558
2012-03-20 20:00:00,193.23013
2012-03-20 21:00:00,164.98901
2012-03-20 22:00:00,166.39024
2012-03-20 23:00:00,162.35458
2012-03-21 00:00:00,122.6244
2012-03-21 01:00:00,125.982704
2012-03-21 02:00:00,107.44129
2012-03-21 03:00:00,151.67578
2012-03-21 04:00:00,130.7975
2012-03-21 05:00:00,130.7975
2012-03-21 06:00:00,138.15558
2012-03-21 07:00:00,126.33345
2012-03-21 08:00:00,146.68425
2012-03-21 09:00:00,140.04495
2012-03-21 10:00:00,162.78967
2012-03-21 11:00:00,162.78967
2012-03-21 12:00:00,153.98502
2012-03-21 13:00:00,160.77339
2012-03-21 14:00:00,157.12764
2012-03-21 15:00:00,157.12764
2012-03-21 16:00:00,130.25662
2012-03-21 17:00:00,182.74957
2012-03-21 18:00:00,147.66934
2012-03-21 19:00:00,164.34335
2012-03-21 20:00:00,141.9654
2012-03-21 21:00:00,132.39983
2012-03-21 22:00:00,140.50034
2012-03-21 23:00:00,143.08636
2012-03-22 00:00:00,125.982704
2012-03-22 01:00:00,125.982704
2012-03-22 02:00:00,125.982704
2012-03-22 03:00:00,125.982704
2012-03-22 04:00:00,117.662674
2012-03-22 05:00:00,117.662674
2012-03-22 06:00:00,117.662674
2012-03-22 07:00:00,117.662674
2012-03-22 08:00:00,124.287544
2012-03-22 09:00:00,124.287544
2012-03-22 10:00:00,121.589226
2012-03-22 11:00:00,138.18788
2012-03-22 12:00:00,170.93628
2012-03-22 13:00:00,146.15366
2012-03-22 14:00:00,175.98846
2012-03-22 15:00:00,249.89372
2012-03-22 16:00:00,267.69653
2012-03-22 17:00:00,273.84216
2012-03-22 18:00:00,273.84216
2012-03-22 19:00:00,173.49323
2012-03-22 20:00:00,248.02129
2012-03-22 21:00:00,182.91087
2012-03-22 22:00:00,181.14645
2012-03-22 23:00:00,140.42
2012-03-23 00:00:00,145.39989
2012-03-23 01:00:00,131.25764
2012-03-23 02:00:00,111.56214
2012-03-23 03:00:00,106.66859
2012-03-23 04:00:00,124.95312
2012-03-23 05:00:00,128.08868
2012-03-23 06:00:00,141.34105
2012-03-23 07:00:00,129.8349
2012-03-23 08:00:00,129.66708
2012-03-23 09:00:00,142.81331
2012-03-23 10:00:00,158.92819
2012-03-23 11:00:00,183.68463
2012-03-23 12:00:00,291.41983
2012-03-23 13:00:00,285.14648
2012-03-23 14:00:00,375.70004
2012-03-23 15:00:00,382.81512
2012-03-23 16:00:00,381.17828
2012-03-23 17:00:00,381.17828
2012-03-23 18:00:00,357.38147
2012-03-23 19:00:00,315.51282
2012-03-23 20:00:00,315.13147
2012-03-23 21:00:00,274.11218
2012-03-23 22:00:00,240.22067
2012-03-23 23:00:00,239.30072
2012-03-24 00:00:00,109.023186
2012-03-24 01:00:00,116.34872
2012-03-24 02:00:00,103.18105
2012-03-24 03:00:00,103.18105
2012-03-24 04:00:00,85.30636
2012-03-24 05:00:00,101.50764
2012-03-24 06:00:00,101.50764
2012-03-24 07:00:00,95.83651
2012-03-24 08:00:00,76.979294
2012-03-24 09:00:00,107.12458
2012-03-24 10:00:00,90.56657
2012-03-24 11:00:00,76.979294
2012-03-24 12:00:00,76.00289
2012-03-24 13:00:00,79.003815
2012-03-24 14:00:00,118.16688
2012-03-24 15:00:00,90.79058
2012-03-24 16:00:00,74.902245
2012-03-24 17:00:00,79.38447
2012-03-24 18:00:00,67.19404
2012-03-24 19:00:00,87.11645
2012-03-24 20:00:00,68.13559
2012-03-24 21:00:00,68.13559
2012-03-24 22:00:00,57.12004
2012-03-24 23:00:00,60.262
2012-03-25 00:00:00,60.262
2012-03-25 01:00:00,51.41857
2012-03-25 02:00:00,53.729095
2012-03-25 03:00:00,53.9741
2012-03-25 04:00:00,56.551125
2012-03-25 05:00:00,47.71463
2012-03-25 06:00:00,47.71463
2012-03-25 07:00:00,52.721786
2012-03-25 08:00:00,52.721786
2012-03-25 09:00:00,52.818
2012-03-25 10:00:00,58.90217
2012-03-25 11:00:00,52.818
2012-03-25 12:00:00,51.411278
2012-03-25 13:00:00,64.23833
2012-03-25 14:00:00,69.37051
2012-03-25 15:00:00,64.46562
2012-03-25 16:00:00,60.280777
2012-03-25 17:00:00,96.36591
2012-03-25 18:00:00,96.36591
2012-03-25 19:00:00,162.97717
2012-03-25 20:00:00,115.36698
2012-03-25 21:00:00,81.01255
2012-03-25 22:00:00,72.200554
2012-03-25 23:00:00,78.08208
2012-03-26 00:00:00,145.94577
2012-03-26 01:00:00,184.55942
2012-03-26 02:00:00,139.52112
2012-03-26 03:00:00,144.0757
2012-03-26 04:00:00,117.81144
2012-03-26 05:00:00,128.54234
2012-03-26 06:00:00,124.81669
2012-03-26 07:00:00,166.49422
2012-03-26 08:00:00,183.93579
2012-03-26 09:00:00,186.29694
2012-03-26 10:00:00,243.06613
2012-03-26 11:00:00,232.07695
2012-03-26 12:00:00,242.30562
2012-03-26 13:00:00,214.96909
2012-03-26 14:00:00,259.92993
2012-03-26 15:00:00,230.6369
2012-03-26 16:00:00,216.14383
2012-03-26 17:00:00,326.32822
2012-03-26 18:00:00,289.51654
2012-03-26 19:00:00,318.05392
2012-03-26 20:00:00,215.41571
2012-03-26 21:00:00,215.73737
2012-03-26 22:00:00,251.69067
2012-03-26 23:00:00,170.22006
2012-03-27 00:00:00,167.93167
2012-03-27 01:00:00,183.27034
2012-03-27 02:00:00,179.33655
2012-03-27 03:00:00,179.73889
2012-03-27 04:00:00,171.22847
2012-03-27 05:00:00,152.10034
2012-03-27 06:00:00,125.11762
2012-03-27 07:00:00,125.11762
2012-03-27 08:00:00,153.75067
2012-03-27 09:00:00,126.84322
2012-03-27 10:00:00,140.65097
2012-03-27 11:00:00,209.98965
2012-03-27 12:00:00,210.73965
2012-03-27 13:00:00,185.28943
2012-03-27 14:00:00,267.18298
2012-03-27 15:00:00,296.38272
2012-03-27 16:00:00,296.38272
2012-03-27 17:00:00,354.06653
2012-03-27 18:00:00,338.18756
2012-03-27 19:00:00,327.3744
2012-03-27 20:00:00,338.18756
2012-03-27 21:00:00,185.60852
2012-03-27 22:00:00,203.43237
2012-03-27 23:00:00,174.97006
2012-03-28 00:00:00,166.6876
2012-03-28 01:00:00,158.47484
2012-03-28 02:00:00,149.77942
2012-03-28 03:00:00,162.92667
2012-03-28 04:00:00,163.22308
2012-03-28 05:00:00,163.22308
2012-03-28 06:00:00,162.7858
2012-03-28 07:00:00,160.63394
2012-03-28 08:00:00,168.17032
2012-03-28 09:00:00,187.41743
2012-03-28 10:00:00,211.36694
2012-03-28 11:00:00,225.66959
2012-03-28 12:00:00,244.76373
2012-03-28 13:00:00,244.19244
2012-03-28 14:00:00,337.06165
2012-03-28 15:00:00,260.05408
2012-03-28 16:00:00,260.84317
2012-03-28 17:00:00,275.95462
2012-03-28 18:00:00,275.95462
2012-03-28 19:00:00,285.32843
2012-03-28 20:00:00,235.06218
2012-03-28 21:00:00,247.02863
2012-03-28 22:00:00,199.2039
2012-03-28 23:00:00,175.52292
2012-03-29 00:00:00,215.07025
2012-03-29 01:00:00,221.8584
2012-03-29 02:00:00,376.05414
2012-03-29 03:00:00,402.38208
2012-03-29 04:00:00,227.8911
2012-03-29 05:00:00,212.52834
2012-03-29 06:00:00,191.4354
2012-03-29 07:00:00,188.68954
2012-03-29 08:00:00,199.78258
2012-03-29 09:00:00,206.95927
2012-03-29 10:00:00,203.6518
2012-03-29 11:00:00,221.884
2012-03-29 12:00:00,237.4038
2012-03-29 13:00:00,195.73279
2012-03-29 14:00:00,224.62738
2012-03-29 15:00:00,245.30415
2012-03-29 16:00:00,262.79596
2012-03-29 17:00:00,254.00528
2012-03-29 18:00:00,219.0505
2012-03-29 19:00:00,206.57346
2012-03-29 20:00:00,205.67749
2012-03-29 21:00:00,182.65488
2012-03-29 22:00:00,174.28593
2012-03-29 23:00:00,172.81772
2012-03-30 00:00:00,166.87216
2012-03-30 01:00:00,158.26073
2012-03-30 02:00:00,148.4426
2012-03-30 03:00:00,104.66887
2012-03-30 04:00:00,121.4468
2012-03-30 05:00:00,95.07996
2012-03-30 06:00:00,123.227936
2012-03-30 07:00:00,130.56311
2012-03-30 08:00:00,96.639984
2012-03-30 09:00:00,141.72737
2012-03-30 10:00:00,120.09501
2012-03-30 11:00:00,93.60088
2012-03-30 12:00:00,97.43995
2012-03-30 13:00:00,114.58757
2012-03-30 14:00:00,128.24457
2012-03-30 15:00:00,127.8475
2012-03-30 16:00:00,124.073235
2012-03-30 17:00:00,146.27518
2012-03-30 18:00:00,188.25145
2012-03-30 19:00:00,171.75224
2012-03-30 20:00:00,169.61119
2012-03-30 21:00:00,121.47346
2012-03-30 22:00:00,95.8921
2012-03-30 23:00:00,87.24701
2012-03-31 00:00:00,57.95218
2012-03-31 01:00:00,63.32898
2012-03-31 02:00:00,89.95934
2012-03-31 03:00:00,60.655533
2012-03-31 04:00:00,125.93258
2012-03-31 05:00:00,62.340096
2012-03-31 06:00:00,38.6923
2012-03-31 07:00:00,38.6923
2012-03-31 08:00:00,38.766617
2012-03-31 09:00:00,63.32898
2012-03-31 10:00:00,75.345055
2012-03-31 11:00:00,80.66131
2012-03-31 12:00:00,80.63223
2012-03-31 13:00:00,139.17838
2012-03-31 14:00:00,176.32343
2012-03-31 15:00:00,209.25214
2012-03-31 16:00:00,179.12148
2012-03-31 17:00:00,191.43192
2012-03-31 18:00:00,139.26872
2012-03-31 19:00:00,140.95992
2012-03-31 20:00:00,111.610756
2012-03-31 21:00:00,111.610756
2012-03-31 22:00:00,86.5619
2012-03-31 23:00:00,46.88871
2012-04-20 00:00:00,136.84927
2012-04-20 01:00:00,144.0757
2012-04-20 02:00:00,118.265396
2012-04-20 03:00:00,90.932915
2012-04-20 04:00:00,84.061806
2012-04-20 05:00:00,64.58201
2012-04-20 06:00:00,69.881
2012-04-20 07:00:00,64.58201
2012-04-20 08:00:00,70.82618
2012-04-20 09:00:00,92.50247
2012-04-20 10:00:00,176.93909
2012-04-20 11:00:00,196.78314
2012-04-20 12:00:00,262.06732
2012-04-20 13:00:00,339.6096
2012-04-20 14:00:00,334.86197
2012-04-20 15:00:00,325.69107
2012-04-20 16:00:00,352.1873
2012-04-20 17:00:00,263.3797
2012-04-20 18:00:00,236.97133
2012-04-20 19:00:00,288.65546
2012-04-20 20:00:00,254.0707
2012-04-20 21:00:00,182.82213
2012-04-20 22:00:00,219.39236
2012-04-20 23:00:00,157.82822
2012-04-21 00:00:00,136.7778
2012-04-21 01:00:00,136.7778
2012-04-21 02:00:00,94.0056
2012-04-21 03:00:00,104.492455
2012-04-21 04:00:00,119.62171
2012-04-21 05:00:00,119.62171
2012-04-21 06:00:00,104.49245
2012-04-21 07:00:00,133.9018
2012-04-21 08:00:00,135.85812
2012-04-21 09:00:00,101.813736
2012-04-21 10:00:00,293.83258
2012-04-21 11:00:00,315.89886
2012-04-21 12:00:00,300.7468
2012-04-21 13:00:00,308.62372
2012-04-21 14:00:00,408.99573
2012-04-21 15:00:00,521.06146
2012-04-21 16:00:00,445.2013
2012-04-21 17:00:00,612.2642
2012-04-21 18:00:00,328.0959
2012-04-21 19:00:00,207.04245
2012-04-21 20:00:00,118.951546
2012-04-21 21:00:00,125.619995
2012-04-21 22:00:00,129.23853
2012-04-21 23:00:00,106.531364
2012-04-22 00:00:00,75.16466
2012-04-22 01:00:00,112.05226
2012-04-22 02:00:00,153.62431
2012-04-22 03:00:00,74.10489
2012-04-22 04:00:00,80.926216
2012-04-22 05:00:00,89.77473
2012-04-22 06:00:00,133.35698
2012-04-22 07:00:00,87.937584
2012-04-22 08:00:00,57.703384
2012-04-22 09:00:00,57.703384
2012-04-22 10:00:00,47.975967
2012-04-22 11:00:00,47.46279
2012-04-22 12:00:00,45.843727
2012-04-22 13:00:00,48.628624
2012-04-22 14:00:00,45.843727
2012-04-22 15:00:00,46.57392
2012-04-22 16:00:00,56.12657
2012-04-22 17:00:00,48.397446
2012-04-22 18:00:00,48.397446
2012-04-22 19:00:00,51.601135
2012-04-22 20:00:00,53.699898
2012-04-22 21:00:00,57.674805
2012-04-22 22:00:00,49.060402
2012-04-22 23:00:00,55.961853
2012-04-23 00:00:00,78.01
2012-04-23 01:00:00,54.985176
2012-04-23 02:00:00,73.45886
2012-04-23 03:00:00,84.47696
2012-04-23 04:00:00,53.18106
2012-04-23 05:00:00,53.18106
2012-04-23 06:00:00,70.75524
2012-04-23 07:00:00,53.654198
2012-04-23 08:00:00,82.007645
2012-04-23 09:00:00,78.37033
2012-04-23 10:00:00,101.36814
2012-04-23 11:00:00,98.49769
2012-04-23 12:00:00,82.64706
2012-04-23 13:00:00,96.01165
2012-04-23 14:00:00,118.15382
2012-04-23 15:00:00,120.80605
2012-04-23 16:00:00,51.086998
2012-04-23 17:00:00,49.69037
2012-04-23 18:00:00,83.860344
2012-04-23 19:00:00,95.39563
2012-04-23 20:00:00,78.972404
2012-04-23 21:00:00,80.08881
2012-04-23 22:00:00,87.921616
2012-04-23 23:00:00,75.53686
2012-04-24 00:00:00,85.107056
2012-04-24 01:00:00,78.198006
2012-04-24 02:00:00,85.04706
2012-04-24 03:00:00,95.36054
2012-04-24 04:00:00,106.878075
2012-04-24 05:00:00,106.878075
2012-04-24 06:00:00,104.93832
2012-04-24 07:00:00,120.8962
2012-04-24 08:00:00,131.13657
2012-04-24 09:00:00,172.22525
2012-04-24 10:00:00,172.81772
2012-04-24 11:00:00,279.30832
2012-04-24 12:00:00,316.71402
2012-04-24 13:00:00,331.58704
2012-04-24 14:00:00,355.81348
2012-04-24 15:00:00,363.00568
2012-04-24 16:00:00,378.1519
2012-04-24 17:00:00,369.53363
2012-04-24 18:00:00,370.02924
2012-04-24 19:00:00,405.65173
2012-04-24 20:00:00,399.34375
2012-04-24 21:00:00,247.56009
2012-04-24 22:00:00,223.74887
2012-04-24 23:00:00,197.30545
2012-04-25 00:00:00,177.54675
2012-04-25 01:00:00,149.50923
2012-04-25 02:00:00,85.96473
2012-04-25 03:00:00,77.12892
2012-04-25 04:00:00,80.367966
2012-04-25 05:00:00,87.803055
2012-04-25 06:00:00,87.803055
2012-04-25 07:00:00,74.492
2012-04-25 08:00:00,76.46705
2012-04-25 09:00:00,86.543785
2012-04-25 10:00:00,255.10268
2012-04-25 11:00:00,308.75873
2012-04-25 12:00:00,380.43372
2012-04-25 13:00:00,408.3949
2012-04-25 14:00:00,410.4254
2012-04-25 15:00:00,406.16385
2012-04-25 16:00:00,346.08493
2012-04-25 17:00:00,363.6997
2012-04-25 18:00:00,378.3944
2012-04-25 19:00:00,430.2975
2012-04-25 20:00:00,379.23074
2012-04-25 21:00:00,226.63637
2012-04-25 22:00:00,116.27093
2012-04-25 23:00:00,192.17117
2012-04-26 00:00:00,119.21716
2012-04-26 01:00:00,176.8259
2012-04-26 02:00:00,193.22986
2012-04-26 03:00:00,186.19621
2012-04-26 04:00:00,166.52454
2012-04-26 05:00:00,172.19623
2012-04-26 06:00:00,174.90475
2012-04-26 07:00:00,142.59105
2012-04-26 08:00:00,141.89706
2012-04-26 09:00:00,129.69203
2012-04-26 10:00:00,115.172104
2012-04-26 11:00:00,129.89032
2012-04-26 12:00:00,151.04182
2012-04-26 13:00:00,155.75613
2012-04-26 14:00:00,195.95581
2012-04-26 15:00:00,184.9943
2012-04-26 16:00:00,192.09753
2012-04-26 17:00:00,173.34212
2012-04-26 18:00:00,195.95581
2012-04-26 19:00:00,204.45145
2012-04-26 20:00:00,198.09653
2012-04-26 21:00:00,188.56937
2012-04-26 22:00:00,140.50034
2012-04-26 23:00:00,123.55108
2012-04-27 00:00:00,223.29315
2012-04-27 01:00:00,205.93178
2012-04-27 02:00:00,198.67502
2012-04-27 03:00:00,201.59622
2012-04-27 04:00:00,168.65488
2012-04-27 05:00:00,179.64131
2012-04-27 06:00:00,164.69629
2012-04-27 07:00:00,158.26073
2012-04-27 08:00:00,85.909645
2012-04-27 09:00:00,198.9778
2012-04-27 10:00:00,210.15211
2012-04-27 11:00:00,201.51558
2012-04-27 12:00:00,226.87172
2012-04-27 13:00:00,253.95511
2012-04-27 14:00:00,250.05768
2012-04-27 15:00:00,315.54007
2012-04-27 16:00:00,346.3241
2012-04-27 17:00:00,372.66803
2012-04-27 18:00:00,387.28668
2012-04-27 19:00:00,344.23923
2012-04-27 20:00:00,259.92517
2012-04-27 21:00:00,232.61873
2012-04-27 22:00:00,175.5106
2012-04-27 23:00:00,166.26031
2012-04-28 00:00:00,172.28976
2012-04-28 01:00:00,142.05643
2012-04-28 02:00:00,144.38507
2012-04-28 03:00:00,127.966576
2012-04-28 04:00:00,114.5599
2012-04-28 05:00:00,112.558525
2012-04-28 06:00:00,130.08414
2012-04-28 07:00:00,114.5599
2012-04-28 08:00:00,182.57373
2012-04-28 09:00:00,235.2937
2012-04-28 10:00:00,170.14821
2012-04-28 11:00:00,171.79369
2012-04-28 12:00:00,169.56094
2012-04-28 13:00:00,246.2958
2012-04-28 14:00:00,200.97316
2012-04-28 15:00:00,204.92697
2012-04-28 16:00:00,203.7208
2012-04-28 17:00:00,193.46524
2012-04-28 18:00:00,170.56299
2012-04-28 19:00:00,53.68078
2012-04-28 20:00:00,66.27027
2012-04-28 21:00:00,52.43969
2012-04-28 22:00:00,52.65822
2012-04-28 23:00:00,66.68017
2012-04-29 00:00:00,46.655975
2012-04-29 01:00:00,48.004555
2012-04-29 02:00:00,55.45983
2012-04-29 03:00:00,38.766617
2012-04-29 04:00:00,45.17636
2012-04-29 05:00:00,39.947006
2012-04-29 06:00:00,30.949709
2012-04-29 07:00:00,38.45053
2012-04-29 08:00:00,56.63376
2012-04-29 09:00:00,64.53219
2012-04-29 10:00:00,73.84297
2012-04-29 11:00:00,147.59921
2012-04-29 12:00:00,216.06418
2012-04-29 13:00:00,226.86769
2012-04-29 14:00:00,450.1842
2012-04-29 15:00:00,378.20557
2012-04-29 16:00:00,499.96783
2012-04-29 17:00:00,499.7519
2012-04-29 18:00:00,491.16925
2012-04-29 19:00:00,443.5321
2012-04-29 20:00:00,475.7987
2012-04-29 21:00:00,236.83383
2012-04-29 22:00:00,195.03981
2012-04-29 23:00:00,103.887764
2012-04-30 00:00:00,117.82711
2012-04-30 01:00:00,86.48061
2012-04-30 02:00:00,117.007614
2012-04-30 03:00:00,117.02343
2012-04-30 04:00:00,158.7919
2012-04-30 05:00:00,158.7919
2012-04-30 06:00:00,166.24481
2012-04-30 07:00:00,168.93692
2012-04-30 08:00:00,169.90018
2012-04-30 09:00:00,162.45995
2012-04-30 10:00:00,179.43097
2012-04-30 11:00:00,167.42964
2012-04-30 12:00:00,185.4918
2012-04-30 13:00:00,184.97699
2012-04-30 14:00:00,214.17093
2012-04-30 15:00:00,207.61317
2012-04-30 16:00:00,242.35962
2012-04-30 17:00:00,237.49878
2012-04-30 18:00:00,233.64867
2012-04-30 19:00:00,201.03168
2012-04-30 20:00:00,225.72672
2012-04-30 21:00:00,225.72672
2012-04-30 22:00:00,229.82663
2012-04-30 23:00:00,208.27716
2012-05-20 00:00:00,211.46732
2012-05-20 01:00:00,186.37631
2012-05-20 02:00:00,186.37631
2012-05-20 03:00:00,134.62173
2012-05-20 04:00:00,108.16242
2012-05-20 05:00:00,95.11185
2012-05-20 06:00:00,113.55793
2012-05-20 07:00:00,151.77448
2012-05-20 08:00:00,207.62503
2012-05-20 09:00:00,503.4826
2012-05-20 10:00:00,510.32288
2012-05-20 11:00:00,501.58954
2012-05-20 12:00:00,518.3428
2012-05-20 13:00:00,522.01495
2012-05-20 14:00:00,509.87854
2012-05-20 15:00:00,441.4945
2012-05-20 16:00:00,467.18375
2012-05-20 17:00:00,419.42172
2012-05-20 18:00:00,361.19904
2012-05-20 19:00:00,324.91547
2012-05-20 20:00:00,324.91547
2012-05-20 21:00:00,312.54572
2012-05-20 22:00:00,252.68341
2012-05-20 23:00:00,184.05266
2012-05-21 00:00:00,190.15955
2012-05-21 01:00:00,182.28651
2012-05-21 02:00:00,183.58603
2012-05-21 03:00:00,206.99277
2012-05-21 04:00:00,182.36433
2012-05-21 05:00:00,182.36433
2012-05-21 06:00:00,182.36433
2012-05-21 07:00:00,182.36433
2012-05-21 08:00:00,191.22003
2012-05-21 09:00:00,184.62772
2012-05-21 10:00:00,193.10489
2012-05-21 11:00:00,187.12833
2012-05-21 12:00:00,223.37543
2012-05-21 13:00:00,203.7197
2012-05-21 14:00:00,196.0809
2012-05-21 15:00:00,250.03241
2012-05-21 16:00:00,249.68253
2012-05-21 17:00:00,283.72485
2012-05-21 18:00:00,185.71497
2012-05-21 19:00:00,207.22379
2012-05-21 20:00:00,224.62848
2012-05-21 21:00:00,193.56174
2012-05-21 22:00:00,221.85648
2012-05-21 23:00:00,248.02129
2012-05-22 00:00:00,224.41187
2012-05-22 01:00:00,163.90916
2012-05-22 02:00:00,161.91725
2012-05-22 03:00:00,161.91725
2012-05-22 04:00:00,163.24602
2012-05-22 05:00:00,172.87665
2012-05-22 06:00:00,173.67879
2012-05-22 07:00:00,173.67879
2012-05-22 08:00:00,155.67981
2012-05-22 09:00:00,164.1891
2012-05-22 10:00:00,164.48886
2012-05-22 11:00:00,161.01237
2012-05-22 12:00:00,171.45496
2012-05-22 13:00:00,170.40814
2012-05-22 14:00:00,194.90051
2012-05-22 15:00:00,288.94247
2012-05-22 16:00:00,285.13556
2012-05-22 17:00:00,229.95616
2012-05-22 18:00:00,297.9433
2012-05-22 19:00:00,265.93814
2012-05-22 20:00:00,253.51509
2012-05-22 21:00:00,185.52675
2012-05-22 22:00:00,168.54306
2012-05-22 23:00:00,177.03168
2012-05-23 00:00:00,185.52675
2012-05-23 01:00:00,175.28864
2012-05-23 02:00:00,187.12833
2012-05-23 03:00:00,162.39722
2012-05-23 04:00:00,187.26454
2012-05-23 05:00:00,191.22003
2012-05-23 06:00:00,128.70538
2012-05-23 07:00:00,152.24306
2012-05-23 08:00:00,152.24306
2012-05-23 09:00:00,163.03134
2012-05-23 10:00:00,163.9913
2012-05-23 11:00:00,147.65775
2012-05-23 12:00:00,219.69344
2012-05-23 13:00:00,238.39941
2012-05-23 14:00:00,272.50488
2012-05-23 15:00:00,187.97986
2012-05-23 16:00:00,264.0497
2012-05-23 17:00:00,230.04825
2012-05-23 18:00:00,230.04825
2012-05-23 19:00:00,192.9154
2012-05-23 20:00:00,168.19919
2012-05-23 21:00:00,171.85123
2012-05-23 22:00:00,192.9154
2012-05-23 23:00:00,158.5068
2012-05-24 00:00:00,150.85329
2012-05-24 01:00:00,140.57573
2012-05-24 02:00:00,145.55566
2012-05-24 03:00:00,164.014
2012-05-24 04:00:00,170.38658
2012-05-24 05:00:00,170.38658
2012-05-24 06:00:00,170.38658
2012-05-24 07:00:00,149.9983
2012-05-24 08:00:00,197.73758
2012-05-24 09:00:00,218.17624
2012-05-24 10:00:00,248.49466
2012-05-24 11:00:00,260.19666
2012-05-24 12:00:00,305.1433
2012-05-24 13:00:00,339.39154
2012-05-24 14:00:00,357.5235
2012-05-24 15:00:00,361.06284
2012-05-24 16:00:00,306.36136
2012-05-24 17:00:00,354.6857
2012-05-24 18:00:00,289.96048
2012-05-24 19:00:00,306.24792
2012-05-24 20:00:00,265.47226
2012-05-24 21:00:00,210.99377
2012-05-24 22:00:00,172.37497
2012-05-24 23:00:00,188.10954
2012-05-25 00:00:00,165.67671
2012-05-25 01:00:00,154.64563
2012-05-25 02:00:00,171.85123
2012-05-25 03:00:00,167.27599
2012-05-25 04:00:00,174.02689
2012-05-25 05:00:00,168.88557
2012-05-25 06:00:00,167.27599
2012-05-25 07:00:00,177.43698
2012-05-25 08:00:00,171.06325
2012-05-25 09:00:00,168.44449
2012-05-25 10:00:00,224.33144
2012-05-25 11:00:00,203.04086
2012-05-25 12:00:00,289.2697
2012-05-25 13:00:00,328.0225
2012-05-25 14:00:00,333.58533
2012-05-25 15:00:00,354.16635
2012-05-25 16:00:00,408.7352
2012-05-25 17:00:00,361.43213
2012-05-25 18:00:00,354.16635
2012-05-25 19:00:00,349.14288
2012-05-25 20:00:00,304.9311
2012-05-25 21:00:00,289.7877
2012-05-25 22:00:00,190.61314
2012-05-25 23:00:00,243.1131
2012-05-26 00:00:00,118.44832
2012-05-26 01:00:00,118.38911
2012-05-26 02:00:00,111.22584
2012-05-26 03:00:00,108.00118
2012-05-26 04:00:00,105.65495
2012-05-26 05:00:00,180.4166
2012-05-26 06:00:00,107.92925
2012-05-26 07:00:00,120.85429
2012-05-26 08:00:00,129.46841
2012-05-26 09:00:00,134.466
2012-05-26 10:00:00,201.22908
2012-05-26 11:00:00,223.23782
2012-05-26 12:00:00,331.43918
2012-05-26 13:00:00,345.4615
2012-05-26 14:00:00,349.65454
2012-05-26 15:00:00,368.01093
2012-05-26 16:00:00,385.50436
2012-05-26 17:00:00,414.17896
2012-05-26 18:00:00,398.64978
2012-05-26 19:00:00,343.0827
2012-05-26 20:00:00,362.784
2012-05-26 21:00:00,338.67014
2012-05-26 22:00:00,261.48138
2012-05-26 23:00:00,261.48138
2012-05-27 00:00:00,216.08212
2012-05-27 01:00:00,209.07301
2012-05-27 02:00:00,205.7765
2012-05-27 03:00:00,167.30392
2012-05-27 04:00:00,136.23914
2012-05-27 05:00:00,136.23914
2012-05-27 06:00:00,120.201225
2012-05-27 07:00:00,102.059944
2012-05-27 08:00:00,134.466
2012-05-27 09:00:00,174.574
2012-05-27 10:00:00,236.26376
2012-05-27 11:00:00,314.58148
2012-05-27 12:00:00,347.83316
2012-05-27 13:00:00,374.42963
2012-05-27 14:00:00,366.13614
2012-05-27 15:00:00,393.56448
2012-05-27 16:00:00,393.56448
2012-05-27 17:00:00,420.09354
2012-05-27 18:00:00,376.7785
2012-05-27 19:00:00,374.42963
2012-05-27 20:00:00,372.6839
2012-05-27 21:00:00,274.35413
2012-05-27 22:00:00,153.2527
2012-05-27 23:00:00,153.58723
2012-05-28 00:00:00,191.31332
2012-05-28 01:00:00,214.5379
2012-05-28 02:00:00,184.75212
2012-05-28 03:00:00,202.54468
2012-05-28 04:00:00,158.50539
2012-05-28 05:00:00,158.50539
2012-05-28 06:00:00,202.54468
2012-05-28 07:00:00,153.95543
2012-05-28 08:00:00,162.2823
2012-05-28 09:00:00,200.5556
2012-05-28 10:00:00,200.5556
2012-05-28 11:00:00,323.7853
2012-05-28 12:00:00,347.27106
2012-05-28 13:00:00,385.876
2012-05-28 14:00:00,385.876
2012-05-28 15:00:00,381.83795
2012-05-28 16:00:00,387.8911
2012-05-28 17:00:00,381.83795
2012-05-28 18:00:00,378.42108
2012-05-28 19:00:00,375.7458
2012-05-28 20:00:00,381.36206
2012-05-28 21:00:00,371.71735
2012-05-28 22:00:00,333.00653
2012-05-28 23:00:00,291.8213
2012-05-29 00:00:00,256.32788
2012-05-29 01:00:00,256.32788
2012-05-29 02:00:00,194.15953
2012-05-29 03:00:00,262.266
2012-05-29 04:00:00,243.1131
2012-05-29 05:00:00,243.1131
2012-05-29 06:00:00,243.1131
2012-05-29 07:00:00,243.1131
2012-05-29 08:00:00,267.5508
2012-05-29 09:00:00,322.10785
2012-05-29 10:00:00,326.89557
2012-05-29 11:00:00,356.88812
2012-05-29 12:00:00,365.38904
2012-05-29 13:00:00,331.3131
2012-05-29 14:00:00,349.89862
2012-05-29 15:00:00,327.86313
2012-05-29 16:00:00,439.6736
2012-05-29 17:00:00,355.48914
2012-05-29 18:00:00,417.07306
2012-05-29 19:00:00,325.30493
2012-05-29 20:00:00,260.78174
2012-05-29 21:00:00,181.26202
2012-05-29 22:00:00,168.88557
2012-05-29 23:00:00,185.23804
2012-05-30 00:00:00,181.45117
2012-05-30 01:00:00,200.3085
2012-05-30 02:00:00,183.43474
2012-05-30 03:00:00,173.69534
2012-05-30 04:00:00,162.80066
2012-05-30 05:00:00,187.21075
2012-05-30 06:00:00,165.44354
2012-05-30 07:00:00,211.80362
2012-05-30 08:00:00,220.80078
2012-05-30 09:00:00,263.97015
2012-05-30 10:00:00,239.5745
2012-05-30 11:00:00,291.54016
2012-05-30 12:00:00,203.77551
2012-05-30 13:00:00,237.52419
2012-05-30 14:00:00,372.12573
2012-05-30 15:00:00,345.0045
2012-05-30 16:00:00,355.7498
2012-05-30 17:00:00,352.5188
2012-05-30 18:00:00,369.8319
2012-05-30 19:00:00,339.39154
2012-05-30 20:00:00,222.56055
2012-05-30 21:00:00,295.09268
2012-05-30 22:00:00,216.90294
2012-05-30 23:00:00,241.2213
2012-05-31 00:00:00,224.62848
2012-05-31 01:00:00,195.42975
2012-05-31 02:00:00,219.87163
2012-05-31 03:00:00,193.56174
2012-05-31 04:00:00,155.25804
2012-05-31 05:00:00,250.68195
2012-05-31 06:00:00,239.48795
2012-05-31 07:00:00,240.22067
2012-05-31 08:00:00,273.99658
2012-05-31 09:00:00,322.97794
2012-05-31 10:00:00,393.26233
2012-05-31 11:00:00,349.83734
2012-05-31 12:00:00,382.86685
2012-05-31 13:00:00,405.64038
2012-05-31 14:00:00,422.66034
2012-05-31 15:00:00,343.90924
2012-05-31 16:00:00,355.60587
2012-05-31 17:00:00,422.18213
2012-05-31 18:00:00,442.58972
2012-05-31 19:00:00,402.88013
2012-05-31 20:00:00,355.11566
2012-05-31 21:00:00,355.11566
2012-05-31 22:00:00,311.97147
2012-05-31 23:00:00,313.01813
2012-06-20 00:00:00,256.32788
2012-06-20 01:00:00,245.38393
2012-06-20 02:00:00,198.30704
2012-06-20 03:00:00,179.9559
2012-06-20 04:00:00,165.30832
2012-06-20 05:00:00,165.30832
2012-06-20 06:00:00,172.94672
2012-06-20 07:00:00,181.18127
2012-06-20 08:00:00,209.41826
2012-06-20 09:00:00,216.28436
2012-06-20 10:00:00,247.57608
2012-06-20 11:00:00,243.8339
2012-06-20 12:00:00,207.194
2012-06-20 13:00:00,197.08534
2012-06-20 14:00:00,263.32022
2012-06-20 15:00:00,277.74536
2012-06-20 16:00:00,246.16911
2012-06-20 17:00:00,256.61273
2012-06-20 18:00:00,256.6129
2012-06-20 19:00:00,311.03943
2012-06-20 20:00:00,297.43387
2012-06-20 21:00:00,227.70166
2012-06-20 22:00:00,207.55936
2012-06-20 23:00:00,366.71906
2012-06-21 00:00:00,235.41171
2012-06-21 01:00:00,198.80737
2012-06-21 02:00:00,180.63647
2012-06-21 03:00:00,156.79005
2012-06-21 04:00:00,136.15631
2012-06-21 05:00:00,140.38217
2012-06-21 06:00:00,160.62932
2012-06-21 07:00:00,160.62932
2012-06-21 08:00:00,162.8643
2012-06-21 09:00:00,339.04895
2012-06-21 10:00:00,239.90173
2012-06-21 11:00:00,293.59167
2012-06-21 12:00:00,311.5454
2012-06-21 13:00:00,315.45657
2012-06-21 14:00:00,310.83218
2012-06-21 15:00:00,304.75494
2012-06-21 16:00:00,304.1751
2012-06-21 17:00:00,351.96295
2012-06-21 18:00:00,292.54053
2012-06-21 19:00:00,290.48303
2012-06-21 20:00:00,276.23053
2012-06-21 21:00:00,303.18716
2012-06-21 22:00:00,347.41016
2012-06-21 23:00:00,280.7165
2012-06-22 00:00:00,273.81976
2012-06-22 01:00:00,288.0404
2012-06-22 02:00:00,152.22543
2012-06-22 03:00:00,152.22543
2012-06-22 04:00:00,186.34349
2012-06-22 05:00:00,246.73984
2012-06-22 06:00:00,171.41125
2012-06-22 07:00:00,307.78082
2012-06-22 08:00:00,304.2646
2012-06-22 09:00:00,331.1491
2012-06-22 10:00:00,299.6339
2012-06-22 11:00:00,310.00604
2012-06-22 12:00:00,241.33066
2012-06-22 13:00:00,290.48303
2012-06-22 14:00:00,290.48303
2012-06-22 15:00:00,311.2975
2012-06-22 16:00:00,325.0488
2012-06-22 17:00:00,431.42795
2012-06-22 18:00:00,336.17578
2012-06-22 19:00:00,315.2415
2012-06-22 20:00:00,315.2415
2012-06-22 21:00:00,243.71979
2012-06-22 22:00:00,214.30722
2012-06-22 23:00:00,141.28261
2012-06-23 00:00:00,76.2696
2012-06-23 01:00:00,91.2981
2012-06-23 02:00:00,105.860176
2012-06-23 03:00:00,85.22197
2012-06-23 04:00:00,97.91924
2012-06-23 05:00:00,105.860176
2012-06-23 06:00:00,59.71573
2012-06-23 07:00:00,78.22453
2012-06-23 08:00:00,201.17111
2012-06-23 09:00:00,290.51303
2012-06-23 10:00:00,326.58008
2012-06-23 11:00:00,418.56525
2012-06-23 12:00:00,450.6796
2012-06-23 13:00:00,435.72498
2012-06-23 14:00:00,493.1707
2012-06-23 15:00:00,465.41162
2012-06-23 16:00:00,458.85602
2012-06-23 17:00:00,444.07886
2012-06-23 18:00:00,457.0064
2012-06-23 19:00:00,452.7796
2012-06-23 20:00:00,488.46564
2012-06-23 21:00:00,551.0477
2012-06-23 22:00:00,542.88385
2012-06-23 23:00:00,502.8031
2012-06-24 00:00:00,400.83176
2012-06-24 01:00:00,229.89305
2012-06-24 02:00:00,364.90955
2012-06-24 03:00:00,165.88065
2012-06-24 04:00:00,203.38103
2012-06-24 05:00:00,115.238266
2012-06-24 06:00:00,144.73169
2012-06-24 07:00:00,117.95141
2012-06-24 08:00:00,250.17274
2012-06-24 09:00:00,407.05444
2012-06-24 10:00:00,529.85504
2012-06-24 11:00:00,543.2143
2012-06-24 12:00:00,472.38446
2012-06-24 13:00:00,483.5954
2012-06-24 14:00:00,451.8413
2012-06-24 15:00:00,414.7088
2012-06-24 16:00:00,437.1832
2012-06-24 17:00:00,441.02426
2012-06-24 18:00:00,440.34302
2012-06-24 19:00:00,499.2232
2012-06-24 20:00:00,451.23724
2012-06-24 21:00:00,335.23456
2012-06-24 22:00:00,317.1853
2012-06-24 23:00:00,304.3668
2012-06-25 00:00:00,299.35608
2012-06-25 01:00:00,284.73538
2012-06-25 02:00:00,269.2035
2012-06-25 03:00:00,265.82678
2012-06-25 04:00:00,212.1138
2012-06-25 05:00:00,183.57808
2012-06-25 06:00:00,143.3404
2012-06-25 07:00:00,223.16339
2012-06-25 08:00:00,236.37291
2012-06-25 09:00:00,279.74976
2012-06-25 10:00:00,320.67252
2012-06-25 11:00:00,313.3621
2012-06-25 12:00:00,359.5718
2012-06-25 13:00:00,286.7445
2012-06-25 14:00:00,381.9823
2012-06-25 15:00:00,514.6672
2012-06-25 16:00:00,386.99832
2012-06-25 17:00:00,391.4463
2012-06-25 18:00:00,468.85077
2012-06-25 19:00:00,512.194
2012-06-25 20:00:00,549.1098
2012-06-25 21:00:00,455.24054
2012-06-25 22:00:00,520.1701
2012-06-25 23:00:00,463.1012
2012-06-26 00:00:00,462.0818
2012-06-26 01:00:00,450.2964
2012-06-26 02:00:00,239.77791
2012-06-26 03:00:00,197.8692
2012-06-26 04:00:00,203.23639
2012-06-26 05:00:00,226.65276
2012-06-26 06:00:00,184.60374
2012-06-26 07:00:00,208.26068
2012-06-26 08:00:00,211.03708
2012-06-26 09:00:00,270.41763
2012-06-26 10:00:00,327.46912
2012-06-26 11:00:00,454.6345
2012-06-26 12:00:00,501.53552
2012-06-26 13:00:00,553.5066
2012-06-26 14:00:00,553.5066
2012-06-26 15:00:00,541.3576
2012-06-26 16:00:00,536.89996
2012-06-26 17:00:00,532.83026
2012-06-26 18:00:00,449.37158
2012-06-26 19:00:00,429.26675
2012-06-26 20:00:00,455.51495
2012-06-26 21:00:00,412.42114
2012-06-26 22:00:00,441.12762
2012-06-26 23:00:00,331.7791
2012-06-27 00:00:00,375.8552
2012-06-27 01:00:00,346.42468
2012-06-27 02:00:00,287.22766
2012-06-27 03:00:00,290.10995
2012-06-27 04:00:00,395.07465
2012-06-27 05:00:00,270.49542
2012-06-27 06:00:00,218.21559
2012-06-27 07:00:00,288.75464
2012-06-27 08:00:00,278.81204
2012-06-27 09:00:00,346.1379
2012-06-27 10:00:00,439.75903
2012-06-27 11:00:00,410.50836
2012-06-27 12:00:00,415.22473
2012-06-27 13:00:00,379.07465
2012-06-27 14:00:00,415.38025
2012-06-27 15:00:00,402.36487
2012-06-27 16:00:00,374.3545
2012-06-27 17:00:00,379.60333
2012-06-27 18:00:00,379.07465
2012-06-27 19:00:00,381.83484
2012-06-27 20:00:00,420.03455
2012-06-27 21:00:00,377.65604
2012-06-27 22:00:00,335.38007
2012-06-27 23:00:00,331.67255
2012-06-28 00:00:00,283.60562
2012-06-28 01:00:00,192.23312
2012-06-28 02:00:00,279.3124
2012-06-28 03:00:00,279.3124
2012-06-28 04:00:00,223.6026
2012-06-28 05:00:00,209.31415
2012-06-28 06:00:00,209.31415
2012-06-28 07:00:00,223.6026
2012-06-28 08:00:00,294.21725
2012-06-28 09:00:00,292.84625
2012-06-28 10:00:00,369.69598
2012-06-28 11:00:00,402.73737
2012-06-28 12:00:00,385.73148
2012-06-28 13:00:00,371.6811
2012-06-28 14:00:00,365.58936
2012-06-28 15:00:00,365.58936
2012-06-28 16:00:00,371.3106
2012-06-28 17:00:00,372.02493
2012-06-28 18:00:00,390.2684
2012-06-28 19:00:00,360.25986
2012-06-28 20:00:00,369.55402
2012-06-28 21:00:00,331.72156
2012-06-28 22:00:00,331.3758
2012-06-28 23:00:00,346.875
2012-06-29 00:00:00,346.875
2012-06-29 01:00:00,331.90872
2012-06-29 02:00:00,302.727
2012-06-29 03:00:00,302.727
2012-06-29 04:00:00,264.78528
2012-06-29 05:00:00,242.5979
2012-06-29 06:00:00,271.30878
2012-06-29 07:00:00,242.5979
2012-06-29 08:00:00,231.15106
2012-06-29 09:00:00,320.67252
2012-06-29 10:00:00,293.9054
2012-06-29 11:00:00,305.1612
2012-06-29 12:00:00,299.68396
2012-06-29 13:00:00,245.71683
2012-06-29 14:00:00,264.51483
2012-06-29 15:00:00,272.9394
2012-06-29 16:00:00,272.9394
2012-06-29 17:00:00,261.08728
2012-06-29 18:00:00,280.677
2012-06-29 19:00:00,204.05838
2012-06-29 20:00:00,249.18065
2012-06-29 21:00:00,311.82092
2012-06-29 22:00:00,344.92673
2012-06-29 23:00:00,344.92673
2012-06-30 00:00:00,105.02057
2012-06-30 01:00:00,109.16145
2012-06-30 02:00:00,60.85283
2012-06-30 03:00:00,60.85283
2012-06-30 04:00:00,53.47976
2012-06-30 05:00:00,65.00308
2012-06-30 06:00:00,65.00308
2012-06-30 07:00:00,65.00308
2012-06-30 08:00:00,65.00308
2012-06-30 09:00:00,65.00308
2012-06-30 10:00:00,398.53027
2012-06-30 11:00:00,398.53027
2012-06-30 12:00:00,398.53027
2012-06-30 13:00:00,398.53027
2012-06-30 14:00:00,398.53027
2012-06-30 15:00:00,398.53027
2012-06-30 16:00:00,364.372
2012-06-30 17:00:00,391.3833
2012-06-30 18:00:00,508.399
2012-06-30 19:00:00,408.27252
2012-06-30 20:00:00,298.82233
2012-06-30 21:00:00,298.82233
2012-06-30 22:00:00,307.6229
2012-06-30 23:00:00,293.84924
2012-07-20 00:00:00,145.17285
2012-07-20 01:00:00,115.89921
2012-07-20 02:00:00,125.79139
2012-07-20 03:00:00,128.72227
2012-07-20 04:00:00,139.4952
2012-07-20 05:00:00,134.17488
2012-07-20 06:00:00,139.4952
2012-07-20 07:00:00,145.78745
2012-07-20 08:00:00,169.11311
2012-07-20 09:00:00,197.15857
2012-07-20 10:00:00,215.53998
2012-07-20 11:00:00,295.76605
2012-07-20 12:00:00,191.6485
2012-07-20 13:00:00,180.85364
2012-07-20 14:00:00,209.71255
2012-07-20 15:00:00,237.94186
2012-07-20 16:00:00,231.4114
2012-07-20 17:00:00,198.26733
2012-07-20 18:00:00,217.11609
2012-07-20 19:00:00,207.95776
2012-07-20 20:00:00,178.34012
2012-07-20 21:00:00,181.5336
2012-07-20 22:00:00,157.5886
2012-07-20 23:00:00,208.90906
2012-07-21 00:00:00,141.23306
2012-07-21 01:00:00,135.07037
2012-07-21 02:00:00,102.54603
2012-07-21 03:00:00,92.63905
2012-07-21 04:00:00,102.09872
2012-07-21 05:00:00,91.98487
2012-07-21 06:00:00,91.98487
2012-07-21 07:00:00,91.41659
2012-07-21 08:00:00,111.72979
2012-07-21 09:00:00,95.4913
2012-07-21 10:00:00,91.98487
2012-07-21 11:00:00,123.52776
2012-07-21 12:00:00,113.27906
2012-07-21 13:00:00,109.87947
2012-07-21 14:00:00,91.88912
2012-07-21 15:00:00,92.63905
2012-07-21 16:00:00,96.68189
2012-07-21 17:00:00,93.0433
2012-07-21 18:00:00,81.69279
2012-07-21 19:00:00,75.89555
2012-07-21 20:00:00,93.0433
2012-07-21 21:00:00,75.89564
2012-07-21 22:00:00,61.691307
2012-07-21 23:00:00,55.05674
2012-07-22 00:00:00,61.691307
2012-07-22 01:00:00,75.89564
2012-07-22 02:00:00,61.691307
2012-07-22 03:00:00,61.691307
2012-07-22 04:00:00,46.455338
2012-07-22 05:00:00,46.455338
2012-07-22 06:00:00,89.871254
2012-07-22 07:00:00,97.162285
2012-07-22 08:00:00,115.09649
2012-07-22 09:00:00,189.45259
2012-07-22 10:00:00,166.08917
2012-07-22 11:00:00,166.08917
2012-07-22 12:00:00,160.87862
2012-07-22 13:00:00,182.33325
2012-07-22 14:00:00,194.59003
2012-07-22 15:00:00,194.59003
2012-07-22 16:00:00,208.30978
2012-07-22 17:00:00,295.2934
2012-07-22 18:00:00,260.1576
2012-07-22 19:00:00,184.14413
2012-07-22 20:00:00,131.22556
2012-07-22 21:00:00,112.411766
2012-07-22 22:00:00,154.02644
2012-07-22 23:00:00,111.030624
2012-07-23 00:00:00,106.682755
2012-07-23 01:00:00,132.46979
2012-07-23 02:00:00,126.935265
2012-07-23 03:00:00,126.935265
2012-07-23 04:00:00,129.52951
2012-07-23 05:00:00,129.52951
2012-07-23 06:00:00,143.54062
2012-07-23 07:00:00,150.43524
2012-07-23 08:00:00,180.63647
2012-07-23 09:00:00,274.89075
2012-07-23 10:00:00,191.68015
2012-07-23 11:00:00,327.77838
2012-07-23 12:00:00,327.77838
2012-07-23 13:00:00,328.62387
2012-07-23 14:00:00,317.8388
2012-07-23 15:00:00,339.04895
2012-07-23 16:00:00,273.02713
2012-07-23 17:00:00,273.02713
2012-07-23 18:00:00,297.87732
2012-07-23 19:00:00,365.18207
2012-07-23 20:00:00,319.28983
2012-07-23 21:00:00,324.35138
2012-07-23 22:00:00,306.7508
2012-07-23 23:00:00,285.01324
2012-07-24 00:00:00,206.80252
2012-07-24 01:00:00,167.02129
2012-07-24 02:00:00,136.45583
2012-07-24 03:00:00,136.45583
2012-07-24 04:00:00,117.84876
2012-07-24 05:00:00,121.998436
2012-07-24 06:00:00,127.7654
2012-07-24 07:00:00,224.89606
2012-07-24 08:00:00,299.6991
2012-07-24 09:00:00,289.01212
2012-07-24 10:00:00,358.1966
2012-07-24 11:00:00,341.0763
2012-07-24 12:00:00,355.71423
2012-07-24 13:00:00,355.63278
2012-07-24 14:00:00,362.5074
2012-07-24 15:00:00,315.07385
2012-07-24 16:00:00,345.89258
2012-07-24 17:00:00,331.7196
2012-07-24 18:00:00,282.72723
2012-07-24 19:00:00,319.28983
2012-07-24 20:00:00,298.7852
2012-07-24 21:00:00,308.47498
2012-07-24 22:00:00,305.44907
2012-07-24 23:00:00,268.4193
2012-07-25 00:00:00,285.47845
2012-07-25 01:00:00,293.3333
2012-07-25 02:00:00,281.84564
2012-07-25 03:00:00,265.82312
2012-07-25 04:00:00,260.2101
2012-07-25 05:00:00,240.81502
2012-07-25 06:00:00,258.04425
2012-07-25 07:00:00,239.96027
2012-07-25 08:00:00,421.11023
2012-07-25 09:00:00,440.20624
2012-07-25 10:00:00,340.57983
2012-07-25 11:00:00,359.20197
2012-07-25 12:00:00,359.20197
2012-07-25 13:00:00,404.4596
2012-07-25 14:00:00,385.44482
2012-07-25 15:00:00,361.1906
2012-07-25 16:00:00,402.458
2012-07-25 17:00:00,373.78143
2012-07-25 18:00:00,382.12665
2012-07-25 19:00:00,393.15814
2012-07-25 20:00:00,389.62158
2012-07-25 21:00:00,364.83734
2012-07-25 22:00:00,270.11444
2012-07-25 23:00:00,251.60448
2012-07-26 00:00:00,262.74423
2012-07-26 01:00:00,265.82312
2012-07-26 02:00:00,253.06319
2012-07-26 03:00:00,250.59439
2012-07-26 04:00:00,201.95624
2012-07-26 05:00:00,201.95624
2012-07-26 06:00:00,212.1138
2012-07-26 07:00:00,252.36716
2012-07-26 08:00:00,284.13593
2012-07-26 09:00:00,266.51642
2012-07-26 10:00:00,302.37988
2012-07-26 11:00:00,331.1046
2012-07-26 12:00:00,343.54932
2012-07-26 13:00:00,309.56168
2012-07-26 14:00:00,234.83052
2012-07-26 15:00:00,259.1245
2012-07-26 16:00:00,328.08978
2012-07-26 17:00:00,356.99774
2012-07-26 18:00:00,291.80768
2012-07-26 19:00:00,277.77307
2012-07-26 20:00:00,269.69357
2012-07-26 21:00:00,437.55957
2012-07-26 22:00:00,437.55957
2012-07-26 23:00:00,248.77281
2012-07-27 00:00:00,154.3605
2012-07-27 01:00:00,231.02446
2012-07-27 02:00:00,170.87704
2012-07-27 03:00:00,224.89603
2012-07-27 04:00:00,124.68995
2012-07-27 05:00:00,115.86976
2012-07-27 06:00:00,124.68995
2012-07-27 07:00:00,285.3907
2012-07-27 08:00:00,276.39456
2012-07-27 09:00:00,307.42432
2012-07-27 10:00:00,344.72485
2012-07-27 11:00:00,305.26984
2012-07-27 12:00:00,316.46985
2012-07-27 13:00:00,292.50342
2012-07-27 14:00:00,299.4208
2012-07-27 15:00:00,292.58163
2012-07-27 16:00:00,270.84436
2012-07-27 17:00:00,290.64804
2012-07-27 18:00:00,283.4653
2012-07-27 19:00:00,303.18716
2012-07-27 20:00:00,297.40378
2012-07-27 21:00:00,297.40378
2012-07-27 22:00:00,325.4047
2012-07-27 23:00:00,193.08472
2012-07-28 00:00:00,284.53015
2012-07-28 01:00:00,163.18013
2012-07-28 02:00:00,203.40826
2012-07-28 03:00:00,203.40826
2012-07-28 04:00:00,140.75107
2012-07-28 05:00:00,111.030624
2012-07-28 06:00:00,136.6995
2012-07-28 07:00:00,170.81743
2012-07-28 08:00:00,260.1576
2012-07-28 09:00:00,304.04092
2012-07-28 10:00:00,358.94678
2012-07-28 11:00:00,443.0418
2012-07-28 12:00:00,406.5879
2012-07-28 13:00:00,388.74976
2012-07-28 14:00:00,395.45026
2012-07-28 15:00:00,420.98126
2012-07-28 16:00:00,389.75446
2012-07-28 17:00:00,387.66553
2012-07-28 18:00:00,453.07877
2012-07-28 19:00:00,111.99254
2012-07-28 20:00:00,120.1137
2012-07-28 21:00:00,95.9277
2012-07-28 22:00:00,95.9277
2012-07-28 23:00:00,81.50184
2012-07-29 00:00:00,65.63222
2012-07-29 01:00:00,84.94289
2012-07-29 02:00:00,105.93548
2012-07-29 03:00:00,182.04814
2012-07-29 04:00:00,143.12646
2012-07-29 05:00:00,112.445854
2012-07-29 06:00:00,111.815056
2012-07-29 07:00:00,218.83289
2012-07-29 08:00:00,261.2301
2012-07-29 09:00:00,298.55222
2012-07-29 10:00:00,243.47916
2012-07-29 11:00:00,335.23456
2012-07-29 12:00:00,349.32617
2012-07-29 13:00:00,375.93408
2012-07-29 14:00:00,395.63702
2012-07-29 15:00:00,461.25394
2012-07-29 16:00:00,461.25394
2012-07-29 17:00:00,437.26227
2012-07-29 18:00:00,504.80344
2012-07-29 19:00:00,333.95917
2012-07-29 20:00:00,208.30978
2012-07-29 21:00:00,170.81743
2012-07-29 22:00:00,136.6995
2012-07-29 23:00:00,186.29916
2012-07-30 00:00:00,180.90309
2012-07-30 01:00:00,135.2203
2012-07-30 02:00:00,114.97204
2012-07-30 03:00:00,96.3202
2012-07-30 04:00:00,96.3202
2012-07-30 05:00:00,121.998436
2012-07-30 06:00:00,136.45583
2012-07-30 07:00:00,150.57758
2012-07-30 08:00:00,243.25156
2012-07-30 09:00:00,187.9968
2012-07-30 10:00:00,304.34808
2012-07-30 11:00:00,280.9471
2012-07-30 12:00:00,248.34088
2012-07-30 13:00:00,310.00604
2012-07-30 14:00:00,338.7999
2012-07-30 15:00:00,354.7531
2012-07-30 16:00:00,369.2663
2012-07-30 17:00:00,284.21033
2012-07-30 18:00:00,298.5496
2012-07-30 19:00:00,288.90088
2012-07-30 20:00:00,290.24448
2012-07-30 21:00:00,285.3907
2012-07-30 22:00:00,282.25568
2012-07-30 23:00:00,241.63356
2012-07-31 00:00:00,146.56848
2012-07-31 01:00:00,127.7654
2012-07-31 02:00:00,127.76539
2012-07-31 03:00:00,117.84875
2012-07-31 04:00:00,117.84876
2012-07-31 05:00:00,136.45583
2012-07-31 06:00:00,117.20498
2012-07-31 07:00:00,196.19516
2012-07-31 08:00:00,170.87709
2012-07-31 09:00:00,231.02446
2012-07-31 10:00:00,168.3688
2012-07-31 11:00:00,189.4127
2012-07-31 12:00:00,335.18353
2012-07-31 13:00:00,358.432
2012-07-31 14:00:00,358.432
2012-07-31 15:00:00,306.4403
2012-07-31 16:00:00,331.1491
2012-07-31 17:00:00,357.4065
2012-07-31 18:00:00,326.43176
2012-07-31 19:00:00,249.9342
2012-07-31 20:00:00,278.19257
2012-07-31 21:00:00,187.82619
2012-07-31 22:00:00,237.13867
2012-07-31 23:00:00,153.70032
2012-08-20 00:00:00,128.50304
2012-08-20 01:00:00,126.11935
2012-08-20 02:00:00,126.11935
2012-08-20 03:00:00,94.60998
2012-08-20 04:00:00,124.353355
2012-08-20 05:00:00,100.69134
2012-08-20 06:00:00,147.74977
2012-08-20 07:00:00,154.52528
2012-08-20 08:00:00,170.23761
2012-08-20 09:00:00,142.13069
2012-08-20 10:00:00,192.95062
2012-08-20 11:00:00,215.26945
2012-08-20 12:00:00,222.60223
2012-08-20 13:00:00,270.11444
2012-08-20 14:00:00,299.3383
2012-08-20 15:00:00,311.92896
2012-08-20 16:00:00,311.92896
2012-08-20 17:00:00,285.53204
2012-08-20 18:00:00,214.92427
2012-08-20 19:00:00,182.42911
2012-08-20 20:00:00,208.90906
2012-08-20 21:00:00,100.23598
2012-08-20 22:00:00,100.69134
2012-08-20 23:00:00,100.69134
2012-08-21 00:00:00,124.353355
2012-08-21 01:00:00,134.84842
2012-08-21 02:00:00,184.40543
2012-08-21 03:00:00,77.75321
2012-08-21 04:00:00,77.75321
2012-08-21 05:00:00,100.04096
2012-08-21 06:00:00,103.507484
2012-08-21 07:00:00,121.05759
2012-08-21 08:00:00,130.54779
2012-08-21 09:00:00,120.448326
2012-08-21 10:00:00,231.00629
2012-08-21 11:00:00,194.09549
2012-08-21 12:00:00,308.1748
2012-08-21 13:00:00,331.42023
2012-08-21 14:00:00,354.06573
2012-08-21 15:00:00,346.98923
2012-08-21 16:00:00,346.98923
2012-08-21 17:00:00,326.43008
2012-08-21 18:00:00,315.51086
2012-08-21 19:00:00,199.06018
2012-08-21 20:00:00,107.25384
2012-08-21 21:00:00,107.25384
2012-08-21 22:00:00,91.346794
2012-08-21 23:00:00,97.59855
2012-08-22 00:00:00,113.575874
2012-08-22 01:00:00,94.05731
2012-08-22 02:00:00,94.05731
2012-08-22 03:00:00,94.05731
2012-08-22 04:00:00,107.442635
2012-08-22 05:00:00,94.55354
2012-08-22 06:00:00,104.58045
2012-08-22 07:00:00,94.05731
2012-08-22 08:00:00,138.91602
2012-08-22 09:00:00,141.43724
2012-08-22 10:00:00,228.11398
2012-08-22 11:00:00,237.8883
2012-08-22 12:00:00,293.7049
2012-08-22 13:00:00,347.18805
2012-08-22 14:00:00,364.42126
2012-08-22 15:00:00,355.00726
2012-08-22 16:00:00,291.24295
2012-08-22 17:00:00,291.24295
2012-08-22 18:00:00,253.33316
2012-08-22 19:00:00,141.28261
2012-08-22 20:00:00,196.44128
2012-08-22 21:00:00,107.25384
2012-08-22 22:00:00,107.25384
2012-08-22 23:00:00,95.45228
2012-08-23 00:00:00,91.346794
2012-08-23 01:00:00,97.59855
2012-08-23 02:00:00,97.59855
2012-08-23 03:00:00,109.426155
2012-08-23 04:00:00,97.59855
2012-08-23 05:00:00,97.59855
2012-08-23 06:00:00,114.086494
2012-08-23 07:00:00,128.58287
2012-08-23 08:00:00,173.83672
2012-08-23 09:00:00,164.45432
2012-08-23 10:00:00,248.31622
2012-08-23 11:00:00,343.26288
2012-08-23 12:00:00,350.3814
2012-08-23 13:00:00,358.12292
2012-08-23 14:00:00,394.62714
2012-08-23 15:00:00,374.29974
2012-08-23 16:00:00,364.3603
2012-08-23 17:00:00,412.63458
2012-08-23 18:00:00,378.77795
2012-08-23 19:00:00,296.79233
2012-08-23 20:00:00,242.5979
2012-08-23 21:00:00,262.21118
2012-08-23 22:00:00,224.47557
2012-08-23 23:00:00,149.82834
2012-08-24 00:00:00,149.82834
2012-08-24 01:00:00,135.47495
2012-08-24 02:00:00,123.18194
2012-08-24 03:00:00,107.25384
2012-08-24 04:00:00,135.47495
2012-08-24 05:00:00,91.346794
2012-08-24 06:00:00,102.330605
2012-08-24 07:00:00,112.01103
2012-08-24 08:00:00,141.28261
2012-08-24 09:00:00,147.47043
2012-08-24 10:00:00,314.66702
2012-08-24 11:00:00,332.74258
2012-08-24 12:00:00,348.2644
2012-08-24 13:00:00,377.18463
2012-08-24 14:00:00,369.12128
2012-08-24 15:00:00,332.9358
2012-08-24 16:00:00,332.9358
2012-08-24 17:00:00,317.24133
2012-08-24 18:00:00,292.642
2012-08-24 19:00:00,283.36874
2012-08-24 20:00:00,284.0551
2012-08-24 21:00:00,271.30878
2012-08-24 22:00:00,144.03918
2012-08-24 23:00:00,213.2106
2012-08-25 00:00:00,224.69737
2012-08-25 01:00:00,196.55621
2012-08-25 02:00:00,126.14933
2012-08-25 03:00:00,129.88748
2012-08-25 04:00:00,148.30972
2012-08-25 05:00:00,133.03958
2012-08-25 06:00:00,112.192314
2012-08-25 07:00:00,120.54539
2012-08-25 08:00:00,187.20847
2012-08-25 09:00:00,261.81213
2012-08-25 10:00:00,293.8045
2012-08-25 11:00:00,298.8786
2012-08-25 12:00:00,301.56998
2012-08-25 13:00:00,334.29016
2012-08-25 14:00:00,259.2581
2012-08-25 15:00:00,223.45494
2012-08-25 16:00:00,220.10193
2012-08-25 17:00:00,233.83813
2012-08-25 18:00:00,263.54297
2012-08-25 19:00:00,179.75015
2012-08-25 20:00:00,126.03054
2012-08-25 21:00:00,187.59996
2012-08-25 22:00:00,187.59996
2012-08-25 23:00:00,135.07037
2012-08-26 00:00:00,97.536156
2012-08-26 01:00:00,72.87959
2012-08-26 02:00:00,98.665146
2012-08-26 03:00:00,108.8664
2012-08-26 04:00:00,92.05894
2012-08-26 05:00:00,72.87959
2012-08-26 06:00:00,126.397026
2012-08-26 07:00:00,72.87959
2012-08-26 08:00:00,193.63092
2012-08-26 09:00:00,170.52081
2012-08-26 10:00:00,344.13562
2012-08-26 11:00:00,346.23212
2012-08-26 12:00:00,291.96594
2012-08-26 13:00:00,203.38019
2012-08-26 14:00:00,54.113937
2012-08-26 15:00:00,121.61918
2012-08-26 16:00:00,121.61918
2012-08-26 17:00:00,81.645515
2012-08-26 18:00:00,73.57673
2012-08-26 19:00:00,86.243355
2012-08-26 20:00:00,65.00308
2012-08-26 21:00:00,70.788795
2012-08-26 22:00:00,52.029655
2012-08-26 23:00:00,62.493507
2012-08-27 00:00:00,97.59855
2012-08-27 01:00:00,94.9403
2012-08-27 02:00:00,105.85007
2012-08-27 03:00:00,94.940285
2012-08-27 04:00:00,97.59855
2012-08-27 05:00:00,83.07491
2012-08-27 06:00:00,83.07491
2012-08-27 07:00:00,96.3202
2012-08-27 08:00:00,117.84876
2012-08-27 09:00:00,121.998436
2012-08-27 10:00:00,235.34174
2012-08-27 11:00:00,306.57526
2012-08-27 12:00:00,182.72069
2012-08-27 13:00:00,323.53885
2012-08-27 14:00:00,322.40735
2012-08-27 15:00:00,345.89258
2012-08-27 16:00:00,366.77814
2012-08-27 17:00:00,332.33133
2012-08-27 18:00:00,364.9395
2012-08-27 19:00:00,302.37988
2012-08-27 20:00:00,299.6991
2012-08-27 21:00:00,271.2284
2012-08-27 22:00:00,190.56412
2012-08-27 23:00:00,169.63983
2012-08-28 00:00:00,213.20615
2012-08-28 01:00:00,158.43126
2012-08-28 02:00:00,203.77225
2012-08-28 03:00:00,115.89921
2012-08-28 04:00:00,127.7654
2012-08-28 05:00:00,137.00546
2012-08-28 06:00:00,128.72227
2012-08-28 07:00:00,140.73859
2012-08-28 08:00:00,144.35506
2012-08-28 09:00:00,215.54
2012-08-28 10:00:00,311.4294
2012-08-28 11:00:00,351.70337
2012-08-28 12:00:00,369.2663
2012-08-28 13:00:00,299.23688
2012-08-28 14:00:00,301.74683
2012-08-28 15:00:00,358.15436
2012-08-28 16:00:00,366.7617
2012-08-28 17:00:00,363.17377
2012-08-28 18:00:00,365.96292
2012-08-28 19:00:00,384.96292
2012-08-28 20:00:00,328.0144
2012-08-28 21:00:00,322.67368
2012-08-28 22:00:00,194.09549
2012-08-28 23:00:00,162.52719
2012-08-29 00:00:00,123.18194
2012-08-29 01:00:00,189.37006
2012-08-29 02:00:00,149.30688
2012-08-29 03:00:00,143.4362
2012-08-29 04:00:00,198.78055
2012-08-29 05:00:00,189.59671
2012-08-29 06:00:00,189.59671
2012-08-29 07:00:00,192.79474
2012-08-29 08:00:00,257.69824
2012-08-29 09:00:00,311.11142
2012-08-29 10:00:00,350.32974
2012-08-29 11:00:00,308.1748
2012-08-29 12:00:00,332.3948
2012-08-29 13:00:00,319.4853
2012-08-29 14:00:00,352.07532
2012-08-29 15:00:00,397.0442
2012-08-29 16:00:00,381.02084
2012-08-29 17:00:00,413.44595
2012-08-29 18:00:00,389.57388
2012-08-29 19:00:00,302.76978
2012-08-29 20:00:00,162.52719
2012-08-29 21:00:00,250.43137
2012-08-29 22:00:00,192.23312
2012-08-29 23:00:00,158.22997
2012-08-30 00:00:00,120.448326
2012-08-30 01:00:00,138.25569
2012-08-30 02:00:00,104.58045
2012-08-30 03:00:00,104.58045
2012-08-30 04:00:00,104.58045
2012-08-30 05:00:00,104.58045
2012-08-30 06:00:00,126.11935
2012-08-30 07:00:00,107.25384
2012-08-30 08:00:00,139.30115
2012-08-30 09:00:00,157.50154
2012-08-30 10:00:00,214.5922
2012-08-30 11:00:00,352.07532
2012-08-30 12:00:00,377.95227
2012-08-30 13:00:00,347.18805
2012-08-30 14:00:00,355.00726
2012-08-30 15:00:00,324.7295
2012-08-30 16:00:00,331.40775
2012-08-30 17:00:00,371.87088
2012-08-30 18:00:00,372.0135
2012-08-30 19:00:00,355.00726
2012-08-30 20:00:00,307.78082
2012-08-30 21:00:00,269.3841
2012-08-30 22:00:00,133.0189
2012-08-30 23:00:00,188.14897
2012-08-31 00:00:00,153.93298
2012-08-31 01:00:00,153.93298
2012-08-31 02:00:00,115.89918
2012-08-31 03:00:00,109.565605
2012-08-31 04:00:00,109.94016
2012-08-31 05:00:00,117.20498
2012-08-31 06:00:00,135.79166
2012-08-31 07:00:00,122.03577
2012-08-31 08:00:00,168.4802
2012-08-31 09:00:00,162.8643
2012-08-31 10:00:00,268.8024
2012-08-31 11:00:00,350.21796
2012-08-31 12:00:00,366.9018
2012-08-31 13:00:00,347.26105
2012-08-31 14:00:00,343.90656
2012-08-31 15:00:00,329.7463
2012-08-31 16:00:00,326.02786
2012-08-31 17:00:00,329.32996
2012-08-31 18:00:00,342.2229
2012-08-31 19:00:00,313.74683
2012-08-31 20:00:00,313.74683
2012-08-31 21:00:00,331.22754
2012-08-31 22:00:00,331.22754
2012-08-31 23:00:00,263.14655
2012-09-20 00:00:00,137.95505
2012-09-20 01:00:00,120.67867
2012-09-20 02:00:00,124.637344
2012-09-20 03:00:00,71.19079
2012-09-20 04:00:00,66.320724
2012-09-20 05:00:00,66.320724
2012-09-20 06:00:00,71.19079
2012-09-20 07:00:00,64.9497
2012-09-20 08:00:00,165.95848
2012-09-20 09:00:00,211.77783
2012-09-20 10:00:00,242.28003
2012-09-20 11:00:00,255.4502
2012-09-20 12:00:00,332.4569
2012-09-20 13:00:00,334.12546
2012-09-20 14:00:00,331.7728
2012-09-20 15:00:00,339.49802
2012-09-20 16:00:00,329.7254
2012-09-20 17:00:00,284.2818
2012-09-20 18:00:00,214.6686
2012-09-20 19:00:00,250.89813
2012-09-20 20:00:00,197.33835
2012-09-20 21:00:00,227.03287
2012-09-20 22:00:00,147.97826
2012-09-20 23:00:00,172.98975
2012-09-21 00:00:00,123.9715
2012-09-21 01:00:00,117.85125
2012-09-21 02:00:00,117.85125
2012-09-21 03:00:00,107.25891
2012-09-21 04:00:00,98.45185
2012-09-21 05:00:00,71.65582
2012-09-21 06:00:00,107.25891
2012-09-21 07:00:00,106.19744
2012-09-21 08:00:00,136.52563
2012-09-21 09:00:00,168.21791
2012-09-21 10:00:00,252.45547
2012-09-21 11:00:00,282.41254
2012-09-21 12:00:00,282.96722
2012-09-21 13:00:00,292.84625
2012-09-21 14:00:00,267.2114
2012-09-21 15:00:00,306.89862
2012-09-21 16:00:00,302.76978
2012-09-21 17:00:00,269.20868
2012-09-21 18:00:00,270.83585
2012-09-21 19:00:00,253.33182
2012-09-21 20:00:00,224.87814
2012-09-21 21:00:00,199.16542
2012-09-21 22:00:00,189.59671
2012-09-21 23:00:00,220.03006
2012-09-22 00:00:00,194.96631
2012-09-22 01:00:00,135.89667
2012-09-22 02:00:00,77.38555
2012-09-22 03:00:00,119.23954
2012-09-22 04:00:00,119.23954
2012-09-22 05:00:00,140.47403
2012-09-22 06:00:00,126.36377
2012-09-22 07:00:00,133.33493
2012-09-22 08:00:00,202.82262
2012-09-22 09:00:00,199.5923
2012-09-22 10:00:00,300.96997
2012-09-22 11:00:00,302.82687
2012-09-22 12:00:00,319.5275
2012-09-22 13:00:00,367.50995
2012-09-22 14:00:00,420.51288
2012-09-22 15:00:00,407.1772
2012-09-22 16:00:00,362.5502
2012-09-22 17:00:00,362.5502
2012-09-22 18:00:00,318.7657
2012-09-22 19:00:00,285.69507
2012-09-22 20:00:00,298.01825
2012-09-22 21:00:00,271.49432
2012-09-22 22:00:00,233.21347
2012-09-22 23:00:00,291.09207
2012-09-23 00:00:00,568.223
2012-09-23 01:00:00,354.8124
2012-09-23 02:00:00,360.5442
2012-09-23 03:00:00,324.47693
2012-09-23 04:00:00,269.06116
2012-09-23 05:00:00,265.96216
2012-09-23 06:00:00,253.862
2012-09-23 07:00:00,251.02332
2012-09-23 08:00:00,286.74033
2012-09-23 09:00:00,360.887
2012-09-23 10:00:00,393.76718
2012-09-23 11:00:00,425.1461
2012-09-23 12:00:00,484.33234
2012-09-23 13:00:00,489.08276
2012-09-23 14:00:00,517.5808
2012-09-23 15:00:00,538.522
2012-09-23 16:00:00,533.4787
2012-09-23 17:00:00,461.95395
2012-09-23 18:00:00,510.8495
2012-09-23 19:00:00,460.39734
2012-09-23 20:00:00,460.39734
2012-09-23 21:00:00,438.33426
2012-09-23 22:00:00,477.0567
2012-09-23 23:00:00,394.6142
2012-09-24 00:00:00,288.54855
2012-09-24 01:00:00,297.41583
2012-09-24 02:00:00,360.11652
2012-09-24 03:00:00,309.29327
2012-09-24 04:00:00,276.23874
2012-09-24 05:00:00,333.89282
2012-09-24 06:00:00,357.73395
2012-09-24 07:00:00,297.41583
2012-09-24 08:00:00,341.06805
2012-09-24 09:00:00,350.36145
2012-09-24 10:00:00,350.4898
2012-09-24 11:00:00,400.62683
2012-09-24 12:00:00,407.7953
2012-09-24 13:00:00,433.87292
2012-09-24 14:00:00,368.67688
2012-09-24 15:00:00,346.13342
2012-09-24 16:00:00,390.9475
2012-09-24 17:00:00,357.19614
2012-09-24 18:00:00,368.624
2012-09-24 19:00:00,348.9997
2012-09-24 20:00:00,379.3993
2012-09-24 21:00:00,368.07132
2012-09-24 22:00:00,315.9233
2012-09-24 23:00:00,329.3921
2012-09-25 00:00:00,279.2533
2012-09-25 01:00:00,210.51604
2012-09-25 02:00:00,173.5838
2012-09-25 03:00:00,203.86386
2012-09-25 04:00:00,192.74191
2012-09-25 05:00:00,155.74174
2012-09-25 06:00:00,218.86682
2012-09-25 07:00:00,205.19894
2012-09-25 08:00:00,273.56476
2012-09-25 09:00:00,328.73242
2012-09-25 10:00:00,334.4489
2012-09-25 11:00:00,399.22137
2012-09-25 12:00:00,419.3132
2012-09-25 13:00:00,430.98322
2012-09-25 14:00:00,466.3117
2012-09-25 15:00:00,471.2888
2012-09-25 16:00:00,445.01346
2012-09-25 17:00:00,441.9502
2012-09-25 18:00:00,424.49655
2012-09-25 19:00:00,397.38562
2012-09-25 20:00:00,252.27019
2012-09-25 21:00:00,252.27019
2012-09-25 22:00:00,282.57553
2012-09-25 23:00:00,227.2293
2012-09-26 00:00:00,226.00668
2012-09-26 01:00:00,206.77734
2012-09-26 02:00:00,214.64001
2012-09-26 03:00:00,214.64001
2012-09-26 04:00:00,242.72855
2012-09-26 05:00:00,253.94717
2012-09-26 06:00:00,246.1978
2012-09-26 07:00:00,253.43024
2012-09-26 08:00:00,181.82123
2012-09-26 09:00:00,337.82886
2012-09-26 10:00:00,194.44595
2012-09-26 11:00:00,323.16058
2012-09-26 12:00:00,376.42526
2012-09-26 13:00:00,421.40286
2012-09-26 14:00:00,492.6728
2012-09-26 15:00:00,492.52814
2012-09-26 16:00:00,500.16235
2012-09-26 17:00:00,492.52814
2012-09-26 18:00:00,441.992
2012-09-26 19:00:00,411.5285
2012-09-26 20:00:00,330.7647
2012-09-26 21:00:00,356.6544
2012-09-26 22:00:00,284.9307
2012-09-26 23:00:00,211.49667
2012-09-27 00:00:00,222.8072
2012-09-27 01:00:00,222.8072
2012-09-27 02:00:00,222.8072
2012-09-27 03:00:00,170.25742
2012-09-27 04:00:00,92.321045
2012-09-27 05:00:00,147.37607
2012-09-27 06:00:00,157.79968
2012-09-27 07:00:00,170.25745
2012-09-27 08:00:00,289.27625
2012-09-27 09:00:00,425.49817
2012-09-27 10:00:00,400.64032
2012-09-27 11:00:00,340.67963
2012-09-27 12:00:00,307.53534
2012-09-27 13:00:00,297.6634
2012-09-27 14:00:00,325.91907
2012-09-27 15:00:00,317.86194
2012-09-27 16:00:00,261.06918
2012-09-27 17:00:00,230.27148
2012-09-27 18:00:00,309.0442
2012-09-27 19:00:00,378.59015
2012-09-27 20:00:00,298.57452
2012-09-27 21:00:00,177.0296
2012-09-27 22:00:00,177.0296
2012-09-27 23:00:00,236.27898
2012-09-28 00:00:00,201.54242
2012-09-28 01:00:00,152.04924
2012-09-28 02:00:00,167.50029
2012-09-28 03:00:00,229.71854
2012-09-28 04:00:00,197.94382
2012-09-28 05:00:00,118.50347
2012-09-28 06:00:00,108.44973
2012-09-28 07:00:00,104.23054
2012-09-28 08:00:00,222.59885
2012-09-28 09:00:00,224.6362
2012-09-28 10:00:00,259.2037
2012-09-28 11:00:00,349.20352
2012-09-28 12:00:00,392.4657
2012-09-28 13:00:00,392.79193
2012-09-28 14:00:00,392.4657
2012-09-28 15:00:00,368.38757
2012-09-28 16:00:00,392.23676
2012-09-28 17:00:00,328.11926
2012-09-28 18:00:00,364.5276
2012-09-28 19:00:00,360.36603
2012-09-28 20:00:00,336.54755
2012-09-28 21:00:00,345.97574
2012-09-28 22:00:00,338.35
2012-09-28 23:00:00,358.19714
2012-09-29 00:00:00,267.07227
2012-09-29 01:00:00,267.07227
2012-09-29 02:00:00,348.75323
2012-09-29 03:00:00,329.53232
2012-09-29 04:00:00,276.60144
2012-09-29 05:00:00,244.53699
2012-09-29 06:00:00,231.46275
2012-09-29 07:00:00,229.3514
2012-09-29 08:00:00,220.22928
2012-09-29 09:00:00,244.53699
2012-09-29 10:00:00,339.29575
2012-09-29 11:00:00,378.99622
2012-09-29 12:00:00,493.32275
2012-09-29 13:00:00,493.32275
2012-09-29 14:00:00,547.64386
2012-09-29 15:00:00,517.4923
2012-09-29 16:00:00,556.6734
2012-09-29 17:00:00,525.10016
2012-09-29 18:00:00,469.89325
2012-09-29 19:00:00,356.44586
2012-09-29 20:00:00,332.4666
2012-09-29 21:00:00,385.75806
2012-09-29 22:00:00,326.6143
2012-09-29 23:00:00,370.99976
2012-09-30 00:00:00,408.36774
2012-09-30 01:00:00,408.36774
2012-09-30 02:00:00,358.33994
2012-09-30 03:00:00,241.29117
2012-09-30 04:00:00,241.29117
2012-09-30 05:00:00,221.14917
2012-09-30 06:00:00,181.88814
2012-09-30 07:00:00,181.32224
2012-09-30 08:00:00,252.41035
2012-09-30 09:00:00,342.39618
2012-09-30 10:00:00,496.8062
2012-09-30 11:00:00,529.6784
2012-09-30 12:00:00,493.32275
2012-09-30 13:00:00,556.6734
2012-09-30 14:00:00,556.6734
2012-09-30 15:00:00,571.92316
2012-09-30 16:00:00,552.027
2012-09-30 17:00:00,547.35693
2012-09-30 18:00:00,269.7334
2012-09-30 19:00:00,279.23608
2012-09-30 20:00:00,279.23608
2012-09-30 21:00:00,297.01
2012-09-30 22:00:00,234.90857
2012-09-30 23:00:00,220.99834
2012-10-20 00:00:00,174.80095
2012-10-20 01:00:00,178.19734
2012-10-20 02:00:00,168.0956
2012-10-20 03:00:00,179.96933
2012-10-20 04:00:00,221.14917
2012-10-20 05:00:00,105.47094
2012-10-20 06:00:00,207.81647
2012-10-20 07:00:00,105.47094
2012-10-20 08:00:00,206.99077
2012-10-20 09:00:00,330.3887
2012-10-20 10:00:00,415.1294
2012-10-20 11:00:00,377.91864
2012-10-20 12:00:00,483.58438
2012-10-20 13:00:00,489.58588
2012-10-20 14:00:00,478.98102
2012-10-20 15:00:00,466.64813
2012-10-20 16:00:00,402.9621
2012-10-20 17:00:00,500.18585
2012-10-20 18:00:00,457.32224
2012-10-20 19:00:00,448.83038
2012-10-20 20:00:00,439.69186
2012-10-20 21:00:00,320.6493
2012-10-20 22:00:00,378.188
2012-10-20 23:00:00,341.12756
2012-10-21 00:00:00,296.99747
2012-10-21 01:00:00,232.41559
2012-10-21 02:00:00,183.64862
2012-10-21 03:00:00,155.13982
2012-10-21 04:00:00,129.71695
2012-10-21 05:00:00,155.13982
2012-10-21 06:00:00,259.19678
2012-10-21 07:00:00,259.19678
2012-10-21 08:00:00,237.72406
2012-10-21 09:00:00,304.10864
2012-10-21 10:00:00,364.54828
2012-10-21 11:00:00,395.96338
2012-10-21 12:00:00,423.92853
2012-10-21 13:00:00,499.7058
2012-10-21 14:00:00,529.2624
2012-10-21 15:00:00,470.54034
2012-10-21 16:00:00,500.18585
2012-10-21 17:00:00,400.1151
2012-10-21 18:00:00,468.18427
2012-10-21 19:00:00,444.54996
2012-10-21 20:00:00,399.84357
2012-10-21 21:00:00,280.03613
2012-10-21 22:00:00,400.81305
2012-10-21 23:00:00,409.78967
2012-10-22 00:00:00,295.46957
2012-10-22 01:00:00,189.5662
2012-10-22 02:00:00,175.74521
2012-10-22 03:00:00,295.46957
2012-10-22 04:00:00,228.98538
2012-10-22 05:00:00,143.77081
2012-10-22 06:00:00,137.24397
2012-10-22 07:00:00,201.11765
2012-10-22 08:00:00,263.04382
2012-10-22 09:00:00,349.85788
2012-10-22 10:00:00,380.3659
2012-10-22 11:00:00,369.6648
2012-10-22 12:00:00,318.02438
2012-10-22 13:00:00,401.042
2012-10-22 14:00:00,398.47845
2012-10-22 15:00:00,404.91306
2012-10-22 16:00:00,379.05936
2012-10-22 17:00:00,358.673
2012-10-22 18:00:00,396.28033
2012-10-22 19:00:00,379.39935
2012-10-22 20:00:00,402.44745
2012-10-22 21:00:00,334.44147
2012-10-22 22:00:00,163.6465
2012-10-22 23:00:00,160.80383
2012-10-23 00:00:00,185.05008
2012-10-23 01:00:00,205.4721
2012-10-23 02:00:00,171.93439
2012-10-23 03:00:00,181.90535
2012-10-23 04:00:00,161.57724
2012-10-23 05:00:00,176.8541
2012-10-23 06:00:00,146.79604
2012-10-23 07:00:00,205.92096
2012-10-23 08:00:00,268.7143
2012-10-23 09:00:00,291.8157
2012-10-23 10:00:00,391.859
2012-10-23 11:00:00,292.63678
2012-10-23 12:00:00,249.52795
2012-10-23 13:00:00,243.50949
2012-10-23 14:00:00,368.04108
2012-10-23 15:00:00,431.63947
2012-10-23 16:00:00,312.22888
2012-10-23 17:00:00,320.4853
2012-10-23 18:00:00,336.80127
2012-10-23 19:00:00,368.11786
2012-10-23 20:00:00,403.6726
2012-10-23 21:00:00,321.03046
2012-10-23 22:00:00,362.86282
2012-10-23 23:00:00,284.9955
2012-10-24 00:00:00,285.28027
2012-10-24 01:00:00,310.17712
2012-10-24 02:00:00,310.17725
2012-10-24 03:00:00,243.6268
2012-10-24 04:00:00,243.62683
2012-10-24 05:00:00,143.31151
2012-10-24 06:00:00,178.71397
2012-10-24 07:00:00,132.21202
2012-10-24 08:00:00,179.75781
2012-10-24 09:00:00,218.26108
2012-10-24 10:00:00,182.91574
2012-10-24 11:00:00,389.74304
2012-10-24 12:00:00,395.99158
2012-10-24 13:00:00,311.81555
2012-10-24 14:00:00,417.70685
2012-10-24 15:00:00,365.66718
2012-10-24 16:00:00,424.6499
2012-10-24 17:00:00,283.45023
2012-10-24 18:00:00,294.65454
2012-10-24 19:00:00,315.60458
2012-10-24 20:00:00,379.7016
2012-10-24 21:00:00,378.36987
2012-10-24 22:00:00,355.85397
2012-10-24 23:00:00,358.43634
2012-10-25 00:00:00,368.39038
2012-10-25 01:00:00,331.92462
2012-10-25 02:00:00,154.07861
2012-10-25 03:00:00,130.31038
2012-10-25 04:00:00,137.13905
2012-10-25 05:00:00,124.63108
2012-10-25 06:00:00,115.15287
2012-10-25 07:00:00,115.15287
2012-10-25 08:00:00,173.48126
2012-10-25 09:00:00,177.96051
2012-10-25 10:00:00,185.09843
2012-10-25 11:00:00,201.54254
2012-10-25 12:00:00,231.44629
2012-10-25 13:00:00,153.53922
2012-10-25 14:00:00,276.81854
2012-10-25 15:00:00,375.01654
2012-10-25 16:00:00,325.57883
2012-10-25 17:00:00,325.57883
2012-10-25 18:00:00,207.52023
2012-10-25 19:00:00,162.57639
2012-10-25 20:00:00,130.31038
2012-10-25 21:00:00,130.31038
2012-10-25 22:00:00,199.65471
2012-10-25 23:00:00,185.09845
2012-10-26 00:00:00,151.75645
2012-10-26 01:00:00,139.76677
2012-10-26 02:00:00,137.13905
2012-10-26 03:00:00,124.63108
2012-10-26 04:00:00,124.63108
2012-10-26 05:00:00,137.13905
2012-10-26 06:00:00,139.76677
2012-10-26 07:00:00,137.13905
2012-10-26 08:00:00,129.72304
2012-10-26 09:00:00,129.72304
2012-10-26 10:00:00,154.90085
2012-10-26 11:00:00,213.45505
2012-10-26 12:00:00,249.34866
2012-10-26 13:00:00,365.49182
2012-10-26 14:00:00,355.85397
2012-10-26 15:00:00,378.36987
2012-10-26 16:00:00,275.37512
2012-10-26 17:00:00,204.91138
2012-10-26 18:00:00,236.0228
2012-10-26 19:00:00,164.30762
2012-10-26 20:00:00,164.30762
2012-10-26 21:00:00,234.71423
2012-10-26 22:00:00,177.90652
2012-10-26 23:00:00,187.6203
2012-10-27 00:00:00,126.23475
2012-10-27 01:00:00,84.5041
2012-10-27 02:00:00,138.90973
2012-10-27 03:00:00,143.78897
2012-10-27 04:00:00,108.8915
2012-10-27 05:00:00,141.82935
2012-10-27 06:00:00,141.82935
2012-10-27 07:00:00,197.07347
2012-10-27 08:00:00,215.5969
2012-10-27 09:00:00,215.5969
2012-10-27 10:00:00,200.67453
2012-10-27 11:00:00,220.83133
2012-10-27 12:00:00,408.41687
2012-10-27 13:00:00,517.4923
2012-10-27 14:00:00,487.00122
2012-10-27 15:00:00,273.66165
2012-10-27 16:00:00,206.91077
2012-10-27 17:00:00,206.91077
2012-10-27 18:00:00,206.91077
2012-10-27 19:00:00,120.97798
2012-10-27 20:00:00,120.97798
2012-10-27 21:00:00,120.97798
2012-10-27 22:00:00,127.552956
2012-10-27 23:00:00,207.6139
2012-10-28 00:00:00,170.61308
2012-10-28 01:00:00,150.78674
2012-10-28 02:00:00,165.70915
2012-10-28 03:00:00,193.71655
2012-10-28 04:00:00,207.10455
2012-10-28 05:00:00,192.09485
2012-10-28 06:00:00,257.4571
2012-10-28 07:00:00,265.6909
2012-10-28 08:00:00,257.82062
2012-10-28 09:00:00,282.75208
2012-10-28 10:00:00,309.74585
2012-10-28 11:00:00,321.79843
2012-10-28 12:00:00,254.07352
2012-10-28 13:00:00,253.04929
2012-10-28 14:00:00,258.42535
2012-10-28 15:00:00,252.89505
2012-10-28 16:00:00,196.49498
2012-10-28 17:00:00,150.18086
2012-10-28 18:00:00,75.502785
2012-10-28 19:00:00,55.042656
2012-10-28 20:00:00,71.46016
2012-10-28 21:00:00,99.58781
2012-10-28 22:00:00,88.34252
2012-10-28 23:00:00,55.042656
2012-10-29 00:00:00,148.84273
2012-10-30 13:00:00,153.81929
2012-10-30 14:00:00,153.81929
2012-10-30 15:00:00,188.36943
2012-10-30 16:00:00,188.36943
2012-10-30 17:00:00,199.10501
2012-10-30 18:00:00,186.14514
2012-10-30 19:00:00,283.37067
2012-10-30 20:00:00,196.87402
2012-10-30 21:00:00,166.17694
2012-10-30 22:00:00,163.49728
2012-10-30 23:00:00,163.49728
2012-10-31 00:00:00,158.90344
2012-10-31 01:00:00,152.014
2012-10-31 02:00:00,171.55734
2012-10-31 03:00:00,158.90344
2012-10-31 04:00:00,196.85545
2012-10-31 05:00:00,171.55734
2012-10-31 06:00:00,177.19794
2012-10-31 07:00:00,178.76917
2012-10-31 08:00:00,163.67986
2012-10-31 09:00:00,158.46925
2012-10-31 10:00:00,224.11758
2012-10-31 11:00:00,203.85303
2012-10-31 12:00:00,280.1346
2012-10-31 13:00:00,291.41867
2012-10-31 14:00:00,301.4743
2012-10-31 15:00:00,324.69083
2012-10-31 16:00:00,295.46225
2012-10-31 17:00:00,289.83994
2012-10-31 18:00:00,289.83994
2012-10-31 19:00:00,294.68292
2012-10-31 20:00:00,294.68292
2012-10-31 21:00:00,294.68292
2012-10-31 22:00:00,245.90932
2012-10-31 23:00:00,278.0473
2012-11-20 00:00:00,150.42813
2012-11-20 01:00:00,147.84727
2012-11-20 02:00:00,144.13165
2012-11-20 03:00:00,162.08003
2012-11-20 04:00:00,187.5185
2012-11-20 05:00:00,180.60428
2012-11-20 06:00:00,175.02045
2012-11-20 07:00:00,134.15433
2012-11-20 08:00:00,151.19164
2012-11-20 09:00:00,168.96713
2012-11-20 10:00:00,287.62796
2012-11-20 11:00:00,305.77374
2012-11-20 12:00:00,264.71207
2012-11-20 13:00:00,360.58307
2012-11-20 14:00:00,373.67697
2012-11-20 15:00:00,371.65363
2012-11-20 16:00:00,350.0753
2012-11-20 17:00:00,217.27235
2012-11-20 18:00:00,287.62796
2012-11-20 19:00:00,191.44632
2012-11-20 20:00:00,138.72745
2012-11-20 21:00:00,152.01208
2012-11-20 22:00:00,152.01208
2012-11-20 23:00:00,148.23799
2012-11-21 00:00:00,99.61062
2012-11-21 01:00:00,148.23799
2012-11-21 02:00:00,142.88753
2012-11-21 03:00:00,142.88753
2012-11-21 04:00:00,142.88753
2012-11-21 05:00:00,142.88753
2012-11-21 06:00:00,148.37146
2012-11-21 07:00:00,133.695
2012-11-21 08:00:00,151.81625
2012-11-21 09:00:00,134.15433
2012-11-21 10:00:00,247.30608
2012-11-21 11:00:00,285.84277
2012-11-21 12:00:00,299.52612
2012-11-21 13:00:00,302.3758
2012-11-21 14:00:00,338.06152
2012-11-21 15:00:00,302.3694
2012-11-21 16:00:00,332.4645
2012-11-21 17:00:00,310.87497
2012-11-21 18:00:00,352.2304
2012-11-21 19:00:00,279.48184
2012-11-21 20:00:00,184.76349
2012-11-21 21:00:00,351.63086
2012-11-21 22:00:00,346.3744
2012-11-21 23:00:00,201.00876
2012-11-22 00:00:00,16.467453
2012-11-22 01:00:00,1.6047916
2012-11-22 02:00:00,1.6047916
2012-11-22 03:00:00,5.9924912
2012-11-22 04:00:00,20.270922
2012-11-22 05:00:00,5.9924912
2012-11-22 06:00:00,1.6047916
2012-11-22 07:00:00,19.80615
2012-11-22 08:00:00,23.321781
2012-11-22 09:00:00,11.573348
2012-11-22 10:00:00,195.08397
2012-11-22 11:00:00,191.5831
2012-11-22 12:00:00,130.36237
2012-11-22 13:00:00,141.44489
2012-11-22 14:00:00,156.2018
2012-11-22 15:00:00,156.2018
2012-11-22 16:00:00,142.3874
2012-11-22 17:00:00,130.36237
2012-11-22 18:00:00,135.27322
2012-11-22 19:00:00,13.475836
2012-11-22 20:00:00,19.997942
2012-11-22 21:00:00,88.63427
2012-11-22 22:00:00,59.20002
2012-11-22 23:00:00,1.6047916
2012-11-23 00:00:00,99.57302
2012-11-23 01:00:00,141.26187
2012-11-23 02:00:00,132.74564
2012-11-23 03:00:00,76.135475
2012-11-23 04:00:00,139.86636
2012-11-23 05:00:00,95.06138
2012-11-23 06:00:00,95.06138
2012-11-23 07:00:00,95.06138
2012-11-23 08:00:00,112.54979
2012-11-23 09:00:00,139.61612
2012-11-23 10:00:00,193.28732
2012-11-23 11:00:00,285.84277
2012-11-23 12:00:00,311.81232
2012-11-23 13:00:00,336.45026
2012-11-23 14:00:00,344.0228
2012-11-23 15:00:00,325.08215
2012-11-23 16:00:00,328.70602
2012-11-23 17:00:00,295.85318
2012-11-23 18:00:00,288.0744
2012-11-23 19:00:00,296.7402
2012-11-23 20:00:00,346.97766
2012-11-23 21:00:00,317.34265
2012-11-23 22:00:00,447.8235
2012-11-23 23:00:00,397.13086
2012-11-24 00:00:00,389.2952
2012-11-24 01:00:00,328.7905
2012-11-24 02:00:00,296.0569
2012-11-24 03:00:00,239.17313
2012-11-24 04:00:00,260.55728
2012-11-24 05:00:00,139.01959
2012-11-24 06:00:00,53.73871
2012-11-24 07:00:00,151.70224
2012-11-24 08:00:00,243.19977
2012-11-24 09:00:00,247.88257
2012-11-24 10:00:00,69.43399
2012-11-24 11:00:00,168.86526
2012-11-24 12:00:00,317.90155
2012-11-24 13:00:00,261.5617
2012-11-24 14:00:00,281.71713
2012-11-24 15:00:00,288.7725
2012-11-24 16:00:00,267.55048
2012-11-24 17:00:00,223.57466
2012-11-24 18:00:00,223.70572
2012-11-24 19:00:00,67.2761
2012-11-24 20:00:00,53.73867
2012-11-24 21:00:00,55.939545
2012-11-24 22:00:00,50.436333
2012-11-24 23:00:00,55.939545
2012-11-25 00:00:00,50.305305
2012-11-25 01:00:00,50.656975
2012-11-25 02:00:00,103.47634
2012-11-25 03:00:00,74.18541
2012-11-25 04:00:00,74.18541
2012-11-25 05:00:00,44.724464
2012-11-25 06:00:00,68.78057
2012-11-25 07:00:00,34.30912
2012-11-25 08:00:00,37.412163
2012-11-25 09:00:00,42.914093
2012-11-25 10:00:00,55.20986
2012-11-25 11:00:00,106.5714
2012-11-25 12:00:00,106.5714
2012-11-25 13:00:00,178.28146
2012-11-25 14:00:00,180.20541
2012-11-25 15:00:00,173.19434
2012-11-25 16:00:00,225.75964
2012-11-25 17:00:00,195.03644
2012-11-25 18:00:00,110.4777
2012-11-25 19:00:00,227.47293
2012-11-25 20:00:00,3.305169
2012-11-25 21:00:00,121.70617
2012-11-25 22:00:00,3.305169
2012-11-25 23:00:00,20.939219
2012-11-26 00:00:00,41.311417
2012-11-26 01:00:00,32.109497
2012-11-26 02:00:00,32.109497
2012-11-26 03:00:00,32.109497
2012-11-26 04:00:00,41.311417
2012-11-26 05:00:00,143.13457
2012-11-26 06:00:00,41.311417
2012-11-26 07:00:00,73.04314
2012-11-26 08:00:00,73.04314
2012-11-26 09:00:00,162.02576
2012-11-26 10:00:00,344.1466
2012-11-26 11:00:00,324.3018
2012-11-26 12:00:00,330.21182
2012-11-26 13:00:00,330.21182
2012-11-26 14:00:00,217.4982
2012-11-26 15:00:00,317.89465
2012-11-26 16:00:00,213.3778
2012-11-26 17:00:00,197.76593
2012-11-26 18:00:00,271.15543
2012-11-26 19:00:00,336.95618
2012-11-26 20:00:00,346.3744
2012-11-26 21:00:00,346.3744
2012-11-26 22:00:00,201.00876
2012-11-26 23:00:00,165.27155
2012-11-27 00:00:00,159.88795
2012-11-27 01:00:00,163.66368
2012-11-27 02:00:00,171.89232
2012-11-27 03:00:00,180.90123
2012-11-27 04:00:00,192.72327
2012-11-27 05:00:00,199.10272
2012-11-27 06:00:00,185.42996
2012-11-27 07:00:00,179.36478
2012-11-27 08:00:00,189.13324
2012-11-27 09:00:00,173.82996
2012-11-27 10:00:00,184.73352
2012-11-27 11:00:00,160.6107
2012-11-27 12:00:00,106.045845
2012-11-27 13:00:00,185.52509
2012-11-27 14:00:00,116.230736
2012-11-27 15:00:00,199.35684
2012-11-27 16:00:00,199.35684
2012-11-27 17:00:00,184.0659
2012-11-27 18:00:00,126.661705
2012-11-27 19:00:00,190.013
2012-11-27 20:00:00,157.5878
2012-11-27 21:00:00,135.80232
2012-11-27 22:00:00,143.14824
2012-11-27 23:00:00,176.65974
2012-11-28 00:00:00,180.10045
2012-11-28 01:00:00,182.9914
2012-11-28 02:00:00,182.9914
2012-11-28 03:00:00,168.00623
2012-11-28 04:00:00,153.79314
2012-11-28 05:00:00,152.59079
2012-11-28 06:00:00,159.91438
2012-11-28 07:00:00,130.47914
2012-11-28 08:00:00,143.63295
2012-11-28 09:00:00,194.70073
2012-11-28 10:00:00,290.83737
2012-11-28 11:00:00,271.7478
2012-11-28 12:00:00,245.65067
2012-11-28 13:00:00,280.16528
2012-11-28 14:00:00,256.2031
2012-11-28 15:00:00,264.94675
2012-11-28 16:00:00,262.46732
2012-11-28 17:00:00,257.25433
2012-11-28 18:00:00,226.6767
2012-11-28 19:00:00,251.43167
2012-11-28 20:00:00,260.62494
2012-11-28 21:00:00,263.95615
2012-11-28 22:00:00,254.20374
2012-11-28 23:00:00,228.18585
2012-11-29 00:00:00,100.14775
2012-11-29 01:00:00,105.86562
2012-11-29 02:00:00,46.086403
2012-11-29 04:00:00,120.52877
2012-11-29 05:00:00,32.109497
2012-11-29 06:00:00,41.311417
2012-11-29 07:00:00,27.701324
2012-11-29 08:00:00,119.76151
2012-11-29 09:00:00,90.62011
2012-11-29 10:00:00,119.90273
2012-11-29 11:00:00,287.3235
2012-11-29 12:00:00,265.4563
2012-11-29 13:00:00,330.12012
2012-11-29 14:00:00,286.00473
2012-11-29 15:00:00,261.2616
2012-11-29 16:00:00,289.7205
2012-11-29 17:00:00,274.88354
2012-11-29 18:00:00,264.47122
2012-11-29 19:00:00,217.88254
2012-11-29 20:00:00,228.32472
2012-11-29 21:00:00,137.33054
2012-11-29 22:00:00,121.98637
2012-11-29 23:00:00,140.15182
2012-11-30 00:00:00,159.11066
2012-11-30 01:00:00,121.318504
2012-11-30 02:00:00,78.16744
2012-11-30 03:00:00,78.16744
2012-11-30 04:00:00,64.223755
2012-11-30 05:00:00,69.298065
2012-11-30 06:00:00,77.275
2012-11-30 07:00:00,82.09814
2012-11-30 08:00:00,148.65968
2012-11-30 09:00:00,131.92087
2012-11-30 10:00:00,173.21466
2012-11-30 11:00:00,334.4558
2012-11-30 12:00:00,326.47046
2012-11-30 13:00:00,271.26096
2012-11-30 14:00:00,340.3662
2012-11-30 15:00:00,336.05063
2012-11-30 16:00:00,331.5073
2012-11-30 17:00:00,274.47937
2012-11-30 18:00:00,272.60248
2012-11-30 19:00:00,143.03018
2012-11-30 20:00:00,143.03018
2012-11-30 21:00:00,132.2543
2012-11-30 22:00:00,86.30491
2012-11-30 23:00:00,141.87721
2012-12-20 00:00:00,177.68362
2012-12-20 01:00:00,143.03018
2012-12-20 02:00:00,143.03018
2012-12-20 03:00:00,143.13515
2012-12-20 04:00:00,143.13515
2012-12-20 05:00:00,148.067
2012-12-20 06:00:00,173.21466
2012-12-20 07:00:00,121.47047
2012-12-20 08:00:00,121.47047
2012-12-20 09:00:00,121.47047
2012-12-20 10:00:00,179.03409
2012-12-20 11:00:00,233.52026
2012-12-20 12:00:00,277.36398
2012-12-20 13:00:00,265.89328
2012-12-20 14:00:00,277.75854
2012-12-20 15:00:00,247.41989
2012-12-20 16:00:00,224.12106
2012-12-20 17:00:00,187.5185
2012-12-20 18:00:00,186.19193
2012-12-20 19:00:00,172.16647
2012-12-20 20:00:00,185.23297
2012-12-20 21:00:00,185.23297
2012-12-20 22:00:00,192.33766
2012-12-20 23:00:00,134.99628
2012-12-21 00:00:00,131.40283
2012-12-21 01:00:00,133.82335
2012-12-21 02:00:00,139.16444
2012-12-21 03:00:00,139.16444
2012-12-21 04:00:00,117.94653
2012-12-21 05:00:00,109.189545
2012-12-21 06:00:00,162.91725
2012-12-21 07:00:00,118.203156
2012-12-21 08:00:00,115.3674
2012-12-21 09:00:00,151.67331
2012-12-21 10:00:00,160.07715
2012-12-21 11:00:00,146.87366
2012-12-21 12:00:00,141.78749
2012-12-21 13:00:00,148.56775
2012-12-21 14:00:00,148.72823
2012-12-21 15:00:00,137.9134
2012-12-21 16:00:00,132.67003
2012-12-21 17:00:00,89.890175
2012-12-21 18:00:00,90.92158
2012-12-21 19:00:00,128.26826
2012-12-21 20:00:00,129.22046
2012-12-21 21:00:00,136.6116
2012-12-21 22:00:00,116.480865
2012-12-21 23:00:00,117.78137
2012-12-22 00:00:00,158.22572
2012-12-22 01:00:00,146.84225
2012-12-22 02:00:00,154.11206
2012-12-22 03:00:00,132.0164
2012-12-22 04:00:00,108.060616
2012-12-22 05:00:00,127.9485
2012-12-22 06:00:00,145.36777
2012-12-22 07:00:00,145.36777
2012-12-22 08:00:00,157.7443
2012-12-22 09:00:00,116.800026
2012-12-22 10:00:00,93.038216
2012-12-22 11:00:00,151.54974
2012-12-22 12:00:00,160.74817
2012-12-22 13:00:00,171.27948
2012-12-22 14:00:00,170.60901
2012-12-22 15:00:00,167.23126
2012-12-22 16:00:00,162.73804
2012-12-22 17:00:00,141.26755
2012-12-22 18:00:00,148.10397
2012-12-22 19:00:00,90.21364
2012-12-22 20:00:00,89.868355
2012-12-22 21:00:00,74.81669
2012-12-22 22:00:00,74.81669
2012-12-22 23:00:00,83.79094
2012-12-23 00:00:00,80.22193
2012-12-23 01:00:00,92.97486
2012-12-23 02:00:00,62.07985
2012-12-23 03:00:00,48.03636
2012-12-23 04:00:00,59.185974
2012-12-23 05:00:00,56.602074
2012-12-23 06:00:00,37.74527
2012-12-23 07:00:00,37.74527
2012-12-23 08:00:00,17.84961
2012-12-23 09:00:00,42.193718
2012-12-23 10:00:00,46.341675
2012-12-23 11:00:00,82.109024
2012-12-23 12:00:00,132.83615
2012-12-23 13:00:00,165.06313
2012-12-23 14:00:00,171.95325
2012-12-23 15:00:00,185.61795
2012-12-23 16:00:00,185.27881
2012-12-23 17:00:00,139.67917
2012-12-23 18:00:00,134.05896
2012-12-23 19:00:00,111.451515
2012-12-23 20:00:00,55.478287
2012-12-23 21:00:00,51.00168
2012-12-23 22:00:00,53.82866
2012-12-23 23:00:00,56.504807
2012-12-24 00:00:00,76.12312
2012-12-24 01:00:00,76.123116
2012-12-24 02:00:00,67.50986
2012-12-24 03:00:00,67.50986
2012-12-24 05:00:00,97.394325
2012-12-24 06:00:00,67.50986
2012-12-24 07:00:00,71.97441
2012-12-24 08:00:00,76.123116
2012-12-24 09:00:00,74.26179
2012-12-24 10:00:00,105.884895
2012-12-24 11:00:00,97.80387
2012-12-24 12:00:00,98.78722
2012-12-24 13:00:00,69.2712
2012-12-24 14:00:00,69.12025
2012-12-24 15:00:00,53.952057
2012-12-24 16:00:00,53.952057
2012-12-24 17:00:00,64.603905
2012-12-24 18:00:00,68.46503
2012-12-24 19:00:00,67.94839
2012-12-24 20:00:00,66.01466
2012-12-24 21:00:00,69.84498
2012-12-24 22:00:00,76.256355
2012-12-24 23:00:00,87.083824
2012-12-25 00:00:00,29.802761
2012-12-25 01:00:00,36.16626
2012-12-25 02:00:00,36.16626
2012-12-25 04:00:00,29.960176
2012-12-25 05:00:00,25.26255
2012-12-25 06:00:00,25.26255
2012-12-25 07:00:00,28.613504
2012-12-25 08:00:00,31.573627
2012-12-25 09:00:00,26.578371
2012-12-25 10:00:00,33.934586
2012-12-25 11:00:00,48.00528
2012-12-25 12:00:00,51.746483
2012-12-25 13:00:00,184.03537
2012-12-25 14:00:00,175.06699
2012-12-25 15:00:00,158.04868
2012-12-25 16:00:00,147.1247
2012-12-25 17:00:00,102.0205
2012-12-25 18:00:00,88.557655
2012-12-25 19:00:00,93.13507
2012-12-25 20:00:00,84.64599
2012-12-25 21:00:00,87.97408
2012-12-25 22:00:00,86.99418
2012-12-25 23:00:00,67.96151
2012-12-26 00:00:00,100.78652
2012-12-26 01:00:00,85.24944
2012-12-26 02:00:00,85.24944
2012-12-26 03:00:00,76.102104
2012-12-26 04:00:00,86.25047
2012-12-26 05:00:00,72.10707
2012-12-26 06:00:00,86.929306
2012-12-26 07:00:00,52.845406
2012-12-26 08:00:00,52.845406
2012-12-26 09:00:00,52.845406
2012-12-26 10:00:00,50.900238
2012-12-26 11:00:00,39.608612
2012-12-26 12:00:00,52.584633
2012-12-26 13:00:00,52.584633
2012-12-26 14:00:00,48.72442
2012-12-26 15:00:00,54.591248
2012-12-26 16:00:00,54.591248
2012-12-26 17:00:00,54.08512
2012-12-26 18:00:00,64.53903
2012-12-26 19:00:00,73.746864
2012-12-26 20:00:00,83.342064
2012-12-26 21:00:00,108.226906
2012-12-26 22:00:00,46.85663
2012-12-26 23:00:00,57.625526
2012-12-27 00:00:00,57.625526
2012-12-27 01:00:00,46.85663
2012-12-27 02:00:00,58.17559
2012-12-27 03:00:00,80.3514
2012-12-27 04:00:00,65.89624
2012-12-27 05:00:00,97.84173
2012-12-27 06:00:00,81.22682
2012-12-27 07:00:00,113.4642
2012-12-27 08:00:00,104.43008
2012-12-27 09:00:00,101.86808
2012-12-27 10:00:00,148.44148
2012-12-27 11:00:00,109.35836
2012-12-27 12:00:00,150.97429
2012-12-27 13:00:00,150.97429
2012-12-27 14:00:00,121.8934
2012-12-27 15:00:00,86.83926
2012-12-27 16:00:00,94.12928
2012-12-27 17:00:00,94.12928
2012-12-27 18:00:00,85.554436
2012-12-27 19:00:00,102.59675
2012-12-27 20:00:00,110.62684
2012-12-27 21:00:00,85.554436
2012-12-27 22:00:00,80.95436
2012-12-27 23:00:00,85.554436
2012-12-28 00:00:00,89.928154
2012-12-28 01:00:00,107.619385
2012-12-28 02:00:00,105.81939
2012-12-28 03:00:00,89.928154
2012-12-28 04:00:00,78.44954
2012-12-28 05:00:00,77.73257
2012-12-28 06:00:00,98.71163
2012-12-28 07:00:00,104.59119
2012-12-28 08:00:00,84.62963
2012-12-28 09:00:00,80.95436
2012-12-28 10:00:00,92.81965
2012-12-28 11:00:00,102.84792
2012-12-28 12:00:00,118.97987
2012-12-28 13:00:00,118.97987
2012-12-28 14:00:00,118.97987
2012-12-28 15:00:00,96.97741
2012-12-28 16:00:00,142.395
2012-12-28 17:00:00,96.120056
2012-12-28 18:00:00,96.120056
2012-12-28 19:00:00,91.72788
2012-12-28 20:00:00,74.26179
2012-12-28 21:00:00,76.854294
2012-12-28 22:00:00,74.803024
2012-12-28 23:00:00,74.103035
2012-12-29 00:00:00,46.417503
2012-12-29 01:00:00,42.728012
2012-12-29 02:00:00,46.417503
2012-12-29 03:00:00,43.595596
2012-12-29 04:00:00,42.728012
2012-12-29 05:00:00,42.728012
2012-12-29 06:00:00,40.301704
2012-12-29 07:00:00,37.84642
2012-12-29 08:00:00,38.655968
2012-12-29 09:00:00,38.655968
2012-12-29 10:00:00,35.61341
2012-12-29 11:00:00,37.470016
2012-12-29 12:00:00,41.752228
2012-12-29 13:00:00,41.752228
2012-12-29 14:00:00,38.446495
2012-12-29 15:00:00,36.578598
2012-12-29 16:00:00,33.781548
2012-12-29 17:00:00,35.094902
2012-12-29 18:00:00,45.07128
2012-12-29 19:00:00,64.12094
2012-12-29 20:00:00,141.81737
2012-12-29 21:00:00,110.13177
2012-12-29 22:00:00,70.5002
2012-12-29 23:00:00,49.345734
2012-12-30 00:00:00,56.136208
2012-12-30 01:00:00,72.29403
2012-12-30 02:00:00,67.75817
2012-12-30 03:00:00,72.29403
2012-12-30 04:00:00,80.23401
2012-12-30 05:00:00,72.678925
2012-12-30 06:00:00,71.69633
2012-12-30 07:00:00,67.97561
2012-12-30 08:00:00,98.79996
2012-12-30 09:00:00,81.76441
2012-12-30 10:00:00,152.2001
2012-12-30 11:00:00,145.11746
2012-12-30 12:00:00,152.17271
2012-12-30 13:00:00,160.74817
2012-12-30 14:00:00,163.95963
2012-12-30 15:00:00,148.89017
2012-12-30 16:00:00,149.42755
2012-12-30 17:00:00,129.33319
2012-12-30 18:00:00,79.59205
2012-12-30 19:00:00,96.704895
2012-12-30 20:00:00,75.31748
2012-12-30 21:00:00,62.07985
2012-12-30 22:00:00,54.29383
2012-12-30 23:00:00,68.933495
2012-12-31 00:00:00,87.949615
2012-12-31 01:00:00,87.949615
2012-12-31 02:00:00,87.074486
2012-12-31 03:00:00,75.552055
2012-12-31 04:00:00,96.44455
2012-12-31 05:00:00,89.886345
2012-12-31 06:00:00,98.99285
2012-12-31 07:00:00,92.646965
2012-12-31 08:00:00,109.27462
2012-12-31 09:00:00,60.43122
2012-12-31 10:00:00,68.695694
2012-12-31 11:00:00,84.78851
2012-12-31 12:00:00,86.641304
2012-12-31 13:00:00,96.934395
2012-12-31 14:00:00,105.96722
2012-12-31 15:00:00,115.05204
2012-12-31 16:00:00,96.573784
2012-12-31 17:00:00,97.607796
2012-12-31 18:00:00,99.49857
2012-12-31 19:00:00,97.80387
2012-12-31 20:00:00,97.80387
2012-12-31 21:00:00,115.92187
2012-12-31 22:00:00,110.128944
2012-12-31 23:00:00,99.29107
