datetime,count
2011-01-20 00:00:00,85.063705
2011-01-20 01:00:00,85.33456
2011-01-20 02:00:00,85.33456
2011-01-20 03:00:00,84.541306
2011-01-20 04:00:00,84.541306
2011-01-20 05:00:00,64.80287
2011-01-20 06:00:00,61.70926
2011-01-20 07:00:00,66.68737
2011-01-20 08:00:00,72.11675
2011-01-20 09:00:00,66.88068
2011-01-20 10:00:00,97.24147
2011-01-20 11:00:00,112.38717
2011-01-20 12:00:00,130.549
2011-01-20 13:00:00,115.04185
2011-01-20 14:00:00,122.87667
2011-01-20 15:00:00,133.3419
2011-01-20 16:00:00,114.72625
2011-01-20 17:00:00,120.35736
2011-01-20 18:00:00,74.232254
2011-01-20 19:00:00,76.68627
2011-01-20 20:00:00,63.54314
2011-01-20 21:00:00,57.60568
2011-01-20 22:00:00,54.378796
2011-01-20 23:00:00,55.51207
2011-01-21 00:00:00,57.087543
2011-01-21 01:00:00,57.087543
2011-01-21 02:00:00,55.149696
2011-01-21 03:00:00,49.676224
2011-01-21 04:00:00,65.468796
2011-01-21 05:00:00,69.60368
2011-01-21 06:00:00,69.47285
2011-01-21 07:00:00,67.49775
2011-01-21 08:00:00,87.88016
2011-01-21 09:00:00,76.325905
2011-01-21 10:00:00,89.33999
2011-01-21 11:00:00,98.77217
2011-01-21 12:00:00,101.22649
2011-01-21 13:00:00,114.670135
2011-01-21 14:00:00,93.57905
2011-01-21 15:00:00,86.112495
2011-01-21 16:00:00,90.293976
2011-01-21 17:00:00,84.97573
2011-01-21 18:00:00,77.926414
2011-01-21 19:00:00,77.12334
2011-01-21 20:00:00,66.683266
2011-01-21 21:00:00,57.63692
2011-01-21 22:00:00,48.139515
2011-01-21 23:00:00,52.011066
2011-01-22 00:00:00,39.555378
2011-01-22 01:00:00,36.933746
2011-01-22 02:00:00,45.432907
2011-01-22 03:00:00,46.669003
2011-01-22 04:00:00,42.976658
2011-01-22 06:00:00,40.575085
2011-01-22 07:00:00,42.176617
2011-01-22 08:00:00,45.595665
2011-01-22 09:00:00,42.878136
2011-01-22 10:00:00,39.15814
2011-01-22 11:00:00,39.540573
2011-01-22 12:00:00,40.45159
2011-01-22 13:00:00,53.67199
2011-01-22 14:00:00,70.1782
2011-01-22 15:00:00,87.32891
2011-01-22 16:00:00,85.24708
2011-01-22 17:00:00,85.03123
2011-01-22 18:00:00,55.974598
2011-01-22 19:00:00,57.509727
2011-01-22 20:00:00,36.88564
2011-01-22 21:00:00,39.56035
2011-01-22 22:00:00,41.415512
2011-01-22 23:00:00,32.782124
2011-01-23 00:00:00,32.782124
2011-01-23 01:00:00,32.782124
2011-01-23 02:00:00,33.142807
2011-01-23 03:00:00,33.142807
2011-01-23 05:00:00,34.014263
2011-01-23 06:00:00,34.014263
2011-01-23 07:00:00,35.501633
2011-01-23 08:00:00,34.18004
2011-01-23 09:00:00,46.57325
2011-01-23 10:00:00,49.409485
2011-01-23 11:00:00,53.836285
2011-01-23 12:00:00,82.06954
2011-01-23 13:00:00,80.203674
2011-01-23 14:00:00,94.30719
2011-01-23 15:00:00,94.30719
2011-01-23 16:00:00,99.757484
2011-01-23 17:00:00,102.074394
2011-01-23 18:00:00,74.84559
2011-01-23 19:00:00,77.994576
2011-01-23 20:00:00,57.842014
2011-01-23 21:00:00,55.83231
2011-01-23 22:00:00,45.794693
2011-01-23 23:00:00,42.39369
2011-01-24 00:00:00,47.140316
2011-01-24 01:00:00,45.275436
2011-01-24 03:00:00,48.108543
2011-01-24 04:00:00,42.775208
2011-01-24 05:00:00,42.775208
2011-01-24 06:00:00,44.58146
2011-01-24 07:00:00,51.155006
2011-01-24 08:00:00,53.363148
2011-01-24 09:00:00,64.47514
2011-01-24 10:00:00,62.641094
2011-01-24 11:00:00,52.033176
2011-01-24 12:00:00,54.438354
2011-01-24 13:00:00,54.02329
2011-01-24 14:00:00,52.135235
2011-01-24 15:00:00,73.98851
2011-01-24 16:00:00,62.810352
2011-01-24 17:00:00,54.3048
2011-01-24 18:00:00,52.492355
2011-01-24 19:00:00,54.248898
2011-01-24 20:00:00,52.492355
2011-01-24 21:00:00,55.074734
2011-01-24 22:00:00,46.485905
2011-01-24 23:00:00,47.7619
2011-01-25 00:00:00,46.206116
2011-01-25 01:00:00,51.695858
2011-01-25 02:00:00,54.794956
2011-01-25 04:00:00,58.49333
2011-01-25 05:00:00,53.592133
2011-01-25 06:00:00,60.648785
2011-01-25 07:00:00,55.366436
2011-01-25 08:00:00,54.394596
2011-01-25 09:00:00,61.682987
2011-01-25 10:00:00,70.46506
2011-01-25 11:00:00,68.12054
2011-01-25 12:00:00,101.077225
2011-01-25 13:00:00,87.78946
2011-01-25 14:00:00,123.250755
2011-01-25 15:00:00,134.43765
2011-01-25 16:00:00,134.43765
2011-01-25 17:00:00,117.10639
2011-01-25 18:00:00,120.70431
2011-01-25 19:00:00,65.8805
2011-01-25 20:00:00,64.30312
2011-01-25 21:00:00,64.30312
2011-01-25 22:00:00,65.377266
2011-01-25 23:00:00,58.284718
2011-01-26 00:00:00,59.458923
2011-01-26 01:00:00,63.340084
2011-01-26 02:00:00,52.089813
2011-01-26 05:00:00,47.37138
2011-01-26 06:00:00,47.37138
2011-01-26 07:00:00,50.476288
2011-01-26 08:00:00,50.476288
2011-01-26 09:00:00,50.476288
2011-01-26 10:00:00,51.46834
2011-01-26 11:00:00,49.034798
2011-01-26 12:00:00,49.034798
2011-01-26 13:00:00,49.034798
2011-01-26 14:00:00,48.4222
2011-01-26 15:00:00,44.908165
2011-01-26 16:00:00,44.53445
2011-01-26 17:00:00,46.637867
2011-01-27 16:00:00,68.86161
2011-01-27 17:00:00,84.669
2011-01-27 18:00:00,70.545265
2011-01-27 19:00:00,70.545265
2011-01-27 20:00:00,66.52591
2011-01-27 21:00:00,66.52591
2011-01-27 22:00:00,66.52591
2011-01-27 23:00:00,62.16038
2011-01-28 00:00:00,58.067516
2011-01-28 01:00:00,58.067516
2011-01-28 02:00:00,57.452847
2011-01-28 03:00:00,60.41817
2011-01-28 05:00:00,58.989864
2011-01-28 06:00:00,56.864674
2011-01-28 07:00:00,57.48961
2011-01-28 08:00:00,57.48961
2011-01-28 09:00:00,54.13297
2011-01-28 10:00:00,53.826668
2011-01-28 11:00:00,54.626717
2011-01-28 12:00:00,54.626717
2011-01-28 13:00:00,54.626717
2011-01-28 14:00:00,74.0826
2011-01-28 15:00:00,72.10053
2011-01-28 16:00:00,74.20003
2011-01-28 17:00:00,71.5064
2011-01-28 18:00:00,65.20326
2011-01-28 19:00:00,61.949604
2011-01-28 20:00:00,58.40561
2011-01-28 21:00:00,59.99899
2011-01-28 22:00:00,62.472443
2011-01-28 23:00:00,64.80287
2011-01-29 00:00:00,56.608383
2011-01-29 01:00:00,53.65077
2011-01-29 02:00:00,52.80347
2011-01-29 03:00:00,51.46816
2011-01-29 04:00:00,46.730564
2011-01-29 06:00:00,46.422947
2011-01-29 07:00:00,46.35908
2011-01-29 08:00:00,50.411175
2011-01-29 09:00:00,54.54172
2011-01-29 10:00:00,45.76334
2011-01-29 11:00:00,43.463524
2011-01-29 12:00:00,47.95553
2011-01-29 13:00:00,55.127567
2011-01-29 14:00:00,49.565853
2011-01-29 15:00:00,51.871326
2011-01-29 16:00:00,59.14753
2011-01-29 17:00:00,53.876713
2011-01-29 18:00:00,55.334972
2011-01-29 19:00:00,47.346333
2011-01-29 20:00:00,54.455223
2011-01-29 21:00:00,54.455223
2011-01-29 22:00:00,50.545437
2011-01-29 23:00:00,50.545437
2011-01-30 00:00:00,47.15866
2011-01-30 01:00:00,38.458767
2011-01-30 02:00:00,39.991764
2011-01-30 03:00:00,43.32754
2011-01-30 04:00:00,43.32754
2011-01-30 05:00:00,40.705906
2011-01-30 07:00:00,40.705906
2011-01-30 08:00:00,42.68985
2011-01-30 09:00:00,40.539104
2011-01-30 10:00:00,39.47285
2011-01-30 11:00:00,42.702602
2011-01-30 12:00:00,101.25575
2011-01-30 13:00:00,74.89064
2011-01-30 14:00:00,73.2976
2011-01-30 15:00:00,72.50368
2011-01-30 16:00:00,72.50368
2011-01-30 17:00:00,83.65651
2011-01-30 18:00:00,61.961937
2011-01-30 19:00:00,61.074955
2011-01-30 20:00:00,62.464672
2011-01-30 21:00:00,49.462776
2011-01-30 22:00:00,47.45425
2011-01-30 23:00:00,52.91162
2011-01-31 00:00:00,57.2314
2011-01-31 01:00:00,60.805725
2011-01-31 02:00:00,63.910557
2011-01-31 03:00:00,63.910557
2011-01-31 04:00:00,59.12675
2011-01-31 05:00:00,54.78054
2011-01-31 06:00:00,51.134132
2011-01-31 07:00:00,45.63464
2011-01-31 08:00:00,46.136356
2011-01-31 09:00:00,46.818737
2011-01-31 10:00:00,48.417686
2011-01-31 11:00:00,48.417686
2011-01-31 12:00:00,60.184677
2011-01-31 13:00:00,75.43947
2011-01-31 14:00:00,54.241447
2011-01-31 15:00:00,52.68511
2011-01-31 16:00:00,51.92944
2011-01-31 17:00:00,48.417686
2011-01-31 18:00:00,48.230877
2011-01-31 19:00:00,116.45446
2011-01-31 20:00:00,44.875153
2011-01-31 21:00:00,49.30324
2011-01-31 22:00:00,53.406834
2011-01-31 23:00:00,55.876743
2011-02-20 00:00:00,110.391594
2011-02-20 01:00:00,98.66462
2011-02-20 02:00:00,101.69831
2011-02-20 03:00:00,94.81714
2011-02-20 04:00:00,94.81714
2011-02-20 06:00:00,71.33234
2011-02-20 07:00:00,54.28662
2011-02-20 08:00:00,59.7629
2011-02-20 09:00:00,79.116066
2011-02-20 10:00:00,102.85125
2011-02-20 11:00:00,152.52667
2011-02-20 12:00:00,149.80727
2011-02-20 13:00:00,264.2629
2011-02-20 14:00:00,233.72588
2011-02-20 15:00:00,275.1312
2011-02-20 16:00:00,251.10664
2011-02-20 17:00:00,188.58601
2011-02-20 18:00:00,164.02895
2011-02-20 19:00:00,164.02895
2011-02-20 20:00:00,175.64679
2011-02-20 21:00:00,87.66474
2011-02-20 22:00:00,84.30984
2011-02-20 23:00:00,77.5547
2011-02-21 00:00:00,115.92024
2011-02-21 01:00:00,115.92024
2011-02-21 02:00:00,115.92024
2011-02-21 03:00:00,117.723564
2011-02-21 04:00:00,131.43533
2011-02-21 05:00:00,168.91187
2011-02-21 06:00:00,218.27168
2011-02-21 07:00:00,240.23839
2011-02-21 08:00:00,86.24493
2011-02-21 09:00:00,85.41473
2011-02-21 10:00:00,81.496765
2011-02-21 11:00:00,89.6067
2011-02-21 12:00:00,60.880653
2011-02-21 13:00:00,46.095554
2011-02-21 14:00:00,56.096863
2011-02-21 15:00:00,73.36151
2011-02-21 16:00:00,41.126465
2011-02-21 17:00:00,56.10171
2011-02-21 18:00:00,41.552746
2011-02-21 19:00:00,41.552746
2011-02-21 20:00:00,44.59922
2011-02-21 21:00:00,41.090588
2011-02-21 22:00:00,44.917812
2011-02-21 23:00:00,44.917812
2011-02-22 06:00:00,45.417316
2011-02-22 07:00:00,45.417316
2011-02-22 08:00:00,46.03198
2011-02-22 09:00:00,45.60793
2011-02-22 10:00:00,54.12913
2011-02-22 11:00:00,68.29755
2011-02-22 12:00:00,71.907135
2011-02-22 13:00:00,69.51412
2011-02-22 14:00:00,68.86161
2011-02-22 15:00:00,85.3434
2011-02-22 16:00:00,76.59835
2011-02-22 17:00:00,72.68572
2011-02-22 18:00:00,89.444305
2011-02-22 19:00:00,73.98341
2011-02-22 20:00:00,74.43434
2011-02-22 21:00:00,76.39728
2011-02-22 22:00:00,73.57661
2011-02-22 23:00:00,73.57661
2011-02-23 00:00:00,53.25695
2011-02-23 01:00:00,61.4606
2011-02-23 02:00:00,55.040028
2011-02-23 03:00:00,52.236374
2011-02-23 05:00:00,55.928288
2011-02-23 06:00:00,55.928288
2011-02-23 07:00:00,54.670475
2011-02-23 08:00:00,54.248898
2011-02-23 09:00:00,75.51942
2011-02-23 10:00:00,103.37956
2011-02-23 11:00:00,113.07275
2011-02-23 12:00:00,155.83418
2011-02-23 13:00:00,185.61894
2011-02-23 14:00:00,191.9764
2011-02-23 15:00:00,207.46756
2011-02-23 16:00:00,204.27908
2011-02-23 17:00:00,207.46756
2011-02-23 18:00:00,197.07771
2011-02-23 19:00:00,156.14551
2011-02-23 20:00:00,72.27468
2011-02-23 21:00:00,95.17856
2011-02-23 22:00:00,95.17856
2011-02-23 23:00:00,93.03637
2011-02-24 00:00:00,93.03637
2011-02-24 01:00:00,86.38949
2011-02-24 02:00:00,70.923676
2011-02-24 03:00:00,63.83996
2011-02-24 05:00:00,63.844975
2011-02-24 06:00:00,60.75104
2011-02-24 07:00:00,61.02109
2011-02-24 08:00:00,64.02905
2011-02-24 09:00:00,55.21546
2011-02-24 10:00:00,58.247196
2011-02-24 11:00:00,104.76948
2011-02-24 12:00:00,145.34117
2011-02-24 13:00:00,161.72063
2011-02-24 14:00:00,171.89607
2011-02-24 15:00:00,169.11034
2011-02-24 16:00:00,141.38722
2011-02-24 17:00:00,99.42005
2011-02-24 18:00:00,66.45572
2011-02-24 19:00:00,61.837967
2011-02-24 20:00:00,66.45967
2011-02-24 21:00:00,66.45572
2011-02-24 22:00:00,62.9811
2011-02-24 23:00:00,69.224144
2011-02-25 00:00:00,98.71975
2011-02-25 01:00:00,83.0165
2011-02-25 02:00:00,83.0165
2011-02-25 03:00:00,83.5655
2011-02-25 05:00:00,83.5655
2011-02-25 06:00:00,87.24749
2011-02-25 07:00:00,69.787636
2011-02-25 08:00:00,82.569305
2011-02-25 09:00:00,60.610695
2011-02-25 10:00:00,82.67942
2011-02-25 11:00:00,186.53456
2011-02-25 12:00:00,211.22531
2011-02-25 13:00:00,211.22531
2011-02-25 14:00:00,229.25137
2011-02-25 15:00:00,181.23132
2011-02-25 16:00:00,125.70225
2011-02-25 17:00:00,132.29391
2011-02-25 18:00:00,126.42652
2011-02-25 19:00:00,117.50396
2011-02-25 20:00:00,122.25907
2011-02-25 21:00:00,113.15935
2011-02-25 22:00:00,103.23522
2011-02-25 23:00:00,102.35116
2011-02-26 00:00:00,63.925556
2011-02-26 01:00:00,72.041885
2011-02-26 02:00:00,60.849075
2011-02-26 03:00:00,57.819946
2011-02-26 04:00:00,59.580223
2011-02-26 05:00:00,50.16748
2011-02-26 06:00:00,49.18578
2011-02-26 07:00:00,65.29691
2011-02-26 08:00:00,59.075
2011-02-26 09:00:00,62.271465
2011-02-26 10:00:00,110.96006
2011-02-26 11:00:00,80.93225
2011-02-26 12:00:00,135.26027
2011-02-26 13:00:00,140.74722
2011-02-26 14:00:00,128.7012
2011-02-26 15:00:00,152.18874
2011-02-26 16:00:00,153.54362
2011-02-26 17:00:00,168.6338
2011-02-26 18:00:00,147.4418
2011-02-26 19:00:00,116.0411
2011-02-26 20:00:00,92.76221
2011-02-26 21:00:00,66.72972
2011-02-26 22:00:00,60.092453
2011-02-26 23:00:00,60.349346
2011-02-27 00:00:00,56.048237
2011-02-27 01:00:00,57.91026
2011-02-27 02:00:00,65.972946
2011-02-27 03:00:00,57.884163
2011-02-27 04:00:00,59.108067
2011-02-27 06:00:00,48.72987
2011-02-27 07:00:00,59.108067
2011-02-27 08:00:00,50.255077
2011-02-27 09:00:00,60.380875
2011-02-27 10:00:00,71.13585
2011-02-27 11:00:00,103.86495
2011-02-27 12:00:00,136.14061
2011-02-27 13:00:00,178.47997
2011-02-27 14:00:00,213.77449
2011-02-27 15:00:00,235.61075
2011-02-27 16:00:00,236.84575
2011-02-27 17:00:00,182.11131
2011-02-27 18:00:00,173.86998
2011-02-27 19:00:00,158.5596
2011-02-27 20:00:00,136.14061
2011-02-27 21:00:00,134.08255
2011-02-27 22:00:00,133.56006
2011-02-27 23:00:00,105.48322
2011-02-28 00:00:00,127.62198
2011-02-28 01:00:00,59.924904
2011-02-28 03:00:00,65.98139
2011-02-28 05:00:00,95.256714
2011-02-28 06:00:00,87.45893
2011-02-28 07:00:00,97.0208
2011-02-28 08:00:00,67.719955
2011-02-28 09:00:00,115.61592
2011-02-28 10:00:00,202.21638
2011-02-28 11:00:00,205.11438
2011-02-28 12:00:00,205.1144
2011-02-28 13:00:00,113.46957
2011-02-28 14:00:00,82.2192
2011-02-28 15:00:00,82.2192
2011-02-28 16:00:00,107.94507
2011-02-28 17:00:00,75.02644
2011-02-28 18:00:00,118.15411
2011-02-28 19:00:00,109.81556
2011-02-28 20:00:00,109.81556
2011-02-28 21:00:00,75.53608
2011-02-28 22:00:00,59.383434
2011-02-28 23:00:00,62.699146
2011-03-20 00:00:00,129.3117
2011-03-20 01:00:00,106.09362
2011-03-20 02:00:00,97.60024
2011-03-20 03:00:00,76.29325
2011-03-20 04:00:00,68.25131
2011-03-20 05:00:00,64.06303
2011-03-20 06:00:00,65.05193
2011-03-20 07:00:00,59.36732
2011-03-20 08:00:00,76.32509
2011-03-20 09:00:00,104.81637
2011-03-20 10:00:00,111.29395
2011-03-20 11:00:00,146.32524
2011-03-20 12:00:00,158.89674
2011-03-20 13:00:00,265.22397
2011-03-20 14:00:00,299.01443
2011-03-20 15:00:00,259.24802
2011-03-20 16:00:00,307.39072
2011-03-20 17:00:00,206.97647
2011-03-20 18:00:00,180.65848
2011-03-20 19:00:00,162.54048
2011-03-20 20:00:00,153.54362
2011-03-20 21:00:00,106.72549
2011-03-20 22:00:00,104.16772
2011-03-20 23:00:00,87.98944
2011-03-21 00:00:00,82.27047
2011-03-21 01:00:00,75.199974
2011-03-21 02:00:00,74.083786
2011-03-21 03:00:00,74.083786
2011-03-21 05:00:00,67.93235
2011-03-21 06:00:00,57.4998
2011-03-21 07:00:00,55.156845
2011-03-21 08:00:00,60.213535
2011-03-21 09:00:00,62.994095
2011-03-21 10:00:00,100.12427
2011-03-21 11:00:00,139.70674
2011-03-21 12:00:00,126.33359
2011-03-21 13:00:00,183.9498
2011-03-21 14:00:00,203.33105
2011-03-21 15:00:00,227.51587
2011-03-21 16:00:00,196.33223
2011-03-21 17:00:00,199.83748
2011-03-21 18:00:00,166.6284
2011-03-21 19:00:00,219.75789
2011-03-21 20:00:00,205.49025
2011-03-21 21:00:00,116.95981
2011-03-21 22:00:00,122.79347
2011-03-21 23:00:00,101.012085
2011-03-22 00:00:00,125.634575
2011-03-22 01:00:00,89.38319
2011-03-22 02:00:00,92.307625
2011-03-22 03:00:00,123.314964
2011-03-22 04:00:00,116.142685
2011-03-22 05:00:00,106.19425
2011-03-22 06:00:00,93.83105
2011-03-22 07:00:00,109.45817
2011-03-22 08:00:00,152.97914
2011-03-22 09:00:00,162.35843
2011-03-22 10:00:00,169.91594
2011-03-22 11:00:00,177.96907
2011-03-22 12:00:00,214.82054
2011-03-22 13:00:00,235.09184
2011-03-22 14:00:00,237.52544
2011-03-22 15:00:00,239.96217
2011-03-22 16:00:00,240.54466
2011-03-22 17:00:00,240.54466
2011-03-22 18:00:00,226.8889
2011-03-22 19:00:00,177.895
2011-03-22 20:00:00,172.03023
2011-03-22 21:00:00,161.62578
2011-03-22 22:00:00,150.42876
2011-03-22 23:00:00,150.42876
2011-03-23 00:00:00,85.33834
2011-03-23 01:00:00,61.440426
2011-03-23 02:00:00,61.440426
2011-03-23 03:00:00,65.204735
2011-03-23 05:00:00,58.168537
2011-03-23 06:00:00,63.458225
2011-03-23 07:00:00,62.71423
2011-03-23 08:00:00,64.549324
2011-03-23 09:00:00,60.971443
2011-03-23 10:00:00,63.837612
2011-03-23 11:00:00,66.52779
2011-03-23 12:00:00,64.17995
2011-03-23 13:00:00,70.03622
2011-03-23 14:00:00,89.38352
2011-03-23 15:00:00,90.9695
2011-03-23 16:00:00,113.25669
2011-03-23 17:00:00,113.25669
2011-03-23 18:00:00,82.64546
2011-03-23 19:00:00,82.64546
2011-03-23 20:00:00,55.99024
2011-03-23 21:00:00,52.40599
2011-03-23 22:00:00,64.89586
2011-03-23 23:00:00,61.225277
2011-03-24 00:00:00,62.71423
2011-03-24 01:00:00,60.9941
2011-03-24 02:00:00,61.18862
2011-03-24 03:00:00,58.739193
2011-03-24 04:00:00,58.739193
2011-03-24 05:00:00,58.608585
2011-03-24 06:00:00,58.608585
2011-03-24 07:00:00,51.567028
2011-03-24 08:00:00,47.871754
2011-03-24 09:00:00,56.562653
2011-03-24 10:00:00,52.43921
2011-03-24 11:00:00,57.817192
2011-03-24 12:00:00,68.4391
2011-03-24 13:00:00,68.85373
2011-03-24 14:00:00,75.09306
2011-03-24 15:00:00,67.10816
2011-03-24 16:00:00,71.829704
2011-03-24 17:00:00,64.36308
2011-03-24 18:00:00,77.20333
2011-03-24 19:00:00,102.81609
2011-03-24 20:00:00,81.195335
2011-03-24 21:00:00,71.79775
2011-03-24 22:00:00,65.37191
2011-03-24 23:00:00,59.7029
2011-03-25 00:00:00,71.41267
2011-03-25 01:00:00,54.844524
2011-03-25 02:00:00,54.453907
2011-03-25 03:00:00,57.16388
2011-03-25 04:00:00,55.189247
2011-03-25 05:00:00,52.883656
2011-03-25 06:00:00,50.690388
2011-03-25 07:00:00,75.4822
2011-03-25 08:00:00,106.41061
2011-03-25 09:00:00,106.75967
2011-03-25 10:00:00,104.32326
2011-03-25 11:00:00,127.00036
2011-03-25 12:00:00,133.356
2011-03-25 13:00:00,165.12675
2011-03-25 14:00:00,177.18207
2011-03-25 15:00:00,151.42749
2011-03-25 16:00:00,143.52385
2011-03-25 17:00:00,139.74084
2011-03-25 18:00:00,131.98314
2011-03-25 19:00:00,128.27328
2011-03-25 20:00:00,169.7086
2011-03-25 21:00:00,163.33986
2011-03-25 22:00:00,119.07967
2011-03-25 23:00:00,114.759155
2011-03-26 00:00:00,111.03004
2011-03-26 01:00:00,117.24775
2011-03-26 02:00:00,126.164375
2011-03-26 03:00:00,109.530945
2011-03-26 04:00:00,126.164375
2011-03-26 05:00:00,92.70855
2011-03-26 06:00:00,73.782295
2011-03-26 07:00:00,92.708534
2011-03-26 08:00:00,122.942406
2011-03-26 09:00:00,139.58339
2011-03-26 10:00:00,148.1113
2011-03-26 11:00:00,156.33878
2011-03-26 12:00:00,147.4897
2011-03-26 13:00:00,144.8762
2011-03-26 14:00:00,193.77403
2011-03-26 15:00:00,223.44576
2011-03-26 16:00:00,267.67877
2011-03-26 17:00:00,222.56203
2011-03-26 18:00:00,268.87958
2011-03-26 19:00:00,122.82856
2011-03-26 20:00:00,122.82856
2011-03-26 21:00:00,124.339096
2011-03-26 22:00:00,130.05164
2011-03-26 23:00:00,112.109825
2011-03-27 00:00:00,133.99767
2011-03-27 01:00:00,82.53235
2011-03-27 02:00:00,61.285034
2011-03-27 03:00:00,36.917034
2011-03-27 04:00:00,33.789825
2011-03-27 06:00:00,31.00498
2011-03-27 07:00:00,31.861317
2011-03-27 08:00:00,38.815304
2011-03-27 09:00:00,74.69329
2011-03-27 10:00:00,70.82462
2011-03-27 11:00:00,100.39184
2011-03-27 12:00:00,126.85081
2011-03-27 13:00:00,143.22005
2011-03-27 14:00:00,171.68536
2011-03-27 15:00:00,124.93657
2011-03-27 16:00:00,229.91188
2011-03-27 17:00:00,150.42706
2011-03-27 18:00:00,144.61722
2011-03-27 19:00:00,148.26665
2011-03-27 20:00:00,154.30751
2011-03-27 21:00:00,148.1113
2011-03-27 22:00:00,148.1113
2011-03-27 23:00:00,137.09973
2011-03-28 00:00:00,97.16358
2011-03-28 01:00:00,128.41438
2011-03-28 02:00:00,133.5543
2011-03-28 03:00:00,133.5543
2011-03-28 05:00:00,122.90418
2011-03-28 06:00:00,115.584206
2011-03-28 07:00:00,111.54388
2011-03-28 08:00:00,129.32054
2011-03-28 09:00:00,120.59085
2011-03-28 10:00:00,153.12811
2011-03-28 11:00:00,133.76082
2011-03-28 12:00:00,226.84706
2011-03-28 13:00:00,218.99559
2011-03-28 14:00:00,233.94255
2011-03-28 15:00:00,240.04988
2011-03-28 16:00:00,231.78108
2011-03-28 17:00:00,261.6514
2011-03-28 18:00:00,263.24307
2011-03-28 19:00:00,202.43857
2011-03-28 20:00:00,218.95015
2011-03-28 21:00:00,206.95082
2011-03-28 22:00:00,227.53719
2011-03-28 23:00:00,190.44795
2011-03-29 00:00:00,123.41703
2011-03-29 01:00:00,119.910164
2011-03-29 02:00:00,119.910164
2011-03-29 03:00:00,119.910164
2011-03-29 04:00:00,131.01071
2011-03-29 05:00:00,123.90041
2011-03-29 06:00:00,111.57357
2011-03-29 07:00:00,101.13907
2011-03-29 08:00:00,107.22245
2011-03-29 09:00:00,125.645546
2011-03-29 10:00:00,209.5131
2011-03-29 11:00:00,213.19984
2011-03-29 12:00:00,198.4022
2011-03-29 13:00:00,236.39435
2011-03-29 14:00:00,236.71858
2011-03-29 15:00:00,251.14783
2011-03-29 16:00:00,226.882
2011-03-29 17:00:00,243.4086
2011-03-29 18:00:00,231.75348
2011-03-29 19:00:00,223.86285
2011-03-29 20:00:00,231.75348
2011-03-29 21:00:00,177.42009
2011-03-29 22:00:00,135.4651
2011-03-29 23:00:00,117.85455
2011-03-30 00:00:00,105.266685
2011-03-30 01:00:00,192.61105
2011-03-30 02:00:00,105.266685
2011-03-30 03:00:00,156.49048
2011-03-30 04:00:00,105.266685
2011-03-30 05:00:00,100.05015
2011-03-30 06:00:00,127.12525
2011-03-30 07:00:00,169.66397
2011-03-30 08:00:00,132.81151
2011-03-30 09:00:00,125.19724
2011-03-30 10:00:00,128.6723
2011-03-30 11:00:00,130.37451
2011-03-30 12:00:00,155.67378
2011-03-30 13:00:00,146.49556
2011-03-30 14:00:00,139.05078
2011-03-30 15:00:00,50.86595
2011-03-30 16:00:00,52.249607
2011-03-30 17:00:00,52.67865
2011-03-30 18:00:00,56.562653
2011-03-30 19:00:00,56.562653
2011-03-30 20:00:00,45.420567
2011-03-30 21:00:00,52.613197
2011-03-30 22:00:00,47.0973
2011-03-30 23:00:00,45.38895
2011-03-31 00:00:00,47.0973
2011-03-31 01:00:00,46.902115
2011-03-31 02:00:00,46.902115
2011-03-31 03:00:00,47.0973
2011-03-31 04:00:00,47.29179
2011-03-31 05:00:00,47.0973
2011-03-31 06:00:00,45.420567
2011-03-31 07:00:00,47.29179
2011-03-31 08:00:00,52.93898
2011-03-31 09:00:00,49.33771
2011-03-31 10:00:00,49.33771
2011-03-31 11:00:00,53.092003
2011-03-31 12:00:00,53.092003
2011-03-31 13:00:00,56.566326
2011-03-31 14:00:00,56.566353
2011-03-31 15:00:00,51.590355
2011-03-31 16:00:00,59.882908
2011-03-31 17:00:00,59.882908
2011-03-31 18:00:00,62.606525
2011-03-31 19:00:00,62.606525
2011-03-31 20:00:00,50.808117
2011-03-31 21:00:00,58.478237
2011-03-31 22:00:00,52.935368
2011-03-31 23:00:00,51.17735
2011-04-20 00:00:00,102.19634
2011-04-20 01:00:00,97.79577
2011-04-20 02:00:00,97.79577
2011-04-20 03:00:00,76.0787
2011-04-20 04:00:00,80.87975
2011-04-20 05:00:00,95.75358
2011-04-20 06:00:00,97.79577
2011-04-20 07:00:00,80.78908
2011-04-20 08:00:00,236.45546
2011-04-20 09:00:00,282.48615
2011-04-20 10:00:00,173.01591
2011-04-20 11:00:00,173.01591
2011-04-20 12:00:00,318.9645
2011-04-20 13:00:00,318.9645
2011-04-20 14:00:00,404.28384
2011-04-20 15:00:00,402.10522
2011-04-20 16:00:00,402.10522
2011-04-20 17:00:00,429.63504
2011-04-20 18:00:00,378.0599
2011-04-20 19:00:00,341.36707
2011-04-20 20:00:00,306.00452
2011-04-20 21:00:00,320.21112
2011-04-20 22:00:00,307.99335
2011-04-20 23:00:00,307.90088
2011-04-21 00:00:00,261.6663
2011-04-21 01:00:00,243.56273
2011-04-21 02:00:00,224.93024
2011-04-21 03:00:00,186.65202
2011-04-21 04:00:00,177.14827
2011-04-21 05:00:00,176.96852
2011-04-21 06:00:00,154.57907
2011-04-21 07:00:00,177.7721
2011-04-21 08:00:00,170.82166
2011-04-21 09:00:00,181.94643
2011-04-21 10:00:00,180.18459
2011-04-21 11:00:00,215.70732
2011-04-21 12:00:00,236.77058
2011-04-21 13:00:00,272.84363
2011-04-21 14:00:00,304.69708
2011-04-21 15:00:00,379.1263
2011-04-21 16:00:00,351.9821
2011-04-21 17:00:00,272.29236
2011-04-21 18:00:00,312.63193
2011-04-21 19:00:00,293.2555
2011-04-21 20:00:00,247.54764
2011-04-21 21:00:00,199.40514
2011-04-21 22:00:00,219.69337
2011-04-21 23:00:00,208.28606
2011-04-22 00:00:00,127.5077
2011-04-22 01:00:00,137.15578
2011-04-22 02:00:00,139.64665
2011-04-22 03:00:00,139.64665
2011-04-22 04:00:00,132.76608
2011-04-22 05:00:00,131.61061
2011-04-22 06:00:00,132.76607
2011-04-22 07:00:00,126.16651
2011-04-22 08:00:00,124.45857
2011-04-22 09:00:00,86.129814
2011-04-22 10:00:00,119.79645
2011-04-22 11:00:00,89.96666
2011-04-22 12:00:00,79.301094
2011-04-22 13:00:00,60.51558
2011-04-22 14:00:00,57.429523
2011-04-22 15:00:00,60.51558
2011-04-22 16:00:00,70.03623
2011-04-22 17:00:00,57.106613
2011-04-22 18:00:00,57.106613
2011-04-22 19:00:00,57.106613
2011-04-22 20:00:00,56.340023
2011-04-22 21:00:00,57.04143
2011-04-22 22:00:00,57.17207
2011-04-22 23:00:00,67.43473
2011-04-23 00:00:00,51.331615
2011-04-23 01:00:00,51.331615
2011-04-23 02:00:00,47.687496
2011-04-23 03:00:00,48.22659
2011-04-23 04:00:00,30.81536
2011-04-23 05:00:00,30.81536
2011-04-23 06:00:00,54.669327
2011-04-23 07:00:00,47.65041
2011-04-23 08:00:00,53.336956
2011-04-23 09:00:00,61.43615
2011-04-23 10:00:00,82.36279
2011-04-23 11:00:00,99.2711
2011-04-23 12:00:00,138.66177
2011-04-23 13:00:00,135.93428
2011-04-23 14:00:00,195.1774
2011-04-23 15:00:00,231.37492
2011-04-23 16:00:00,220.67947
2011-04-23 17:00:00,225.22694
2011-04-23 18:00:00,130.9871
2011-04-23 19:00:00,157.58128
2011-04-23 20:00:00,132.8426
2011-04-23 21:00:00,152.39406
2011-04-23 22:00:00,179.96259
2011-04-23 23:00:00,107.999825
2011-04-24 00:00:00,115.24427
2011-04-24 01:00:00,93.934654
2011-04-24 02:00:00,93.934654
2011-04-24 03:00:00,70.95523
2011-04-24 04:00:00,70.95523
2011-04-24 05:00:00,70.95523
2011-04-24 06:00:00,61.32772
2011-04-24 07:00:00,61.32772
2011-04-24 08:00:00,98.72483
2011-04-24 09:00:00,131.36952
2011-04-24 10:00:00,137.43639
2011-04-24 11:00:00,218.64882
2011-04-24 12:00:00,220.68565
2011-04-24 13:00:00,270.97562
2011-04-24 14:00:00,284.99634
2011-04-24 15:00:00,231.73747
2011-04-24 16:00:00,385.5107
2011-04-24 17:00:00,244.47554
2011-04-24 18:00:00,170.12956
2011-04-24 19:00:00,168.55672
2011-04-24 20:00:00,168.55672
2011-04-24 21:00:00,121.70019
2011-04-24 22:00:00,112.807014
2011-04-24 23:00:00,88.11855
2011-04-25 00:00:00,107.2974
2011-04-25 01:00:00,112.02421
2011-04-25 02:00:00,112.02421
2011-04-25 03:00:00,110.323845
2011-04-25 04:00:00,101.44589
2011-04-25 05:00:00,87.35264
2011-04-25 06:00:00,96.73553
2011-04-25 07:00:00,113.13293
2011-04-25 08:00:00,126.84407
2011-04-25 09:00:00,135.39046
2011-04-25 10:00:00,219.33374
2011-04-25 11:00:00,219.33374
2011-04-25 12:00:00,232.05489
2011-04-25 13:00:00,275.4723
2011-04-25 14:00:00,314.65723
2011-04-25 15:00:00,320.0571
2011-04-25 16:00:00,309.4444
2011-04-25 17:00:00,310.61078
2011-04-25 18:00:00,296.05545
2011-04-25 19:00:00,288.01047
2011-04-25 20:00:00,282.48615
2011-04-25 21:00:00,246.19313
2011-04-25 22:00:00,215.25133
2011-04-25 23:00:00,191.99026
2011-04-26 00:00:00,242.68785
2011-04-26 01:00:00,217.92142
2011-04-26 02:00:00,183.72008
2011-04-26 03:00:00,149.06415
2011-04-26 04:00:00,173.57523
2011-04-26 05:00:00,151.76651
2011-04-26 06:00:00,150.85052
2011-04-26 07:00:00,187.20676
2011-04-26 08:00:00,187.20674
2011-04-26 09:00:00,229.85963
2011-04-26 10:00:00,245.53413
2011-04-26 11:00:00,264.3597
2011-04-26 12:00:00,283.148
2011-04-26 13:00:00,324.23648
2011-04-26 14:00:00,312.25427
2011-04-26 15:00:00,293.70865
2011-04-26 16:00:00,297.93784
2011-04-26 17:00:00,282.34006
2011-04-26 18:00:00,253.79909
2011-04-26 19:00:00,233.6682
2011-04-26 20:00:00,229.85963
2011-04-26 21:00:00,209.46956
2011-04-26 22:00:00,150.75029
2011-04-26 23:00:00,171.71988
2011-04-27 00:00:00,157.40678
2011-04-27 01:00:00,187.68016
2011-04-27 02:00:00,170.47205
2011-04-27 03:00:00,164.78249
2011-04-27 04:00:00,142.62517
2011-04-27 05:00:00,144.67737
2011-04-27 06:00:00,152.23445
2011-04-27 07:00:00,164.78249
2011-04-27 08:00:00,168.96698
2011-04-27 09:00:00,177.48848
2011-04-27 10:00:00,191.38661
2011-04-27 11:00:00,204.17471
2011-04-27 12:00:00,222.56544
2011-04-27 13:00:00,213.00867
2011-04-27 14:00:00,248.88597
2011-04-27 15:00:00,262.32755
2011-04-27 16:00:00,259.86444
2011-04-27 17:00:00,207.6864
2011-04-27 18:00:00,207.6864
2011-04-27 19:00:00,209.46956
2011-04-27 20:00:00,205.28232
2011-04-27 21:00:00,183.65422
2011-04-27 22:00:00,184.67899
2011-04-27 23:00:00,187.09277
2011-04-28 00:00:00,219.06865
2011-04-28 01:00:00,201.99411
2011-04-28 02:00:00,208.05406
2011-04-28 03:00:00,214.7822
2011-04-28 04:00:00,205.01898
2011-04-28 05:00:00,201.99411
2011-04-28 06:00:00,221.96758
2011-04-28 07:00:00,220.84215
2011-04-28 08:00:00,227.36386
2011-04-28 09:00:00,175.33536
2011-04-28 10:00:00,174.16533
2011-04-28 11:00:00,191.38661
2011-04-28 12:00:00,200.69337
2011-04-28 13:00:00,192.89906
2011-04-28 14:00:00,200.2206
2011-04-28 15:00:00,250.80557
2011-04-28 16:00:00,203.19835
2011-04-28 17:00:00,301.1429
2011-04-28 18:00:00,301.1429
2011-04-28 19:00:00,306.21103
2011-04-28 20:00:00,274.04288
2011-04-28 21:00:00,258.6689
2011-04-28 22:00:00,261.4299
2011-04-28 23:00:00,254.00578
2011-04-29 00:00:00,252.54378
2011-04-29 01:00:00,229.37619
2011-04-29 02:00:00,126.85226
2011-04-29 03:00:00,138.36613
2011-04-29 04:00:00,213.39006
2011-04-29 05:00:00,225.35448
2011-04-29 06:00:00,234.01329
2011-04-29 07:00:00,253.14534
2011-04-29 08:00:00,260.9174
2011-04-29 09:00:00,260.35233
2011-04-29 10:00:00,268.13077
2011-04-29 11:00:00,309.3173
2011-04-29 12:00:00,273.18542
2011-04-29 13:00:00,272.90384
2011-04-29 14:00:00,331.2882
2011-04-29 15:00:00,263.38632
2011-04-29 16:00:00,250.27171
2011-04-29 17:00:00,224.48813
2011-04-29 18:00:00,223.80159
2011-04-29 19:00:00,181.45052
2011-04-29 20:00:00,222.0233
2011-04-29 21:00:00,209.746
2011-04-29 22:00:00,161.54704
2011-04-29 23:00:00,175.32222
2011-04-30 00:00:00,178.3612
2011-04-30 01:00:00,165.48097
2011-04-30 02:00:00,175.28954
2011-04-30 03:00:00,165.61717
2011-04-30 04:00:00,168.69914
2011-04-30 05:00:00,176.39659
2011-04-30 06:00:00,161.81969
2011-04-30 07:00:00,165.64839
2011-04-30 08:00:00,175.97426
2011-04-30 09:00:00,193.66782
2011-04-30 10:00:00,203.52534
2011-04-30 11:00:00,237.55186
2011-04-30 12:00:00,244.32921
2011-04-30 13:00:00,326.8565
2011-04-30 14:00:00,322.04837
2011-04-30 15:00:00,339.34305
2011-04-30 16:00:00,371.97482
2011-04-30 17:00:00,272.44736
2011-04-30 18:00:00,259.4683
2011-04-30 19:00:00,259.4683
2011-04-30 20:00:00,98.60667
2011-04-30 21:00:00,98.60667
2011-04-30 22:00:00,85.06357
2011-04-30 23:00:00,85.06357
2011-05-20 00:00:00,96.980125
2011-05-20 01:00:00,81.501114
2011-05-20 02:00:00,88.347145
2011-05-20 03:00:00,76.8286
2011-05-20 04:00:00,92.307625
2011-05-20 05:00:00,94.223076
2011-05-20 06:00:00,102.98939
2011-05-20 07:00:00,128.01767
2011-05-20 08:00:00,129.44699
2011-05-20 09:00:00,188.63437
2011-05-20 10:00:00,205.49025
2011-05-20 11:00:00,235.32677
2011-05-20 12:00:00,277.8916
2011-05-20 13:00:00,272.8637
2011-05-20 14:00:00,295.25662
2011-05-20 15:00:00,279.0198
2011-05-20 16:00:00,290.87094
2011-05-20 17:00:00,198.63742
2011-05-20 18:00:00,280.48737
2011-05-20 19:00:00,158.85625
2011-05-20 20:00:00,167.55098
2011-05-20 21:00:00,160.53624
2011-05-20 22:00:00,119.48074
2011-05-20 23:00:00,134.12933
2011-05-21 00:00:00,97.69787
2011-05-21 01:00:00,89.207756
2011-05-21 02:00:00,103.86071
2011-05-21 03:00:00,79.3315
2011-05-21 04:00:00,71.27921
2011-05-21 05:00:00,67.44827
2011-05-21 06:00:00,90.70434
2011-05-21 07:00:00,113.81047
2011-05-21 08:00:00,205.35765
2011-05-21 09:00:00,203.59395
2011-05-21 10:00:00,209.52055
2011-05-21 11:00:00,260.76346
2011-05-21 12:00:00,332.3031
2011-05-21 13:00:00,388.55814
2011-05-21 14:00:00,439.02338
2011-05-21 15:00:00,366.73938
2011-05-21 16:00:00,439.41043
2011-05-21 17:00:00,407.64944
2011-05-21 18:00:00,361.55405
2011-05-21 19:00:00,300.78745
2011-05-21 20:00:00,248.99556
2011-05-21 21:00:00,209.52055
2011-05-21 22:00:00,141.88736
2011-05-21 23:00:00,112.6472
2011-05-22 00:00:00,101.1714
2011-05-22 01:00:00,82.435394
2011-05-22 02:00:00,77.58107
2011-05-22 03:00:00,68.9102
2011-05-22 04:00:00,58.394238
2011-05-22 05:00:00,68.9102
2011-05-22 06:00:00,77.58107
2011-05-22 07:00:00,90.63385
2011-05-22 08:00:00,124.08985
2011-05-22 09:00:00,157.66441
2011-05-22 10:00:00,197.4014
2011-05-22 11:00:00,297.80188
2011-05-22 12:00:00,328.07346
2011-05-22 13:00:00,278.7732
2011-05-22 14:00:00,211.47594
2011-05-22 15:00:00,246.41557
2011-05-22 16:00:00,260.19186
2011-05-22 17:00:00,277.2623
2011-05-22 18:00:00,219.29637
2011-05-22 19:00:00,209.26953
2011-05-22 20:00:00,183.98035
2011-05-22 21:00:00,158.04453
2011-05-22 22:00:00,120.82313
2011-05-22 23:00:00,121.37399
2011-05-23 00:00:00,136.69388
2011-05-23 01:00:00,126.84407
2011-05-23 02:00:00,155.14894
2011-05-23 03:00:00,143.45375
2011-05-23 04:00:00,110.11675
2011-05-23 05:00:00,110.11675
2011-05-23 06:00:00,106.156296
2011-05-23 07:00:00,128.6918
2011-05-23 08:00:00,145.26486
2011-05-23 09:00:00,154.08357
2011-05-23 10:00:00,235.49568
2011-05-23 11:00:00,251.6686
2011-05-23 12:00:00,251.6686
2011-05-23 13:00:00,313.85873
2011-05-23 14:00:00,279.42856
2011-05-23 15:00:00,292.7359
2011-05-23 16:00:00,307.0787
2011-05-23 17:00:00,276.6815
2011-05-23 18:00:00,268.17545
2011-05-23 19:00:00,250.82957
2011-05-23 20:00:00,159.35419
2011-05-23 21:00:00,161.17122
2011-05-23 22:00:00,143.64229
2011-05-23 23:00:00,147.02016
2011-05-24 00:00:00,133.56084
2011-05-24 01:00:00,128.58218
2011-05-24 02:00:00,133.56084
2011-05-24 03:00:00,133.47816
2011-05-24 04:00:00,130.53561
2011-05-24 05:00:00,153.16043
2011-05-24 06:00:00,155.37672
2011-05-24 07:00:00,204.32133
2011-05-24 08:00:00,169.61304
2011-05-24 09:00:00,226.40547
2011-05-24 10:00:00,298.82742
2011-05-24 11:00:00,320.0571
2011-05-24 12:00:00,342.64188
2011-05-24 13:00:00,345.9385
2011-05-24 14:00:00,353.0039
2011-05-24 15:00:00,314.9533
2011-05-24 16:00:00,234.27206
2011-05-24 17:00:00,230.65897
2011-05-24 18:00:00,244.61386
2011-05-24 19:00:00,212.21169
2011-05-24 20:00:00,161.00827
2011-05-24 21:00:00,144.14201
2011-05-24 22:00:00,162.8483
2011-05-24 23:00:00,226.20816
2011-05-25 00:00:00,162.23097
2011-05-25 01:00:00,152.35768
2011-05-25 02:00:00,114.82396
2011-05-25 03:00:00,117.95622
2011-05-25 04:00:00,114.00152
2011-05-25 05:00:00,124.866745
2011-05-25 06:00:00,120.819336
2011-05-25 07:00:00,170.03445
2011-05-25 08:00:00,235.44801
2011-05-25 09:00:00,198.47545
2011-05-25 10:00:00,219.42946
2011-05-25 11:00:00,274.59933
2011-05-25 12:00:00,289.02664
2011-05-25 13:00:00,289.02664
2011-05-25 14:00:00,304.13123
2011-05-25 15:00:00,335.33163
2011-05-25 16:00:00,327.2684
2011-05-25 17:00:00,320.0571
2011-05-25 18:00:00,308.3056
2011-05-25 19:00:00,246.30434
2011-05-25 20:00:00,261.5751
2011-05-25 21:00:00,202.99986
2011-05-25 22:00:00,252.42259
2011-05-25 23:00:00,178.87381
2011-05-26 00:00:00,178.8738
2011-05-26 01:00:00,178.8738
2011-05-26 02:00:00,134.71956
2011-05-26 03:00:00,128.55827
2011-05-26 04:00:00,116.66778
2011-05-26 05:00:00,134.45341
2011-05-26 06:00:00,108.77198
2011-05-26 07:00:00,160.62341
2011-05-26 08:00:00,158.45049
2011-05-26 09:00:00,247.0005
2011-05-26 10:00:00,268.17545
2011-05-26 11:00:00,292.06448
2011-05-26 12:00:00,345.25476
2011-05-26 13:00:00,367.4168
2011-05-26 14:00:00,367.4168
2011-05-26 15:00:00,368.19284
2011-05-26 16:00:00,358.024
2011-05-26 17:00:00,362.9364
2011-05-26 18:00:00,359.7875
2011-05-26 19:00:00,347.55453
2011-05-26 20:00:00,282.53976
2011-05-26 21:00:00,232.09312
2011-05-26 22:00:00,231.96098
2011-05-26 23:00:00,260.2759
2011-05-27 00:00:00,263.63
2011-05-27 01:00:00,304.2112
2011-05-27 02:00:00,290.73743
2011-05-27 03:00:00,192.61359
2011-05-27 04:00:00,196.05139
2011-05-27 05:00:00,260.05298
2011-05-27 06:00:00,169.96733
2011-05-27 07:00:00,193.86871
2011-05-27 08:00:00,237.24243
2011-05-27 09:00:00,293.41895
2011-05-27 10:00:00,317.51038
2011-05-27 11:00:00,321.1075
2011-05-27 12:00:00,329.39444
2011-05-27 13:00:00,306.3842
2011-05-27 14:00:00,330.3543
2011-05-27 15:00:00,352.65097
2011-05-27 16:00:00,328.63446
2011-05-27 17:00:00,319.67728
2011-05-27 18:00:00,307.0787
2011-05-27 19:00:00,187.90564
2011-05-27 20:00:00,223.71587
2011-05-27 21:00:00,133.87837
2011-05-27 22:00:00,141.96933
2011-05-27 23:00:00,135.58513
2011-05-28 00:00:00,108.355156
2011-05-28 01:00:00,119.15832
2011-05-28 02:00:00,105.41294
2011-05-28 03:00:00,118.25212
2011-05-28 04:00:00,131.36952
2011-05-28 05:00:00,118.25212
2011-05-28 06:00:00,145.65158
2011-05-28 07:00:00,148.4769
2011-05-28 08:00:00,152.8975
2011-05-28 09:00:00,194.593
2011-05-28 10:00:00,221.22295
2011-05-28 11:00:00,221.22295
2011-05-28 12:00:00,287.10303
2011-05-28 13:00:00,259.97452
2011-05-28 14:00:00,305.01996
2011-05-28 15:00:00,312.99896
2011-05-28 16:00:00,320.9423
2011-05-28 17:00:00,304.78088
2011-05-28 18:00:00,273.27286
2011-05-28 19:00:00,230.68431
2011-05-28 20:00:00,221.22295
2011-05-28 21:00:00,229.92592
2011-05-28 22:00:00,178.44785
2011-05-28 23:00:00,137.01175
2011-05-29 00:00:00,146.24443
2011-05-29 01:00:00,120.382904
2011-05-29 02:00:00,109.5797
2011-05-29 03:00:00,109.5797
2011-05-29 04:00:00,100.703766
2011-05-29 05:00:00,94.88044
2011-05-29 06:00:00,132.60387
2011-05-29 07:00:00,168.2356
2011-05-29 08:00:00,143.9095
2011-05-29 09:00:00,146.64398
2011-05-29 10:00:00,171.265
2011-05-29 11:00:00,213.38509
2011-05-29 12:00:00,211.56398
2011-05-29 13:00:00,236.16629
2011-05-29 14:00:00,243.5297
2011-05-29 15:00:00,248.1181
2011-05-29 16:00:00,243.5297
2011-05-29 17:00:00,243.5297
2011-05-29 18:00:00,232.08018
2011-05-29 19:00:00,222.09138
2011-05-29 20:00:00,183.55714
2011-05-29 21:00:00,158.37617
2011-05-29 22:00:00,126.328575
2011-05-29 23:00:00,131.73921
2011-05-30 00:00:00,118.897026
2011-05-30 01:00:00,108.093834
2011-05-30 02:00:00,118.897026
2011-05-30 03:00:00,118.897026
2011-05-30 04:00:00,107.22695
2011-05-30 05:00:00,103.3571
2011-05-30 06:00:00,106.89816
2011-05-30 07:00:00,91.19953
2011-05-30 08:00:00,127.86792
2011-05-30 09:00:00,199.31395
2011-05-30 10:00:00,350.85654
2011-05-30 11:00:00,394.86838
2011-05-30 12:00:00,398.7839
2011-05-30 13:00:00,447.1019
2011-05-30 14:00:00,491.60794
2011-05-30 15:00:00,455.66165
2011-05-30 16:00:00,467.83783
2011-05-30 17:00:00,450.33328
2011-05-30 18:00:00,429.55826
2011-05-30 19:00:00,228.90483
2011-05-30 20:00:00,331.48685
2011-05-30 21:00:00,230.1087
2011-05-30 22:00:00,206.62683
2011-05-30 23:00:00,144.0795
2011-05-31 00:00:00,171.67577
2011-05-31 01:00:00,148.17624
2011-05-31 02:00:00,149.2561
2011-05-31 03:00:00,122.16843
2011-05-31 04:00:00,142.45834
2011-05-31 05:00:00,142.45834
2011-05-31 06:00:00,160.88896
2011-05-31 07:00:00,230.68929
2011-05-31 08:00:00,298.80682
2011-05-31 09:00:00,321.88315
2011-05-31 10:00:00,330.11588
2011-05-31 11:00:00,374.12863
2011-05-31 12:00:00,350.97675
2011-05-31 13:00:00,382.38428
2011-05-31 14:00:00,389.14758
2011-05-31 15:00:00,381.56552
2011-05-31 16:00:00,375.28244
2011-05-31 17:00:00,361.54245
2011-05-31 18:00:00,354.47705
2011-05-31 19:00:00,268.0011
2011-05-31 20:00:00,268.0011
2011-05-31 21:00:00,245.63493
2011-05-31 22:00:00,252.09782
2011-05-31 23:00:00,179.79819
2011-06-20 00:00:00,148.40256
2011-06-20 01:00:00,137.41786
2011-06-20 02:00:00,137.41786
2011-06-20 03:00:00,138.60898
2011-06-20 04:00:00,151.50502
2011-06-20 05:00:00,152.50835
2011-06-20 06:00:00,170.0616
2011-06-20 07:00:00,154.61148
2011-06-20 08:00:00,149.26282
2011-06-20 09:00:00,192.62086
2011-06-20 10:00:00,192.62086
2011-06-20 11:00:00,148.80327
2011-06-20 12:00:00,191.50159
2011-06-20 13:00:00,194.55322
2011-06-20 14:00:00,216.33408
2011-06-20 15:00:00,234.1042
2011-06-20 16:00:00,275.5046
2011-06-20 17:00:00,228.32336
2011-06-20 18:00:00,303.9963
2011-06-20 19:00:00,263.113
2011-06-20 20:00:00,243.89134
2011-06-20 21:00:00,193.86867
2011-06-20 22:00:00,235.35933
2011-06-20 23:00:00,203.19835
2011-06-21 00:00:00,149.61111
2011-06-21 01:00:00,179.77026
2011-06-21 02:00:00,147.28117
2011-06-21 03:00:00,147.28117
2011-06-21 04:00:00,109.61695
2011-06-21 05:00:00,110.99688
2011-06-21 06:00:00,110.99688
2011-06-21 07:00:00,81.497154
2011-06-21 08:00:00,118.294395
2011-06-21 09:00:00,160.71417
2011-06-21 10:00:00,137.08388
2011-06-21 11:00:00,126.3881
2011-06-21 12:00:00,222.61543
2011-06-21 13:00:00,274.99814
2011-06-21 14:00:00,315.9897
2011-06-21 15:00:00,340.0227
2011-06-21 16:00:00,342.04987
2011-06-21 17:00:00,326.37946
2011-06-21 18:00:00,321.4066
2011-06-21 19:00:00,294.2618
2011-06-21 20:00:00,296.6209
2011-06-21 21:00:00,252.91179
2011-06-21 22:00:00,158.46164
2011-06-21 23:00:00,179.54308
2011-06-22 00:00:00,169.13718
2011-06-22 01:00:00,147.15292
2011-06-22 02:00:00,144.87202
2011-06-22 03:00:00,147.15292
2011-06-22 04:00:00,125.56275
2011-06-22 05:00:00,103.447945
2011-06-22 06:00:00,141.35509
2011-06-22 07:00:00,149.57571
2011-06-22 08:00:00,194.95967
2011-06-22 09:00:00,208.86505
2011-06-22 10:00:00,302.05
2011-06-22 11:00:00,252.11137
2011-06-22 12:00:00,353.58136
2011-06-22 13:00:00,371.64972
2011-06-22 14:00:00,368.55164
2011-06-22 15:00:00,367.6902
2011-06-22 16:00:00,361.96335
2011-06-22 17:00:00,348.33472
2011-06-22 18:00:00,361.6555
2011-06-22 19:00:00,362.32245
2011-06-22 20:00:00,224.1878
2011-06-22 21:00:00,215.51213
2011-06-22 22:00:00,244.46733
2011-06-22 23:00:00,259.80795
2011-06-23 00:00:00,247.44608
2011-06-23 01:00:00,273.35513
2011-06-23 02:00:00,273.35513
2011-06-23 03:00:00,250.128
2011-06-23 04:00:00,185.84045
2011-06-23 05:00:00,237.60703
2011-06-23 06:00:00,237.60698
2011-06-23 07:00:00,233.30965
2011-06-23 08:00:00,286.97757
2011-06-23 09:00:00,249.25418
2011-06-23 10:00:00,285.8135
2011-06-23 11:00:00,310.7181
2011-06-23 12:00:00,316.79794
2011-06-23 13:00:00,318.0012
2011-06-23 14:00:00,314.33932
2011-06-23 15:00:00,325.01007
2011-06-23 16:00:00,300.6343
2011-06-23 17:00:00,283.5848
2011-06-23 18:00:00,274.29642
2011-06-23 19:00:00,284.85706
2011-06-23 20:00:00,257.81284
2011-06-23 21:00:00,238.35579
2011-06-23 22:00:00,272.47885
2011-06-23 23:00:00,287.7655
2011-06-24 00:00:00,187.59595
2011-06-24 01:00:00,208.44327
2011-06-24 02:00:00,208.44327
2011-06-24 03:00:00,126.3881
2011-06-24 04:00:00,133.80179
2011-06-24 05:00:00,106.40417
2011-06-24 06:00:00,129.26358
2011-06-24 07:00:00,173.52351
2011-06-24 08:00:00,257.81284
2011-06-24 09:00:00,267.6508
2011-06-24 10:00:00,368.57608
2011-06-24 11:00:00,379.08282
2011-06-24 12:00:00,368.44858
2011-06-24 13:00:00,363.28867
2011-06-24 14:00:00,358.35538
2011-06-24 15:00:00,404.93842
2011-06-24 16:00:00,429.82205
2011-06-24 17:00:00,352.0296
2011-06-24 18:00:00,367.087
2011-06-24 19:00:00,331.58722
2011-06-24 20:00:00,307.2812
2011-06-24 21:00:00,294.25662
2011-06-24 22:00:00,264.85876
2011-06-24 23:00:00,284.29572
2011-06-25 00:00:00,381.48004
2011-06-25 01:00:00,341.5143
2011-06-25 02:00:00,359.02115
2011-06-25 03:00:00,272.38843
2011-06-25 04:00:00,272.38843
2011-06-25 05:00:00,228.36055
2011-06-25 06:00:00,271.5097
2011-06-25 07:00:00,270.6669
2011-06-25 08:00:00,411.17514
2011-06-25 09:00:00,452.91855
2011-06-25 10:00:00,428.8425
2011-06-25 11:00:00,458.97247
2011-06-25 12:00:00,517.865
2011-06-25 13:00:00,517.865
2011-06-25 14:00:00,478.6868
2011-06-25 15:00:00,419.36765
2011-06-25 16:00:00,510.3938
2011-06-25 17:00:00,482.90414
2011-06-25 18:00:00,452.91855
2011-06-25 19:00:00,431.7889
2011-06-25 20:00:00,387.0991
2011-06-25 21:00:00,335.12573
2011-06-25 22:00:00,389.6943
2011-06-25 23:00:00,380.55075
2011-06-26 00:00:00,246.82831
2011-06-26 01:00:00,281.7449
2011-06-26 02:00:00,262.33163
2011-06-26 03:00:00,199.39476
2011-06-26 04:00:00,194.5886
2011-06-26 05:00:00,182.21867
2011-06-26 06:00:00,182.21867
2011-06-26 07:00:00,197.73586
2011-06-26 08:00:00,245.1671
2011-06-26 09:00:00,266.1829
2011-06-26 10:00:00,367.38135
2011-06-26 11:00:00,409.7005
2011-06-26 12:00:00,476.31494
2011-06-26 13:00:00,494.07904
2011-06-26 14:00:00,469.16446
2011-06-26 15:00:00,494.07904
2011-06-26 16:00:00,470.84598
2011-06-26 17:00:00,461.60278
2011-06-26 18:00:00,460.80194
2011-06-26 19:00:00,382.90894
2011-06-26 20:00:00,369.86774
2011-06-26 21:00:00,291.84103
2011-06-26 22:00:00,295.0176
2011-06-26 23:00:00,272.84808
2011-06-27 00:00:00,234.19128
2011-06-27 01:00:00,160.57863
2011-06-27 02:00:00,176.11942
2011-06-27 03:00:00,176.11942
2011-06-27 04:00:00,126.32175
2011-06-27 05:00:00,132.4613
2011-06-27 06:00:00,179.79013
2011-06-27 07:00:00,234.64641
2011-06-27 08:00:00,217.5315
2011-06-27 09:00:00,245.90671
2011-06-27 10:00:00,301.51132
2011-06-27 11:00:00,214.83655
2011-06-27 12:00:00,245.90671
2011-06-27 13:00:00,314.75235
2011-06-27 14:00:00,270.352
2011-06-27 15:00:00,246.75081
2011-06-27 16:00:00,285.576
2011-06-27 17:00:00,293.62854
2011-06-27 18:00:00,245.51715
2011-06-27 19:00:00,296.4584
2011-06-27 20:00:00,222.5068
2011-06-27 21:00:00,154.24092
2011-06-27 22:00:00,149.54376
2011-06-27 23:00:00,149.54376
2011-06-28 00:00:00,161.09158
2011-06-28 01:00:00,146.64015
2011-06-28 02:00:00,150.74426
2011-06-28 03:00:00,150.74426
2011-06-28 04:00:00,146.64015
2011-06-28 05:00:00,144.87202
2011-06-28 06:00:00,126.3881
2011-06-28 07:00:00,160.89699
2011-06-28 08:00:00,190.93503
2011-06-28 09:00:00,157.97778
2011-06-28 10:00:00,331.64084
2011-06-28 11:00:00,304.15808
2011-06-28 12:00:00,361.35654
2011-06-28 13:00:00,308.35715
2011-06-28 14:00:00,371.35077
2011-06-28 15:00:00,322.09567
2011-06-28 16:00:00,387.75256
2011-06-28 17:00:00,356.8978
2011-06-28 18:00:00,345.56516
2011-06-28 19:00:00,304.27075
2011-06-28 20:00:00,187.6848
2011-06-28 21:00:00,316.47476
2011-06-28 22:00:00,283.99695
2011-06-28 23:00:00,288.50705
2011-06-29 00:00:00,234.00648
2011-06-29 01:00:00,222.52003
2011-06-29 02:00:00,154.8272
2011-06-29 03:00:00,146.60228
2011-06-29 04:00:00,133.03995
2011-06-29 05:00:00,118.77567
2011-06-29 06:00:00,259.08292
2011-06-29 07:00:00,306.19153
2011-06-29 08:00:00,320.6685
2011-06-29 09:00:00,336.31866
2011-06-29 10:00:00,346.2598
2011-06-29 11:00:00,349.00037
2011-06-29 12:00:00,357.17926
2011-06-29 13:00:00,378.86218
2011-06-29 14:00:00,362.49902
2011-06-29 15:00:00,362.57977
2011-06-29 16:00:00,421.5759
2011-06-29 17:00:00,415.76962
2011-06-29 18:00:00,388.249
2011-06-29 19:00:00,411.7849
2011-06-29 20:00:00,366.0798
2011-06-29 21:00:00,333.0786
2011-06-29 22:00:00,315.0165
2011-06-29 23:00:00,306.27823
2011-06-30 00:00:00,287.11896
2011-06-30 01:00:00,274.0094
2011-06-30 02:00:00,266.22113
2011-06-30 03:00:00,261.52173
2011-06-30 04:00:00,220.95021
2011-06-30 05:00:00,236.86739
2011-06-30 06:00:00,263.05563
2011-06-30 07:00:00,274.17245
2011-06-30 08:00:00,313.35126
2011-06-30 09:00:00,323.11774
2011-06-30 10:00:00,320.16635
2011-06-30 11:00:00,313.53833
2011-06-30 12:00:00,332.61517
2011-06-30 13:00:00,345.9437
2011-06-30 14:00:00,356.7781
2011-06-30 15:00:00,378.98575
2011-06-30 16:00:00,358.8539
2011-06-30 17:00:00,381.63025
2011-06-30 18:00:00,370.39096
2011-06-30 19:00:00,340.2228
2011-06-30 20:00:00,340.2228
2011-06-30 21:00:00,305.56274
2011-06-30 22:00:00,306.9424
2011-06-30 23:00:00,246.70335
2011-07-20 00:00:00,152.05995
2011-07-20 01:00:00,148.73882
2011-07-20 02:00:00,148.73882
2011-07-20 03:00:00,152.05995
2011-07-20 04:00:00,146.83699
2011-07-20 05:00:00,144.42525
2011-07-20 06:00:00,143.66876
2011-07-20 07:00:00,156.78392
2011-07-20 08:00:00,158.88567
2011-07-20 09:00:00,205.22874
2011-07-20 10:00:00,167.40398
2011-07-20 11:00:00,294.27563
2011-07-20 12:00:00,271.43716
2011-07-20 13:00:00,354.00143
2011-07-20 14:00:00,372.06354
2011-07-20 15:00:00,355.66174
2011-07-20 16:00:00,294.3127
2011-07-20 17:00:00,354.22787
2011-07-20 18:00:00,362.3291
2011-07-20 19:00:00,338.78848
2011-07-20 20:00:00,336.29483
2011-07-20 21:00:00,325.25528
2011-07-20 22:00:00,324.9581
2011-07-20 23:00:00,309.33844
2011-07-21 00:00:00,283.59622
2011-07-21 01:00:00,253.63393
2011-07-21 02:00:00,253.63393
2011-07-21 03:00:00,207.96655
2011-07-21 04:00:00,171.76318
2011-07-21 05:00:00,171.76318
2011-07-21 06:00:00,171.76318
2011-07-21 07:00:00,191.78949
2011-07-21 08:00:00,258.271
2011-07-21 09:00:00,348.67975
2011-07-21 10:00:00,363.68463
2011-07-21 11:00:00,395.2269
2011-07-21 12:00:00,412.4969
2011-07-21 13:00:00,405.4315
2011-07-21 14:00:00,422.58972
2011-07-21 15:00:00,409.87686
2011-07-21 16:00:00,425.8494
2011-07-21 17:00:00,430.56412
2011-07-21 18:00:00,412.5175
2011-07-21 19:00:00,392.36148
2011-07-21 20:00:00,362.18405
2011-07-21 21:00:00,355.333
2011-07-21 22:00:00,337.68723
2011-07-21 23:00:00,316.5856
2011-07-22 00:00:00,331.77756
2011-07-22 01:00:00,243.28503
2011-07-22 02:00:00,251.57736
2011-07-22 03:00:00,243.74725
2011-07-22 04:00:00,212.5658
2011-07-22 05:00:00,176.69548
2011-07-22 06:00:00,201.29909
2011-07-22 07:00:00,311.0911
2011-07-22 08:00:00,356.50354
2011-07-22 09:00:00,339.85815
2011-07-22 10:00:00,366.2255
2011-07-22 11:00:00,364.96527
2011-07-22 12:00:00,405.20532
2011-07-22 13:00:00,410.08664
2011-07-22 14:00:00,454.7998
2011-07-22 15:00:00,443.72754
2011-07-22 16:00:00,415.6005
2011-07-22 17:00:00,354.51813
2011-07-22 18:00:00,383.81204
2011-07-22 19:00:00,358.3538
2011-07-22 20:00:00,294.3127
2011-07-22 21:00:00,315.83908
2011-07-22 22:00:00,338.526
2011-07-22 23:00:00,332.9017
2011-07-23 00:00:00,322.22638
2011-07-23 01:00:00,358.25528
2011-07-23 02:00:00,358.8448
2011-07-23 03:00:00,245.545
2011-07-23 04:00:00,237.15794
2011-07-23 05:00:00,268.16306
2011-07-23 06:00:00,361.4591
2011-07-23 07:00:00,349.44125
2011-07-23 08:00:00,460.42868
2011-07-23 09:00:00,424.33478
2011-07-23 10:00:00,482.80252
2011-07-23 11:00:00,456.1321
2011-07-23 12:00:00,412.3901
2011-07-23 13:00:00,437.38876
2011-07-23 14:00:00,420.18155
2011-07-23 15:00:00,446.14795
2011-07-23 16:00:00,426.98383
2011-07-23 17:00:00,426.98383
2011-07-23 18:00:00,459.92816
2011-07-23 19:00:00,335.9355
2011-07-23 20:00:00,342.5596
2011-07-23 21:00:00,342.5596
2011-07-23 22:00:00,325.8055
2011-07-23 23:00:00,300.2401
2011-07-24 00:00:00,300.2401
2011-07-24 01:00:00,254.65076
2011-07-24 02:00:00,279.2941
2011-07-24 03:00:00,279.2941
2011-07-24 04:00:00,254.65076
2011-07-24 05:00:00,245.545
2011-07-24 06:00:00,294.48398
2011-07-24 07:00:00,314.67258
2011-07-24 08:00:00,386.14633
2011-07-24 09:00:00,432.84866
2011-07-24 10:00:00,488.21872
2011-07-24 11:00:00,416.08997
2011-07-24 12:00:00,459.6843
2011-07-24 13:00:00,479.2634
2011-07-24 14:00:00,470.15164
2011-07-24 15:00:00,484.79935
2011-07-24 16:00:00,484.79935
2011-07-24 17:00:00,426.89127
2011-07-24 18:00:00,459.9038
2011-07-24 19:00:00,455.1873
2011-07-24 20:00:00,424.33478
2011-07-24 21:00:00,302.58484
2011-07-24 22:00:00,255.80486
2011-07-24 23:00:00,218.24841
2011-07-25 00:00:00,179.22011
2011-07-25 01:00:00,216.63387
2011-07-25 02:00:00,180.80208
2011-07-25 03:00:00,157.99011
2011-07-25 04:00:00,159.04863
2011-07-25 05:00:00,159.04863
2011-07-25 06:00:00,165.36118
2011-07-25 07:00:00,162.9624
2011-07-25 08:00:00,168.3113
2011-07-25 09:00:00,236.37196
2011-07-25 10:00:00,271.43716
2011-07-25 11:00:00,365.92154
2011-07-25 12:00:00,365.92154
2011-07-25 13:00:00,239.95676
2011-07-25 14:00:00,244.46735
2011-07-25 15:00:00,234.9261
2011-07-25 16:00:00,191.59631
2011-07-25 17:00:00,156.3687
2011-07-25 18:00:00,190.4712
2011-07-25 19:00:00,205.22874
2011-07-25 20:00:00,217.54063
2011-07-25 21:00:00,148.73882
2011-07-25 22:00:00,148.73882
2011-07-25 23:00:00,151.42334
2011-07-26 00:00:00,158.46162
2011-07-26 01:00:00,158.46162
2011-07-26 02:00:00,129.25545
2011-07-26 03:00:00,127.54983
2011-07-26 04:00:00,128.54344
2011-07-26 05:00:00,113.6895
2011-07-26 06:00:00,175.89183
2011-07-26 07:00:00,309.74915
2011-07-26 08:00:00,309.76065
2011-07-26 09:00:00,341.80795
2011-07-26 10:00:00,369.9528
2011-07-26 11:00:00,317.51358
2011-07-26 12:00:00,328.38412
2011-07-26 13:00:00,396.3484
2011-07-26 14:00:00,402.22287
2011-07-26 15:00:00,421.44458
2011-07-26 16:00:00,394.9276
2011-07-26 17:00:00,396.4086
2011-07-26 18:00:00,413.69522
2011-07-26 19:00:00,377.763
2011-07-26 20:00:00,355.66385
2011-07-26 21:00:00,337.5955
2011-07-26 22:00:00,298.78
2011-07-26 23:00:00,287.83914
2011-07-27 00:00:00,328.30276
2011-07-27 01:00:00,329.49423
2011-07-27 02:00:00,342.21252
2011-07-27 03:00:00,290.9981
2011-07-27 04:00:00,310.80405
2011-07-27 05:00:00,311.69626
2011-07-27 06:00:00,306.19153
2011-07-27 07:00:00,331.00363
2011-07-27 08:00:00,341.52484
2011-07-27 09:00:00,357.17926
2011-07-27 10:00:00,301.6998
2011-07-27 11:00:00,309.25397
2011-07-27 12:00:00,391.5097
2011-07-27 13:00:00,398.4026
2011-07-27 14:00:00,386.7757
2011-07-27 15:00:00,403.26736
2011-07-27 16:00:00,379.15396
2011-07-27 17:00:00,385.92453
2011-07-27 18:00:00,351.3442
2011-07-27 19:00:00,338.99515
2011-07-27 20:00:00,333.78952
2011-07-27 21:00:00,291.93387
2011-07-27 22:00:00,267.96686
2011-07-27 23:00:00,294.3609
2011-07-28 00:00:00,289.44556
2011-07-28 01:00:00,249.98058
2011-07-28 02:00:00,281.9645
2011-07-28 03:00:00,232.42793
2011-07-28 04:00:00,242.29845
2011-07-28 05:00:00,222.5068
2011-07-28 06:00:00,183.97487
2011-07-28 07:00:00,246.26665
2011-07-28 08:00:00,274.99814
2011-07-28 09:00:00,323.89053
2011-07-28 10:00:00,359.13403
2011-07-28 11:00:00,377.2993
2011-07-28 12:00:00,369.91696
2011-07-28 13:00:00,379.6514
2011-07-28 14:00:00,382.98782
2011-07-28 15:00:00,363.73584
2011-07-28 16:00:00,355.40192
2011-07-28 17:00:00,353.7416
2011-07-28 18:00:00,362.10263
2011-07-28 19:00:00,344.05002
2011-07-28 20:00:00,332.90164
2011-07-28 21:00:00,339.5701
2011-07-28 22:00:00,314.11508
2011-07-28 23:00:00,269.48734
2011-07-29 00:00:00,215.51213
2011-07-29 01:00:00,192.19762
2011-07-29 02:00:00,157.99011
2011-07-29 03:00:00,157.99011
2011-07-29 04:00:00,174.98387
2011-07-29 05:00:00,155.55057
2011-07-29 06:00:00,159.94447
2011-07-29 07:00:00,180.80208
2011-07-29 08:00:00,175.74365
2011-07-29 09:00:00,379.6514
2011-07-29 10:00:00,413.05374
2011-07-29 11:00:00,430.9307
2011-07-29 12:00:00,441.69345
2011-07-29 13:00:00,328.0497
2011-07-29 14:00:00,429.55008
2011-07-29 15:00:00,436.62823
2011-07-29 16:00:00,465.18375
2011-07-29 17:00:00,447.26907
2011-07-29 18:00:00,439.218
2011-07-29 19:00:00,398.27423
2011-07-29 20:00:00,403.31738
2011-07-29 21:00:00,341.6351
2011-07-29 22:00:00,347.8162
2011-07-29 23:00:00,300.43375
2011-07-30 00:00:00,334.71936
2011-07-30 01:00:00,277.5103
2011-07-30 02:00:00,287.67612
2011-07-30 03:00:00,268.28027
2011-07-30 04:00:00,239.42786
2011-07-30 05:00:00,253.88474
2011-07-30 06:00:00,260.33755
2011-07-30 07:00:00,285.5593
2011-07-30 08:00:00,322.21045
2011-07-30 09:00:00,503.1296
2011-07-30 10:00:00,514.91437
2011-07-30 11:00:00,464.40753
2011-07-30 12:00:00,443.88168
2011-07-30 13:00:00,464.1036
2011-07-30 14:00:00,452.02432
2011-07-30 15:00:00,416.99173
2011-07-30 16:00:00,445.9434
2011-07-30 17:00:00,404.71744
2011-07-30 18:00:00,437.98624
2011-07-30 19:00:00,468.20938
2011-07-30 20:00:00,466.0259
2011-07-30 21:00:00,406.96512
2011-07-30 22:00:00,340.62717
2011-07-30 23:00:00,277.51028
2011-07-31 00:00:00,277.5103
2011-07-31 01:00:00,228.45978
2011-07-31 02:00:00,210.26372
2011-07-31 03:00:00,244.37419
2011-07-31 04:00:00,213.05885
2011-07-31 05:00:00,213.98988
2011-07-31 06:00:00,230.34058
2011-07-31 07:00:00,274.9413
2011-07-31 08:00:00,346.77753
2011-07-31 09:00:00,393.40927
2011-07-31 10:00:00,454.03745
2011-07-31 11:00:00,427.51834
2011-07-31 12:00:00,433.2952
2011-07-31 13:00:00,407.83386
2011-07-31 14:00:00,419.7779
2011-07-31 15:00:00,467.1924
2011-07-31 16:00:00,458.22635
2011-07-31 17:00:00,331.6827
2011-07-31 18:00:00,503.57748
2011-07-31 19:00:00,405.8832
2011-07-31 20:00:00,405.8832
2011-07-31 21:00:00,346.33154
2011-07-31 22:00:00,270.3069
2011-07-31 23:00:00,270.80023
2011-08-20 00:00:00,66.02554
2011-08-20 01:00:00,86.2734
2011-08-20 02:00:00,107.660805
2011-08-20 03:00:00,107.660805
2011-08-20 04:00:00,75.97222
2011-08-20 05:00:00,79.22685
2011-08-20 06:00:00,98.68665
2011-08-20 07:00:00,86.2734
2011-08-20 08:00:00,190.67123
2011-08-20 09:00:00,228.25414
2011-08-20 10:00:00,240.01274
2011-08-20 11:00:00,272.09558
2011-08-20 12:00:00,274.9413
2011-08-20 13:00:00,309.6639
2011-08-20 14:00:00,418.983
2011-08-20 15:00:00,485.6204
2011-08-20 16:00:00,452.17255
2011-08-20 17:00:00,418.983
2011-08-20 18:00:00,325.62088
2011-08-20 19:00:00,279.53537
2011-08-20 20:00:00,287.92587
2011-08-20 21:00:00,225.23222
2011-08-20 22:00:00,186.22826
2011-08-20 23:00:00,144.05864
2011-08-21 00:00:00,165.45844
2011-08-21 01:00:00,138.83408
2011-08-21 02:00:00,123.57383
2011-08-21 03:00:00,124.00148
2011-08-21 04:00:00,129.92114
2011-08-21 05:00:00,127.76496
2011-08-21 06:00:00,120.55333
2011-08-21 07:00:00,176.82558
2011-08-21 08:00:00,153.65291
2011-08-21 09:00:00,202.86444
2011-08-21 10:00:00,228.7259
2011-08-21 11:00:00,347.17038
2011-08-21 12:00:00,359.71048
2011-08-21 13:00:00,396.02994
2011-08-21 14:00:00,237.50885
2011-08-21 15:00:00,175.27345
2011-08-21 16:00:00,144.17883
2011-08-21 17:00:00,137.47528
2011-08-21 18:00:00,189.66222
2011-08-21 19:00:00,238.79295
2011-08-21 20:00:00,169.56187
2011-08-21 21:00:00,169.56187
2011-08-21 22:00:00,154.48596
2011-08-21 23:00:00,152.03117
2011-08-22 00:00:00,172.08533
2011-08-22 01:00:00,147.96962
2011-08-22 02:00:00,236.62929
2011-08-22 03:00:00,269.20853
2011-08-22 04:00:00,271.65866
2011-08-22 05:00:00,258.19037
2011-08-22 06:00:00,274.88644
2011-08-22 07:00:00,272.4035
2011-08-22 08:00:00,272.4035
2011-08-22 09:00:00,306.99863
2011-08-22 10:00:00,320.6685
2011-08-22 11:00:00,367.84177
2011-08-22 12:00:00,406.45197
2011-08-22 13:00:00,441.88153
2011-08-22 14:00:00,405.736
2011-08-22 15:00:00,356.6694
2011-08-22 16:00:00,405.736
2011-08-22 17:00:00,364.4573
2011-08-22 18:00:00,358.39053
2011-08-22 19:00:00,345.3721
2011-08-22 20:00:00,325.78763
2011-08-22 21:00:00,316.02332
2011-08-22 22:00:00,334.7705
2011-08-22 23:00:00,307.69196
2011-08-23 00:00:00,306.73618
2011-08-23 01:00:00,271.1077
2011-08-23 02:00:00,266.01083
2011-08-23 03:00:00,238.9056
2011-08-23 04:00:00,258.42493
2011-08-23 05:00:00,259.8881
2011-08-23 06:00:00,253.69295
2011-08-23 07:00:00,295.0982
2011-08-23 08:00:00,267.4086
2011-08-23 09:00:00,287.94846
2011-08-23 10:00:00,294.05295
2011-08-23 11:00:00,307.17178
2011-08-23 12:00:00,294.87262
2011-08-23 13:00:00,323.15582
2011-08-23 14:00:00,319.0664
2011-08-23 15:00:00,345.62698
2011-08-23 16:00:00,326.1851
2011-08-23 17:00:00,345.62698
2011-08-23 18:00:00,337.42062
2011-08-23 19:00:00,301.24136
2011-08-23 20:00:00,295.5673
2011-08-23 21:00:00,213.87683
2011-08-23 22:00:00,266.22113
2011-08-23 23:00:00,245.91649
2011-08-24 00:00:00,266.22113
2011-08-24 01:00:00,242.16664
2011-08-24 02:00:00,201.0293
2011-08-24 03:00:00,201.0293
2011-08-24 04:00:00,136.99812
2011-08-24 05:00:00,136.99812
2011-08-24 06:00:00,139.35074
2011-08-24 07:00:00,216.2207
2011-08-24 08:00:00,205.49686
2011-08-24 09:00:00,265.5772
2011-08-24 10:00:00,306.0669
2011-08-24 11:00:00,317.41827
2011-08-24 12:00:00,317.00186
2011-08-24 13:00:00,340.56897
2011-08-24 14:00:00,340.56897
2011-08-24 15:00:00,358.3128
2011-08-24 16:00:00,328.3447
2011-08-24 17:00:00,329.4729
2011-08-24 18:00:00,326.88364
2011-08-24 19:00:00,326.88364
2011-08-24 20:00:00,311.7889
2011-08-24 21:00:00,289.03784
2011-08-24 22:00:00,282.24017
2011-08-24 23:00:00,274.5316
2011-08-25 00:00:00,252.91032
2011-08-25 01:00:00,251.63374
2011-08-25 02:00:00,251.63374
2011-08-25 03:00:00,234.90678
2011-08-25 04:00:00,218.6314
2011-08-25 05:00:00,217.03111
2011-08-25 06:00:00,208.44327
2011-08-25 07:00:00,228.75438
2011-08-25 08:00:00,269.76233
2011-08-25 09:00:00,284.75113
2011-08-25 10:00:00,299.7779
2011-08-25 11:00:00,159.02365
2011-08-25 12:00:00,159.02365
2011-08-25 13:00:00,158.46162
2011-08-25 14:00:00,161.71431
2011-08-25 15:00:00,165.7516
2011-08-25 16:00:00,155.55057
2011-08-25 17:00:00,155.55057
2011-08-25 18:00:00,184.77478
2011-08-25 19:00:00,211.93353
2011-08-25 20:00:00,210.84866
2011-08-25 21:00:00,195.11287
2011-08-25 22:00:00,122.465965
2011-08-25 23:00:00,119.660225
2011-08-26 00:00:00,117.15341
2011-08-26 01:00:00,122.465965
2011-08-26 02:00:00,105.50907
2011-08-26 03:00:00,97.46201
2011-08-26 04:00:00,98.12778
2011-08-26 05:00:00,116.47016
2011-08-26 06:00:00,98.12778
2011-08-26 07:00:00,125.56275
2011-08-26 08:00:00,133.03995
2011-08-26 09:00:00,151.55614
2011-08-26 10:00:00,230.35461
2011-08-26 11:00:00,220.63834
2011-08-26 12:00:00,267.14822
2011-08-26 13:00:00,311.01
2011-08-26 14:00:00,256.1816
2011-08-26 15:00:00,345.48016
2011-08-26 16:00:00,282.34122
2011-08-26 17:00:00,299.17224
2011-08-26 18:00:00,239.95676
2011-08-26 19:00:00,171.22337
2011-08-26 20:00:00,164.82133
2011-08-26 21:00:00,208.86505
2011-08-26 22:00:00,171.22334
2011-08-26 23:00:00,151.42336
2011-08-27 00:00:00,125.45797
2011-08-27 01:00:00,128.64285
2011-08-27 02:00:00,131.47346
2011-08-27 03:00:00,143.67847
2011-08-27 04:00:00,143.67847
2011-08-27 05:00:00,211.03824
2011-08-27 06:00:00,211.03824
2011-08-27 07:00:00,232.10342
2011-08-27 08:00:00,162.70609
2011-08-27 09:00:00,238.25708
2011-08-27 10:00:00,248.07188
2011-08-27 11:00:00,183.67218
2011-08-27 12:00:00,219.81305
2011-08-27 13:00:00,209.05193
2011-08-27 14:00:00,177.22847
2011-08-27 15:00:00,177.22847
2011-08-27 16:00:00,175.9672
2011-08-27 17:00:00,165.05103
2011-08-28 07:00:00,190.28365
2011-08-28 08:00:00,192.81049
2011-08-28 09:00:00,237.93642
2011-08-28 10:00:00,260.0514
2011-08-28 11:00:00,309.32782
2011-08-28 12:00:00,416.22235
2011-08-28 13:00:00,504.18973
2011-08-28 14:00:00,523.9192
2011-08-28 15:00:00,536.06744
2011-08-28 16:00:00,522.61847
2011-08-28 17:00:00,516.64624
2011-08-28 18:00:00,482.90414
2011-08-28 19:00:00,367.38138
2011-08-28 20:00:00,403.25266
2011-08-28 21:00:00,231.48723
2011-08-28 22:00:00,134.71353
2011-08-28 23:00:00,120.13268
2011-08-29 00:00:00,155.93028
2011-08-29 01:00:00,184.86055
2011-08-29 02:00:00,235.18445
2011-08-29 03:00:00,184.86055
2011-08-29 04:00:00,201.62038
2011-08-29 05:00:00,152.8416
2011-08-29 06:00:00,152.8416
2011-08-29 07:00:00,275.5087
2011-08-29 08:00:00,283.7797
2011-08-29 09:00:00,289.46204
2011-08-29 10:00:00,307.0604
2011-08-29 11:00:00,292.93793
2011-08-29 12:00:00,315.31635
2011-08-29 13:00:00,299.16757
2011-08-29 14:00:00,284.19598
2011-08-29 15:00:00,306.9424
2011-08-29 16:00:00,312.09225
2011-08-29 17:00:00,317.6995
2011-08-29 18:00:00,309.74704
2011-08-29 19:00:00,309.74704
2011-08-29 20:00:00,281.0608
2011-08-29 21:00:00,288.08862
2011-08-29 22:00:00,266.22113
2011-08-29 23:00:00,235.7141
2011-08-30 00:00:00,152.8416
2011-08-30 01:00:00,185.42879
2011-08-30 02:00:00,132.05258
2011-08-30 03:00:00,178.6339
2011-08-30 04:00:00,111.68936
2011-08-30 05:00:00,105.760735
2011-08-30 06:00:00,132.05258
2011-08-30 07:00:00,201.62038
2011-08-30 08:00:00,266.22113
2011-08-30 09:00:00,301.24136
2011-08-30 10:00:00,327.92877
2011-08-30 11:00:00,329.6962
2011-08-30 12:00:00,293.79745
2011-08-30 13:00:00,310.50906
2011-08-30 14:00:00,332.0439
2011-08-30 15:00:00,343.27945
2011-08-30 16:00:00,321.74463
2011-08-30 17:00:00,320.16635
2011-08-30 18:00:00,302.13138
2011-08-30 19:00:00,270.09305
2011-08-30 20:00:00,246.70335
2011-08-30 21:00:00,198.19592
2011-08-30 22:00:00,169.3736
2011-08-30 23:00:00,169.3736
2011-08-31 00:00:00,145.50175
2011-08-31 01:00:00,145.50175
2011-08-31 02:00:00,139.35071
2011-08-31 03:00:00,115.33018
2011-08-31 04:00:00,139.35071
2011-08-31 05:00:00,93.48586
2011-08-31 06:00:00,108.75358
2011-08-31 07:00:00,140.47939
2011-08-31 08:00:00,146.80774
2011-08-31 09:00:00,174.16432
2011-08-31 10:00:00,287.24
2011-08-31 11:00:00,303.991
2011-08-31 12:00:00,307.57053
2011-08-31 13:00:00,306.2439
2011-08-31 14:00:00,307.3107
2011-08-31 15:00:00,307.3107
2011-08-31 16:00:00,309.17416
2011-08-31 17:00:00,299.17996
2011-08-31 18:00:00,311.8444
2011-08-31 19:00:00,369.43063
2011-08-31 20:00:00,267.05093
2011-08-31 21:00:00,223.51294
2011-08-31 22:00:00,146.98038
2011-08-31 23:00:00,135.12433
2011-09-20 00:00:00,202.7691
2011-09-20 01:00:00,105.161644
2011-09-20 02:00:00,105.161644
2011-09-20 03:00:00,155.57283
2011-09-20 04:00:00,104.12931
2011-09-20 05:00:00,121.74554
2011-09-20 06:00:00,121.74554
2011-09-20 07:00:00,105.161644
2011-09-20 08:00:00,127.0943
2011-09-20 09:00:00,129.03633
2011-09-20 10:00:00,125.20045
2011-09-20 11:00:00,125.20045
2011-09-20 12:00:00,102.84047
2011-09-20 13:00:00,98.921394
2011-09-20 14:00:00,115.83439
2011-09-20 15:00:00,146.76283
2011-09-20 16:00:00,126.32175
2011-09-20 17:00:00,114.56482
2011-09-20 18:00:00,114.56482
2011-09-20 19:00:00,91.16697
2011-09-20 20:00:00,76.15403
2011-09-20 21:00:00,76.15402
2011-09-20 22:00:00,76.15402
2011-09-20 23:00:00,76.15402
2011-09-21 00:00:00,67.17191
2011-09-21 01:00:00,71.13236
2011-09-21 02:00:00,71.13236
2011-09-21 03:00:00,88.50243
2011-09-21 04:00:00,90.288414
2011-09-21 05:00:00,94.13222
2011-09-21 06:00:00,103.92253
2011-09-21 07:00:00,103.92253
2011-09-21 08:00:00,86.457436
2011-09-21 09:00:00,89.21447
2011-09-21 10:00:00,107.79274
2011-09-21 11:00:00,132.4613
2011-09-21 12:00:00,146.95279
2011-09-21 13:00:00,215.17235
2011-09-21 14:00:00,231.35623
2011-09-21 15:00:00,174.48262
2011-09-21 16:00:00,174.48262
2011-09-21 17:00:00,222.83388
2011-09-21 18:00:00,148.43413
2011-09-21 19:00:00,107.35313
2011-09-21 20:00:00,107.35313
2011-09-21 21:00:00,75.639114
2011-09-21 22:00:00,92.55209
2011-09-21 23:00:00,81.42207
2011-09-22 00:00:00,81.42207
2011-09-22 01:00:00,86.64093
2011-09-22 02:00:00,87.496315
2011-09-22 03:00:00,86.64091
2011-09-22 04:00:00,86.64091
2011-09-22 05:00:00,87.496315
2011-09-22 06:00:00,81.38552
2011-09-22 07:00:00,77.55458
2011-09-22 08:00:00,85.22934
2011-09-22 09:00:00,109.210236
2011-09-22 10:00:00,121.156456
2011-09-22 11:00:00,117.13476
2011-09-22 12:00:00,149.09781
2011-09-22 13:00:00,157.36565
2011-09-22 14:00:00,173.52351
2011-09-22 15:00:00,191.01762
2011-09-22 16:00:00,200.84485
2011-09-22 17:00:00,148.23811
2011-09-22 18:00:00,138.67882
2011-09-22 19:00:00,123.149826
2011-09-22 20:00:00,101.5355
2011-09-22 21:00:00,123.149826
2011-09-22 22:00:00,80.349525
2011-09-22 23:00:00,92.55209
2011-09-23 00:00:00,98.17172
2011-09-23 01:00:00,65.327774
2011-09-23 02:00:00,67.88364
2011-09-23 03:00:00,65.327774
2011-09-23 04:00:00,75.60545
2011-09-23 05:00:00,91.92122
2011-09-23 06:00:00,98.17172
2011-09-23 07:00:00,146.807
2011-09-23 08:00:00,146.807
2011-09-23 09:00:00,82.71487
2011-09-23 10:00:00,81.8532
2011-09-23 11:00:00,81.8532
2011-09-23 12:00:00,136.99901
2011-09-23 13:00:00,78.19618
2011-09-23 14:00:00,78.19618
2011-09-23 15:00:00,136.99898
2011-09-23 16:00:00,118.09632
2011-09-23 17:00:00,65.327774
2011-09-23 18:00:00,55.292942
2011-09-23 19:00:00,89.97824
2011-09-23 20:00:00,68.17428
2011-09-23 21:00:00,59.05357
2011-09-23 22:00:00,86.97625
2011-09-23 23:00:00,85.18759
2011-09-24 00:00:00,53.580086
2011-09-24 01:00:00,75.86182
2011-09-24 02:00:00,75.86182
2011-09-24 03:00:00,63.41445
2011-09-24 04:00:00,65.20678
2011-09-24 05:00:00,77.22912
2011-09-24 06:00:00,77.22912
2011-09-24 07:00:00,120.366776
2011-09-24 08:00:00,98.664604
2011-09-24 09:00:00,109.44013
2011-09-24 10:00:00,109.44013
2011-09-24 11:00:00,169.1138
2011-09-24 12:00:00,169.1138
2011-09-24 13:00:00,168.12799
2011-09-24 14:00:00,259.3977
2011-09-24 15:00:00,259.3977
2011-09-24 16:00:00,228.90785
2011-09-24 17:00:00,236.34355
2011-09-24 18:00:00,195.90544
2011-09-24 19:00:00,84.80526
2011-09-24 20:00:00,119.94059
2011-09-24 21:00:00,135.70007
2011-09-24 22:00:00,113.33332
2011-09-24 23:00:00,109.44013
2011-09-25 00:00:00,105.0812
2011-09-25 01:00:00,112.06086
2011-09-25 02:00:00,85.94532
2011-09-25 03:00:00,85.94532
2011-09-25 04:00:00,84.78644
2011-09-25 05:00:00,84.49671
2011-09-25 06:00:00,112.06086
2011-09-25 07:00:00,75.13812
2011-09-25 08:00:00,113.33332
2011-09-25 09:00:00,146.52827
2011-09-25 10:00:00,146.52827
2011-09-25 11:00:00,229.24431
2011-09-25 12:00:00,226.2754
2011-09-25 13:00:00,249.04076
2011-09-25 14:00:00,226.2754
2011-09-25 15:00:00,226.2754
2011-09-25 16:00:00,254.98256
2011-09-25 17:00:00,238.82869
2011-09-25 18:00:00,238.82869
2011-09-25 19:00:00,136.89708
2011-09-25 20:00:00,129.03493
2011-09-25 21:00:00,66.24771
2011-09-25 22:00:00,85.003525
2011-09-25 23:00:00,76.0371
2011-09-26 00:00:00,91.92122
2011-09-26 01:00:00,183.68027
2011-09-26 02:00:00,183.68027
2011-09-26 03:00:00,91.9212
2011-09-26 04:00:00,98.17172
2011-09-26 05:00:00,141.00229
2011-09-26 06:00:00,98.17172
2011-09-26 07:00:00,91.92122
2011-09-26 08:00:00,91.92122
2011-09-26 09:00:00,197.23831
2011-09-26 10:00:00,197.23831
2011-09-26 11:00:00,286.16757
2011-09-26 12:00:00,273.30853
2011-09-26 13:00:00,302.43143
2011-09-26 14:00:00,303.97794
2011-09-26 15:00:00,320.66135
2011-09-26 16:00:00,316.13486
2011-09-26 17:00:00,291.02945
2011-09-26 18:00:00,218.69225
2011-09-26 19:00:00,222.54121
2011-09-26 20:00:00,147.99843
2011-09-26 21:00:00,147.99843
2011-09-26 22:00:00,89.97824
2011-09-26 23:00:00,89.97824
2011-09-27 00:00:00,89.97824
2011-09-27 01:00:00,96.30793
2011-09-27 02:00:00,83.66973
2011-09-27 03:00:00,91.92122
2011-09-27 04:00:00,132.09492
2011-09-27 05:00:00,132.09492
2011-09-27 06:00:00,101.06453
2011-09-27 07:00:00,101.06453
2011-09-27 08:00:00,177.54912
2011-09-27 09:00:00,199.44328
2011-09-27 10:00:00,165.67282
2011-09-27 11:00:00,183.04997
2011-09-27 12:00:00,191.7045
2011-09-27 13:00:00,315.09674
2011-09-27 14:00:00,247.45491
2011-09-27 15:00:00,228.34578
2011-09-27 16:00:00,261.96414
2011-09-27 17:00:00,203.98943
2011-09-27 18:00:00,204.57053
2011-09-27 19:00:00,186.20358
2011-09-27 20:00:00,221.82356
2011-09-27 21:00:00,159.44527
2011-09-27 22:00:00,124.83118
2011-09-27 23:00:00,124.83118
2011-09-28 00:00:00,95.34116
2011-09-28 01:00:00,95.34116
2011-09-28 02:00:00,175.6201
2011-09-28 03:00:00,84.10963
2011-09-28 04:00:00,95.34116
2011-09-28 05:00:00,81.731804
2011-09-28 06:00:00,128.76704
2011-09-28 07:00:00,128.76704
2011-09-28 08:00:00,131.79346
2011-09-28 09:00:00,131.79346
2011-09-28 10:00:00,91.92122
2011-09-28 11:00:00,232.23674
2011-09-28 12:00:00,221.2324
2011-09-28 13:00:00,308.01056
2011-09-28 14:00:00,326.5237
2011-09-28 15:00:00,291.02945
2011-09-28 16:00:00,309.85403
2011-09-28 17:00:00,311.32205
2011-09-28 18:00:00,236.97835
2011-09-28 19:00:00,236.97836
2011-09-28 20:00:00,197.53366
2011-09-28 21:00:00,169.82549
2011-09-28 22:00:00,124.83118
2011-09-28 23:00:00,80.64657
2011-09-29 00:00:00,93.62006
2011-09-29 01:00:00,78.28794
2011-09-29 02:00:00,78.28794
2011-09-29 03:00:00,113.535576
2011-09-29 04:00:00,191.76154
2011-09-29 05:00:00,171.36081
2011-09-29 06:00:00,162.29385
2011-09-29 07:00:00,139.54323
2011-09-29 08:00:00,159.44527
2011-09-29 09:00:00,288.89944
2011-09-29 10:00:00,317.8057
2011-09-29 11:00:00,325.4844
2011-09-29 12:00:00,322.46542
2011-09-29 13:00:00,325.41205
2011-09-29 14:00:00,326.0253
2011-09-29 15:00:00,365.19916
2011-09-29 16:00:00,370.3571
2011-09-29 17:00:00,326.56723
2011-09-29 18:00:00,356.47403
2011-09-29 19:00:00,339.0452
2011-09-29 20:00:00,335.64362
2011-09-29 21:00:00,297.2562
2011-09-29 22:00:00,255.9625
2011-09-29 23:00:00,217.2758
2011-09-30 00:00:00,153.51802
2011-09-30 01:00:00,215.48628
2011-09-30 02:00:00,153.51802
2011-09-30 03:00:00,153.51802
2011-09-30 04:00:00,193.42621
2011-09-30 05:00:00,193.4262
2011-09-30 06:00:00,201.01277
2011-09-30 07:00:00,201.01277
2011-09-30 08:00:00,227.95622
2011-09-30 09:00:00,294.96408
2011-09-30 10:00:00,273.15164
2011-09-30 11:00:00,326.4814
2011-09-30 12:00:00,340.92593
2011-09-30 13:00:00,330.3593
2011-09-30 14:00:00,314.4679
2011-09-30 15:00:00,324.56464
2011-09-30 16:00:00,340.7539
2011-09-30 17:00:00,339.2859
2011-09-30 18:00:00,284.78757
2011-09-30 19:00:00,290.98578
2011-09-30 20:00:00,290.98578
2011-09-30 21:00:00,332.24713
2011-09-30 22:00:00,272.13083
2011-09-30 23:00:00,272.13083
2011-10-20 00:00:00,159.18684
2011-10-20 01:00:00,196.6624
2011-10-20 02:00:00,190.94783
2011-10-20 03:00:00,187.46391
2011-10-20 04:00:00,187.46391
2011-10-20 05:00:00,203.6216
2011-10-20 06:00:00,188.24739
2011-10-20 07:00:00,186.025
2011-10-20 08:00:00,184.1671
2011-10-20 09:00:00,173.09077
2011-10-20 10:00:00,194.96861
2011-10-20 11:00:00,199.1562
2011-10-20 12:00:00,255.69719
2011-10-20 13:00:00,259.25073
2011-10-20 14:00:00,232.44884
2011-10-20 15:00:00,246.23427
2011-10-20 16:00:00,246.23427
2011-10-20 17:00:00,279.12952
2011-10-20 18:00:00,261.4302
2011-10-20 19:00:00,253.5482
2011-10-20 20:00:00,255.69542
2011-10-20 21:00:00,266.9172
2011-10-20 22:00:00,258.70697
2011-10-20 23:00:00,255.93788
2011-10-21 00:00:00,240.53258
2011-10-21 01:00:00,251.69377
2011-10-21 02:00:00,208.94432
2011-10-21 03:00:00,137.33931
2011-10-21 04:00:00,136.11386
2011-10-21 05:00:00,178.84137
2011-10-21 06:00:00,136.11386
2011-10-21 07:00:00,136.11386
2011-10-21 08:00:00,253.00047
2011-10-21 09:00:00,286.58917
2011-10-21 10:00:00,330.27438
2011-10-21 11:00:00,315.40668
2011-10-21 12:00:00,287.69247
2011-10-21 13:00:00,273.46973
2011-10-21 14:00:00,312.14157
2011-10-21 15:00:00,290.55032
2011-10-21 16:00:00,299.7135
2011-10-21 17:00:00,270.02286
2011-10-21 18:00:00,261.5267
2011-10-21 19:00:00,215.0537
2011-10-21 20:00:00,267.24234
2011-10-21 21:00:00,299.78384
2011-10-21 22:00:00,304.74377
2011-10-21 23:00:00,251.69377
2011-10-22 00:00:00,178.589
2011-10-22 01:00:00,178.589
2011-10-22 02:00:00,237.00891
2011-10-22 03:00:00,204.77382
2011-10-22 04:00:00,178.11247
2011-10-22 05:00:00,201.40485
2011-10-22 06:00:00,151.40196
2011-10-22 07:00:00,122.361015
2011-10-22 08:00:00,173.8173
2011-10-22 09:00:00,212.05174
2011-10-22 10:00:00,266.83655
2011-10-22 11:00:00,266.83655
2011-10-22 12:00:00,292.1418
2011-10-22 13:00:00,400.2173
2011-10-22 14:00:00,380.37564
2011-10-22 15:00:00,356.5209
2011-10-22 16:00:00,464.16858
2011-10-22 17:00:00,288.97232
2011-10-22 18:00:00,286.97855
2011-10-22 19:00:00,225.30788
2011-10-22 20:00:00,219.18507
2011-10-22 21:00:00,143.30135
2011-10-22 22:00:00,143.30135
2011-10-22 23:00:00,108.53758
2011-10-23 00:00:00,98.96342
2011-10-23 01:00:00,98.96342
2011-10-23 02:00:00,82.05966
2011-10-23 03:00:00,97.07966
2011-10-23 04:00:00,97.07966
2011-10-23 05:00:00,88.11381
2011-10-23 06:00:00,77.619995
2011-10-23 07:00:00,82.05966
2011-10-23 08:00:00,89.78699
2011-10-23 09:00:00,143.30135
2011-10-23 10:00:00,197.91522
2011-10-23 11:00:00,206.95628
2011-10-23 12:00:00,266.95508
2011-10-23 13:00:00,338.90482
2011-10-23 14:00:00,334.487
2011-10-23 15:00:00,386.95108
2011-10-23 16:00:00,338.90482
2011-10-23 17:00:00,259.74814
2011-10-23 18:00:00,272.78885
2011-10-23 19:00:00,142.43611
2011-10-23 20:00:00,210.21794
2011-10-23 21:00:00,210.21794
2011-10-23 22:00:00,165.17368
2011-10-23 23:00:00,169.27756
2011-10-24 00:00:00,150.78328
2011-10-24 01:00:00,159.67754
2011-10-24 02:00:00,125.6507
2011-10-24 03:00:00,147.55681
2011-10-24 04:00:00,120.69482
2011-10-24 05:00:00,93.9892
2011-10-24 06:00:00,125.6507
2011-10-24 07:00:00,101.05685
2011-10-24 08:00:00,135.2591
2011-10-24 09:00:00,159.26521
2011-10-24 10:00:00,189.38347
2011-10-24 11:00:00,285.01785
2011-10-24 12:00:00,298.1423
2011-10-24 13:00:00,278.09146
2011-10-24 14:00:00,298.8594
2011-10-24 15:00:00,322.854
2011-10-24 16:00:00,318.1891
2011-10-24 17:00:00,297.8794
2011-10-24 18:00:00,314.457
2011-10-24 19:00:00,190.98209
2011-10-24 20:00:00,153.71623
2011-10-24 21:00:00,125.27748
2011-10-24 22:00:00,250.15283
2011-10-24 23:00:00,196.2505
2011-10-25 00:00:00,210.82219
2011-10-25 01:00:00,210.82219
2011-10-25 02:00:00,159.71503
2011-10-25 03:00:00,90.99183
2011-10-25 04:00:00,134.9947
2011-10-25 05:00:00,134.9947
2011-10-25 06:00:00,151.53702
2011-10-25 07:00:00,192.71819
2011-10-25 08:00:00,205.4821
2011-10-25 09:00:00,298.752
2011-10-25 10:00:00,291.5246
2011-10-25 11:00:00,291.17212
2011-10-25 12:00:00,368.12466
2011-10-25 13:00:00,374.09134
2011-10-25 14:00:00,338.8223
2011-10-25 15:00:00,352.53912
2011-10-25 16:00:00,355.93735
2011-10-25 17:00:00,352.53912
2011-10-25 18:00:00,348.38876
2011-10-25 19:00:00,290.60464
2011-10-25 20:00:00,271.33304
2011-10-25 21:00:00,231.8734
2011-10-25 22:00:00,269.27225
2011-10-25 23:00:00,231.8734
2011-10-26 00:00:00,221.91432
2011-10-26 01:00:00,236.47621
2011-10-26 02:00:00,259.28232
2011-10-26 03:00:00,248.78117
2011-10-26 04:00:00,224.36885
2011-10-26 05:00:00,232.37996
2011-10-26 06:00:00,232.37996
2011-10-26 07:00:00,212.22203
2011-10-26 08:00:00,248.93074
2011-10-26 09:00:00,264.0902
2011-10-26 10:00:00,266.69357
2011-10-26 11:00:00,261.12805
2011-10-26 12:00:00,288.72305
2011-10-26 13:00:00,338.0256
2011-10-26 14:00:00,233.48833
2011-10-26 15:00:00,233.48833
2011-10-26 16:00:00,244.24956
2011-10-26 17:00:00,246.03908
2011-10-26 18:00:00,235.07228
2011-10-26 19:00:00,122.504036
2011-10-26 20:00:00,73.81371
2011-10-26 21:00:00,233.48833
2011-10-26 22:00:00,129.24187
2011-10-26 23:00:00,129.24187
2011-10-27 00:00:00,57.980747
2011-10-27 01:00:00,57.980747
2011-10-27 02:00:00,73.910904
2011-10-27 03:00:00,73.91091
2011-10-27 04:00:00,122.43323
2011-10-27 05:00:00,148.99602
2011-10-27 06:00:00,204.89577
2011-10-27 07:00:00,84.74862
2011-10-27 08:00:00,148.93253
2011-10-27 09:00:00,203.16891
2011-10-27 10:00:00,150.95888
2011-10-27 11:00:00,146.07076
2011-10-27 12:00:00,146.07076
2011-10-27 13:00:00,149.66057
2011-10-27 14:00:00,157.73167
2011-10-27 15:00:00,197.08904
2011-10-27 16:00:00,298.8674
2011-10-27 17:00:00,181.7467
2011-10-27 18:00:00,182.21352
2011-10-27 19:00:00,184.46808
2011-10-27 20:00:00,187.58492
2011-10-27 21:00:00,184.63397
2011-10-27 22:00:00,165.27827
2011-10-27 23:00:00,174.46233
2011-10-28 00:00:00,216.83524
2011-10-28 01:00:00,204.43658
2011-10-28 02:00:00,194.19646
2011-10-28 03:00:00,163.33075
2011-10-28 04:00:00,179.7213
2011-10-28 05:00:00,184.85349
2011-10-28 06:00:00,170.99634
2011-10-28 07:00:00,170.99634
2011-10-28 08:00:00,196.0382
2011-10-28 09:00:00,213.68999
2011-10-28 10:00:00,226.74713
2011-10-28 11:00:00,271.05295
2011-10-28 12:00:00,289.4802
2011-10-28 13:00:00,272.29886
2011-10-28 14:00:00,273.4066
2011-10-28 15:00:00,261.36792
2011-10-28 16:00:00,271.57108
2011-10-28 17:00:00,254.82678
2011-10-28 18:00:00,257.22946
2011-10-28 19:00:00,254.82678
2011-10-28 20:00:00,193.47816
2011-10-28 21:00:00,192.88983
2011-10-28 22:00:00,115.19779
2011-10-28 23:00:00,74.5842
2011-10-29 00:00:00,92.64961
2011-10-29 01:00:00,91.90785
2011-10-29 02:00:00,91.90785
2011-10-29 03:00:00,80.531944
2011-10-29 04:00:00,80.531944
2011-10-29 05:00:00,83.019714
2011-10-29 06:00:00,87.8084
2011-10-29 07:00:00,87.8084
2011-10-29 08:00:00,85.21606
2011-10-29 09:00:00,85.21606
2011-10-29 10:00:00,86.73028
2011-10-29 11:00:00,79.29667
2011-10-29 12:00:00,73.678276
2011-10-29 13:00:00,69.955284
2011-10-29 14:00:00,79.24419
2011-10-29 15:00:00,95.41026
2011-10-29 16:00:00,88.22598
2011-10-29 17:00:00,88.22598
2011-10-29 18:00:00,88.22598
2011-10-29 19:00:00,94.684395
2011-10-29 20:00:00,94.684395
2011-10-29 21:00:00,94.684364
2011-10-29 22:00:00,99.00393
2011-10-29 23:00:00,81.38177
2011-10-30 00:00:00,99.00393
2011-10-30 01:00:00,106.59963
2011-10-30 02:00:00,102.87661
2011-10-30 03:00:00,104.26177
2011-10-30 04:00:00,104.72355
2011-10-30 05:00:00,111.69536
2011-10-30 06:00:00,115.42309
2011-10-30 07:00:00,78.17176
2011-10-30 08:00:00,128.23076
2011-10-30 09:00:00,154.3724
2011-10-30 10:00:00,130.73969
2011-10-30 11:00:00,176.61179
2011-10-30 12:00:00,258.51608
2011-10-30 13:00:00,362.04025
2011-10-30 14:00:00,454.59717
2011-10-30 15:00:00,473.96664
2011-10-30 16:00:00,474.18692
2011-10-30 17:00:00,459.4492
2011-10-30 18:00:00,365.32748
2011-10-30 19:00:00,397.43808
2011-10-30 20:00:00,192.77736
2011-10-30 21:00:00,147.77104
2011-10-30 22:00:00,107.20612
2011-10-30 23:00:00,69.040596
2011-10-31 00:00:00,75.63347
2011-10-31 01:00:00,98.421196
2011-10-31 02:00:00,67.131874
2011-10-31 03:00:00,88.89597
2011-10-31 04:00:00,67.131836
2011-10-31 05:00:00,64.948044
2011-10-31 06:00:00,67.131874
2011-10-31 07:00:00,65.99337
2011-10-31 08:00:00,107.194405
2011-10-31 09:00:00,178.707
2011-10-31 10:00:00,238.82207
2011-10-31 11:00:00,311.79382
2011-10-31 12:00:00,289.97586
2011-10-31 13:00:00,281.8063
2011-10-31 14:00:00,277.4371
2011-10-31 15:00:00,327.80435
2011-10-31 16:00:00,304.74377
2011-10-31 17:00:00,308.5285
2011-10-31 18:00:00,228.77824
2011-10-31 19:00:00,228.77824
2011-10-31 20:00:00,228.77824
2011-10-31 21:00:00,186.6274
2011-10-31 22:00:00,186.6274
2011-10-31 23:00:00,186.6274
2011-11-20 00:00:00,157.7634
2011-11-20 01:00:00,237.00891
2011-11-20 02:00:00,240.01926
2011-11-20 03:00:00,227.006
2011-11-20 04:00:00,216.29703
2011-11-20 05:00:00,228.11476
2011-11-20 06:00:00,233.63976
2011-11-20 07:00:00,168.0255
2011-11-20 08:00:00,219.66658
2011-11-20 09:00:00,191.00287
2011-11-20 10:00:00,237.3833
2011-11-20 11:00:00,293.27106
2011-11-20 12:00:00,289.57535
2011-11-20 13:00:00,312.32333
2011-11-20 14:00:00,266.41092
2011-11-20 15:00:00,269.55716
2011-11-20 16:00:00,301.65155
2011-11-20 17:00:00,280.53653
2011-11-20 18:00:00,290.098
2011-11-20 19:00:00,251.09042
2011-11-20 20:00:00,280.99908
2011-11-20 21:00:00,199.95284
2011-11-20 22:00:00,136.46643
2011-11-20 23:00:00,136.46643
2011-11-21 00:00:00,65.29766
2011-11-21 01:00:00,119.95285
2011-11-21 02:00:00,86.187874
2011-11-21 03:00:00,70.770485
2011-11-21 04:00:00,70.770485
2011-11-21 05:00:00,55.75088
2011-11-21 06:00:00,59.469566
2011-11-21 07:00:00,102.077286
2011-11-21 08:00:00,65.29766
2011-11-21 09:00:00,87.23492
2011-11-21 10:00:00,157.73167
2011-11-21 11:00:00,197.08904
2011-11-21 12:00:00,245.30066
2011-11-21 13:00:00,245.30066
2011-11-21 14:00:00,172.5132
2011-11-21 15:00:00,120.27083
2011-11-21 16:00:00,120.27083
2011-11-21 17:00:00,125.40911
2011-11-21 18:00:00,140.42427
2011-11-21 19:00:00,115.40478
2011-11-21 20:00:00,145.23033
2011-11-21 21:00:00,140.59616
2011-11-21 22:00:00,130.74477
2011-11-21 23:00:00,140.59616
2011-11-22 00:00:00,85.665695
2011-11-22 01:00:00,93.33648
2011-11-22 02:00:00,59.6873
2011-11-22 03:00:00,59.6873
2011-11-22 04:00:00,109.410706
2011-11-22 05:00:00,109.410706
2011-11-22 06:00:00,101.05685
2011-11-22 07:00:00,116.85324
2011-11-22 08:00:00,116.85324
2011-11-22 09:00:00,83.696754
2011-11-22 10:00:00,83.696754
2011-11-22 11:00:00,93.33648
2011-11-22 12:00:00,54.24622
2011-11-22 13:00:00,58.55099
2011-11-22 14:00:00,58.55099
2011-11-22 15:00:00,76.65484
2011-11-22 16:00:00,76.65484
2011-11-22 17:00:00,63.331486
2011-11-22 18:00:00,63.067863
2011-11-22 19:00:00,94.32311
2011-11-22 20:00:00,96.21409
2011-11-22 21:00:00,105.00942
2011-11-22 22:00:00,111.65057
2011-11-22 23:00:00,138.16273
2011-11-23 00:00:00,138.16273
2011-11-23 01:00:00,141.64026
2011-11-23 02:00:00,137.05484
2011-11-23 03:00:00,137.05486
2011-11-23 04:00:00,168.30511
2011-11-23 05:00:00,117.600136
2011-11-23 06:00:00,55.75088
2011-11-23 07:00:00,54.769146
2011-11-23 08:00:00,87.23492
2011-11-23 09:00:00,112.91499
2011-11-23 10:00:00,112.91499
2011-11-23 11:00:00,186.79735
2011-11-23 12:00:00,216.11745
2011-11-23 13:00:00,191.63283
2011-11-23 14:00:00,194.88626
2011-11-23 15:00:00,186.59674
2011-11-23 16:00:00,185.7665
2011-11-23 17:00:00,178.43646
2011-11-23 18:00:00,178.57436
2011-11-23 19:00:00,210.25291
2011-11-23 20:00:00,200.57014
2011-11-23 21:00:00,190.18573
2011-11-23 22:00:00,170.76414
2011-11-23 23:00:00,194.9084
2011-11-24 00:00:00,150.13644
2011-11-24 01:00:00,130.31792
2011-11-24 02:00:00,127.17678
2011-11-24 03:00:00,77.76304
2011-11-24 04:00:00,96.16635
2011-11-24 05:00:00,80.35648
2011-11-24 06:00:00,96.16635
2011-11-24 07:00:00,67.20399
2011-11-24 08:00:00,77.69426
2011-11-24 09:00:00,163.60936
2011-11-24 10:00:00,239.10512
2011-11-24 11:00:00,345.1412
2011-11-24 12:00:00,429.62424
2011-11-24 13:00:00,436.1168
2011-11-24 14:00:00,421.0966
2011-11-24 15:00:00,440.95142
2011-11-24 16:00:00,425.6236
2011-11-24 17:00:00,483.47443
2011-11-24 18:00:00,348.21524
2011-11-24 19:00:00,283.07776
2011-11-24 20:00:00,122.972534
2011-11-24 21:00:00,127.053185
2011-11-24 22:00:00,127.053185
2011-11-24 23:00:00,109.93025
2011-11-25 00:00:00,144.86546
2011-11-25 01:00:00,151.81645
2011-11-25 02:00:00,97.79771
2011-11-25 03:00:00,105.51386
2011-11-25 04:00:00,127.37974
2011-11-25 05:00:00,119.82929
2011-11-25 06:00:00,92.904236
2011-11-25 07:00:00,98.421196
2011-11-25 08:00:00,110.08787
2011-11-25 09:00:00,140.77606
2011-11-25 10:00:00,136.11386
2011-11-25 11:00:00,230.04158
2011-11-25 12:00:00,317.13937
2011-11-25 13:00:00,315.40668
2011-11-25 14:00:00,333.55667
2011-11-25 15:00:00,349.33667
2011-11-25 16:00:00,356.69644
2011-11-25 17:00:00,353.1373
2011-11-25 18:00:00,330.4043
2011-11-25 19:00:00,255.59895
2011-11-25 20:00:00,288.77835
2011-11-25 21:00:00,193.12505
2011-11-25 22:00:00,141.94102
2011-11-25 23:00:00,148.0365
2011-11-26 00:00:00,111.28005
2011-11-26 01:00:00,99.10398
2011-11-26 02:00:00,83.005974
2011-11-26 03:00:00,90.95272
2011-11-26 04:00:00,90.95272
2011-11-26 05:00:00,90.333275
2011-11-26 06:00:00,106.74108
2011-11-26 07:00:00,68.70576
2011-11-26 08:00:00,99.10398
2011-11-26 09:00:00,110.25581
2011-11-26 10:00:00,113.8733
2011-11-26 11:00:00,208.50206
2011-11-26 12:00:00,314.80276
2011-11-26 13:00:00,397.62537
2011-11-26 14:00:00,420.71188
2011-11-26 15:00:00,475.43533
2011-11-26 16:00:00,418.48663
2011-11-26 17:00:00,418.48663
2011-11-26 18:00:00,215.95708
2011-11-26 19:00:00,207.491
2011-11-26 20:00:00,300.9473
2011-11-26 21:00:00,125.25639
2011-11-26 22:00:00,160.5325
2011-11-26 23:00:00,113.8733
2011-11-27 00:00:00,113.8733
2011-11-27 01:00:00,113.8733
2011-11-27 02:00:00,109.48847
2011-11-27 03:00:00,97.07966
2011-11-27 04:00:00,85.0646
2011-11-27 05:00:00,105.02599
2011-11-27 06:00:00,140.61461
2011-11-27 07:00:00,137.31963
2011-11-27 08:00:00,180.75813
2011-11-27 09:00:00,223.71016
2011-11-27 10:00:00,223.71016
2011-11-27 11:00:00,233.43517
2011-11-27 12:00:00,316.5348
2011-11-27 13:00:00,298.9428
2011-11-27 14:00:00,420.239
2011-11-27 15:00:00,520.65424
2011-11-27 16:00:00,405.09042
2011-11-27 17:00:00,341.88043
2011-11-27 18:00:00,256.7038
2011-11-27 19:00:00,216.83365
2011-11-27 20:00:00,254.87285
2011-11-27 21:00:00,238.14958
2011-11-27 22:00:00,217.52846
2011-11-27 23:00:00,217.52846
2011-11-28 00:00:00,215.66893
2011-11-28 01:00:00,214.00896
2011-11-28 03:00:00,154.83104
2011-11-28 04:00:00,147.65433
2011-11-28 05:00:00,90.99183
2011-11-28 06:00:00,147.59428
2011-11-28 07:00:00,82.26867
2011-11-28 08:00:00,72.6981
2011-11-28 09:00:00,156.21123
2011-11-28 10:00:00,243.9624
2011-11-28 11:00:00,298.1423
2011-11-28 12:00:00,319.62305
2011-11-28 13:00:00,310.4606
2011-11-28 14:00:00,316.80414
2011-11-28 15:00:00,322.87378
2011-11-28 16:00:00,324.39987
2011-11-28 17:00:00,330.532
2011-11-28 18:00:00,318.52197
2011-11-28 19:00:00,287.69083
2011-11-28 20:00:00,246.97629
2011-11-28 21:00:00,234.8225
2011-11-28 22:00:00,197.08904
2011-11-28 23:00:00,202.42384
2011-11-29 00:00:00,121.514885
2011-11-29 01:00:00,147.12321
2011-11-29 02:00:00,95.66074
2011-11-29 03:00:00,95.66074
2011-11-29 04:00:00,195.90625
2011-11-29 05:00:00,178.59436
2011-11-29 06:00:00,197.54274
2011-11-29 07:00:00,250.0262
2011-11-29 08:00:00,223.71953
2011-11-29 09:00:00,183.9994
2011-11-29 10:00:00,183.9994
2011-11-29 11:00:00,158.2433
2011-11-29 12:00:00,166.32133
2011-11-29 13:00:00,194.96375
2011-11-29 14:00:00,115.40471
2011-11-29 15:00:00,154.06744
2011-11-29 16:00:00,145.23033
2011-11-29 17:00:00,163.48567
2011-11-29 18:00:00,187.38991
2011-11-29 19:00:00,188.91606
2011-11-29 20:00:00,158.21812
2011-11-29 21:00:00,158.21812
2011-11-29 22:00:00,197.99753
2011-11-29 23:00:00,166.05904
2011-11-30 00:00:00,195.27438
2011-11-30 01:00:00,183.14719
2011-11-30 02:00:00,128.1902
2011-11-30 03:00:00,128.1902
2011-11-30 04:00:00,161.34378
2011-11-30 05:00:00,139.19835
2011-11-30 06:00:00,92.10299
2011-11-30 07:00:00,92.904236
2011-11-30 08:00:00,139.19835
2011-11-30 09:00:00,152.89519
2011-11-30 10:00:00,218.61024
2011-11-30 11:00:00,244.86401
2011-11-30 12:00:00,235.43065
2011-11-30 13:00:00,287.77322
2011-11-30 14:00:00,287.77322
2011-11-30 15:00:00,242.43777
2011-11-30 16:00:00,258.10568
2011-11-30 17:00:00,211.10796
2011-11-30 18:00:00,220.56273
2011-11-30 19:00:00,189.35603
2011-11-30 20:00:00,189.35603
2011-11-30 21:00:00,196.19891
2011-11-30 22:00:00,189.10434
2011-11-30 23:00:00,175.93832
2011-12-20 00:00:00,264.70004
2011-12-20 01:00:00,273.3113
2011-12-20 02:00:00,265.1096
2011-12-20 03:00:00,265.1096
2011-12-20 04:00:00,272.73822
2011-12-20 05:00:00,278.93573
2011-12-20 06:00:00,278.9357
2011-12-20 07:00:00,273.24835
2011-12-20 08:00:00,312.8715
2011-12-20 09:00:00,244.56996
2011-12-20 10:00:00,264.61093
2011-12-20 11:00:00,270.17032
2011-12-20 12:00:00,303.38376
2011-12-20 13:00:00,303.38376
2011-12-20 14:00:00,312.0026
2011-12-20 15:00:00,300.5639
2011-12-20 16:00:00,288.03888
2011-12-20 17:00:00,257.10355
2011-12-20 18:00:00,211.83565
2011-12-20 19:00:00,231.99435
2011-12-20 20:00:00,213.08
2011-12-20 21:00:00,178.9677
2011-12-20 22:00:00,244.56996
2011-12-20 23:00:00,278.28268
2011-12-21 00:00:00,101.70331
2011-12-21 01:00:00,127.62198
2011-12-21 02:00:00,116.68967
2011-12-21 03:00:00,116.68967
2011-12-21 04:00:00,116.68967
2011-12-21 05:00:00,120.70332
2011-12-21 06:00:00,105.896576
2011-12-21 07:00:00,102.165565
2011-12-21 08:00:00,107.74431
2011-12-21 09:00:00,102.82503
2011-12-21 10:00:00,130.66425
2011-12-21 11:00:00,130.66425
2011-12-21 12:00:00,97.1053
2011-12-21 13:00:00,94.58894
2011-12-21 14:00:00,116.81005
2011-12-21 15:00:00,113.69992
2011-12-21 16:00:00,84.759636
2011-12-21 17:00:00,84.759636
2011-12-21 18:00:00,94.35918
2011-12-21 19:00:00,118.56382
2011-12-21 20:00:00,114.9339
2011-12-21 21:00:00,141.49419
2011-12-21 22:00:00,146.43106
2011-12-21 23:00:00,156.28831
2011-12-22 00:00:00,163.04816
2011-12-22 01:00:00,118.8157
2011-12-22 02:00:00,148.28133
2011-12-22 03:00:00,155.83707
2011-12-22 04:00:00,123.34004
2011-12-22 05:00:00,107.73598
2011-12-22 06:00:00,97.5338
2011-12-22 07:00:00,86.24302
2011-12-22 08:00:00,105.896576
2011-12-22 09:00:00,116.59263
2011-12-22 10:00:00,131.64659
2011-12-22 11:00:00,131.71048
2011-12-22 12:00:00,151.69946
2011-12-22 13:00:00,140.30193
2011-12-22 14:00:00,140.30193
2011-12-22 15:00:00,145.3336
2011-12-22 16:00:00,140.30193
2011-12-22 17:00:00,144.54718
2011-12-22 18:00:00,157.2942
2011-12-22 19:00:00,137.2729
2011-12-22 20:00:00,127.071625
2011-12-22 21:00:00,127.071625
2011-12-22 22:00:00,92.10583
2011-12-22 23:00:00,121.32583
2011-12-23 00:00:00,102.54587
2011-12-23 01:00:00,102.54587
2011-12-23 02:00:00,98.6721
2011-12-23 03:00:00,98.6721
2011-12-23 04:00:00,75.28066
2011-12-23 05:00:00,92.981766
2011-12-23 06:00:00,103.62554
2011-12-23 07:00:00,108.5459
2011-12-23 08:00:00,120.08488
2011-12-23 09:00:00,150.76025
2011-12-23 10:00:00,168.95891
2011-12-23 11:00:00,178.0143
2011-12-23 12:00:00,182.33727
2011-12-23 13:00:00,186.01855
2011-12-23 14:00:00,180.95705
2011-12-23 15:00:00,171.5612
2011-12-23 16:00:00,170.81262
2011-12-23 17:00:00,144.6849
2011-12-23 18:00:00,146.99236
2011-12-23 19:00:00,135.12814
2011-12-23 20:00:00,95.96841
2011-12-23 21:00:00,93.40861
2011-12-23 22:00:00,97.60582
2011-12-23 23:00:00,113.33142
2011-12-24 00:00:00,74.04496
2011-12-24 01:00:00,74.15813
2011-12-24 02:00:00,92.98334
2011-12-24 03:00:00,87.7703
2011-12-24 04:00:00,79.39445
2011-12-24 05:00:00,79.39445
2011-12-24 06:00:00,59.253033
2011-12-24 07:00:00,69.2241
2011-12-24 08:00:00,63.298412
2011-12-24 09:00:00,119.2135
2011-12-24 10:00:00,114.53173
2011-12-24 11:00:00,127.68276
2011-12-24 12:00:00,152.57756
2011-12-24 13:00:00,141.34402
2011-12-24 14:00:00,141.34402
2011-12-24 15:00:00,150.13812
2011-12-24 16:00:00,150.94446
2011-12-24 17:00:00,117.469925
2011-12-24 18:00:00,129.31006
2011-12-24 19:00:00,89.21763
2011-12-24 20:00:00,75.05399
2011-12-24 21:00:00,66.38473
2011-12-24 22:00:00,58.684265
2011-12-24 23:00:00,44.935993
2011-12-25 00:00:00,58.31531
2011-12-25 01:00:00,55.334972
2011-12-25 02:00:00,62.219166
2011-12-25 03:00:00,42.966354
2011-12-25 05:00:00,57.02811
2011-12-25 06:00:00,57.02811
2011-12-25 07:00:00,60.875256
2011-12-25 08:00:00,51.256924
2011-12-25 09:00:00,56.465904
2011-12-25 10:00:00,55.624897
2011-12-25 11:00:00,72.9503
2011-12-25 12:00:00,64.46633
2011-12-25 13:00:00,71.375305
2011-12-25 14:00:00,87.96237
2011-12-25 15:00:00,100.17407
2011-12-25 16:00:00,103.6974
2011-12-25 17:00:00,103.22246
2011-12-25 18:00:00,76.96466
2011-12-25 19:00:00,110.24396
2011-12-25 20:00:00,103.87419
2011-12-25 21:00:00,95.86819
2011-12-25 22:00:00,69.01681
2011-12-25 23:00:00,66.472725
2011-12-26 00:00:00,46.03889
2011-12-26 01:00:00,67.40119
2011-12-26 02:00:00,132.55843
2011-12-26 04:00:00,123.13967
2011-12-26 05:00:00,118.42188
2011-12-26 06:00:00,122.326546
2011-12-26 07:00:00,132.69664
2011-12-26 08:00:00,139.72905
2011-12-26 09:00:00,123.13967
2011-12-26 10:00:00,120.48328
2011-12-26 11:00:00,117.978874
2011-12-26 12:00:00,120.33471
2011-12-26 13:00:00,171.4081
2011-12-26 14:00:00,164.25685
2011-12-26 15:00:00,181.49126
2011-12-26 16:00:00,140.81477
2011-12-26 17:00:00,132.55843
2011-12-26 18:00:00,120.055595
2011-12-26 19:00:00,74.83041
2011-12-26 20:00:00,88.72311
2011-12-26 21:00:00,51.7773
2011-12-26 22:00:00,51.7773
2011-12-26 23:00:00,53.30335
2011-12-27 00:00:00,73.0884
2011-12-27 01:00:00,79.4245
2011-12-27 02:00:00,79.4245
2011-12-27 03:00:00,78.22847
2011-12-27 04:00:00,72.08985
2011-12-27 05:00:00,64.14956
2011-12-27 06:00:00,71.770676
2011-12-27 07:00:00,67.62288
2011-12-27 08:00:00,87.815445
2011-12-27 09:00:00,103.137665
2011-12-27 10:00:00,113.154884
2011-12-27 11:00:00,103.137665
2011-12-27 12:00:00,83.119286
2011-12-27 13:00:00,66.07133
2011-12-27 14:00:00,93.82215
2011-12-27 15:00:00,93.82215
2011-12-27 16:00:00,95.04916
2011-12-27 17:00:00,111.89931
2011-12-27 18:00:00,96.940414
2011-12-27 19:00:00,91.61138
2011-12-27 20:00:00,92.00063
2011-12-27 21:00:00,93.303764
2011-12-27 22:00:00,93.303764
2011-12-27 23:00:00,86.07648
2011-12-28 00:00:00,87.678474
2011-12-28 01:00:00,89.2579
2011-12-28 02:00:00,91.26679
2011-12-28 03:00:00,91.26679
2011-12-28 05:00:00,104.17652
2011-12-28 06:00:00,107.07674
2011-12-28 07:00:00,107.07674
2011-12-28 08:00:00,104.17652
2011-12-28 09:00:00,110.2247
2011-12-28 10:00:00,118.004196
2011-12-28 11:00:00,159.53313
2011-12-28 12:00:00,133.37572
2011-12-28 13:00:00,150.07277
2011-12-28 14:00:00,150.58424
2011-12-28 15:00:00,154.82187
2011-12-28 16:00:00,145.782
2011-12-28 17:00:00,135.41106
2011-12-28 18:00:00,116.68198
2011-12-28 19:00:00,111.226074
2011-12-28 20:00:00,113.43872
2011-12-28 21:00:00,99.22033
2011-12-28 22:00:00,108.63334
2011-12-28 23:00:00,96.03126
2011-12-29 00:00:00,80.45203
2011-12-29 01:00:00,78.58701
2011-12-29 02:00:00,81.5423
2011-12-29 03:00:00,61.272217
2011-12-29 04:00:00,64.740776
2011-12-29 05:00:00,76.22477
2011-12-29 06:00:00,80.75281
2011-12-29 07:00:00,66.69183
2011-12-29 08:00:00,85.73319
2011-12-29 09:00:00,57.04731
2011-12-29 10:00:00,58.284718
2011-12-29 11:00:00,81.40829
2011-12-29 12:00:00,92.70981
2011-12-29 13:00:00,106.52956
2011-12-29 14:00:00,112.71737
2011-12-29 15:00:00,112.355515
2011-12-29 16:00:00,122.15877
2011-12-29 17:00:00,100.69002
2011-12-29 18:00:00,112.27377
2011-12-29 19:00:00,123.821945
2011-12-29 20:00:00,96.78554
2011-12-29 21:00:00,89.62563
2011-12-29 22:00:00,91.86518
2011-12-29 23:00:00,95.37251
2011-12-30 00:00:00,85.21829
2011-12-30 01:00:00,96.66986
2011-12-30 02:00:00,77.18005
2011-12-30 03:00:00,77.18005
2011-12-30 04:00:00,78.41158
2011-12-30 05:00:00,77.46895
2011-12-30 06:00:00,78.41158
2011-12-30 07:00:00,78.31164
2011-12-30 08:00:00,66.66868
2011-12-30 09:00:00,84.241585
2011-12-30 10:00:00,77.3086
2011-12-30 11:00:00,97.60582
2011-12-30 12:00:00,127.0432
2011-12-30 13:00:00,126.796555
2011-12-30 14:00:00,185.44757
2011-12-30 15:00:00,153.74678
2011-12-30 16:00:00,199.01605
2011-12-30 17:00:00,152.81842
2011-12-30 18:00:00,129.70782
2011-12-30 19:00:00,131.48601
2011-12-30 20:00:00,119.177765
2011-12-30 21:00:00,127.62198
2011-12-30 22:00:00,96.76644
2011-12-30 23:00:00,92.17026
2011-12-31 00:00:00,126.50405
2011-12-31 01:00:00,134.50899
2011-12-31 02:00:00,134.50899
2011-12-31 03:00:00,134.50899
2011-12-31 04:00:00,109.407074
2011-12-31 05:00:00,76.13814
2011-12-31 06:00:00,109.21516
2011-12-31 07:00:00,87.34487
2011-12-31 08:00:00,75.30137
2011-12-31 09:00:00,76.30229
2011-12-31 10:00:00,115.823296
2011-12-31 11:00:00,132.23994
2011-12-31 12:00:00,267.33932
2011-12-31 13:00:00,211.5232
2011-12-31 14:00:00,210.41231
2011-12-31 15:00:00,194.0685
2011-12-31 16:00:00,207.43587
2011-12-31 17:00:00,182.11131
2011-12-31 18:00:00,162.04077
2011-12-31 19:00:00,181.63152
2011-12-31 20:00:00,181.63152
2011-12-31 21:00:00,161.14767
2011-12-31 22:00:00,122.378746
2011-12-31 23:00:00,79.446045
2012-01-20 00:00:00,90.05857
2012-01-20 01:00:00,115.50313
2012-01-20 02:00:00,115.50313
2012-01-20 03:00:00,97.14019
2012-01-20 04:00:00,78.02211
2012-01-20 05:00:00,78.02211
2012-01-20 06:00:00,63.06533
2012-01-20 07:00:00,61.97751
2012-01-20 08:00:00,60.805717
2012-01-20 09:00:00,95.16856
2012-01-20 10:00:00,91.77469
2012-01-20 11:00:00,95.45008
2012-01-20 12:00:00,92.96923
2012-01-20 13:00:00,118.72465
2012-01-20 14:00:00,106.30869
2012-01-20 15:00:00,111.63536
2012-01-20 16:00:00,102.013084
2012-01-20 17:00:00,141.88667
2012-01-20 18:00:00,112.977425
2012-01-20 19:00:00,100.544655
2012-01-20 20:00:00,112.977425
2012-01-20 21:00:00,100.85128
2012-01-20 22:00:00,95.45018
2012-01-20 23:00:00,43.660313
2012-01-21 00:00:00,40.238873
2012-01-21 01:00:00,36.16921
2012-01-21 02:00:00,39.984886
2012-01-21 03:00:00,36.33471
2012-01-21 04:00:00,38.068645
2012-01-21 05:00:00,36.067886
2012-01-21 06:00:00,34.699142
2012-01-21 07:00:00,34.699142
2012-01-21 08:00:00,38.50672
2012-01-21 09:00:00,38.50672
2012-01-21 10:00:00,37.40562
2012-01-21 11:00:00,45.690845
2012-01-21 12:00:00,45.605373
2012-01-21 13:00:00,44.105366
2012-01-21 14:00:00,38.544224
2012-01-21 15:00:00,38.54424
2012-01-21 16:00:00,42.237362
2012-01-21 17:00:00,42.08706
2012-01-21 18:00:00,43.753788
2012-01-21 19:00:00,41.94697
2012-01-21 20:00:00,40.25385
2012-01-21 21:00:00,43.39313
2012-01-21 22:00:00,40.610283
2012-01-21 23:00:00,38.052788
2012-01-22 00:00:00,41.431297
2012-01-22 01:00:00,40.610283
2012-01-22 02:00:00,40.148853
2012-01-22 03:00:00,40.515915
2012-01-22 04:00:00,39.341064
2012-01-22 05:00:00,38.385937
2012-01-22 06:00:00,37.42791
2012-01-22 07:00:00,37.42791
2012-01-22 08:00:00,37.42791
2012-01-22 09:00:00,37.42791
2012-01-22 10:00:00,39.329075
2012-01-22 11:00:00,38.629784
2012-01-22 12:00:00,37.707157
2012-01-22 13:00:00,41.304577
2012-01-22 14:00:00,39.415497
2012-01-22 15:00:00,37.512005
2012-01-22 16:00:00,37.512005
2012-01-22 17:00:00,41.208958
2012-01-22 18:00:00,36.067886
2012-01-22 19:00:00,36.067886
2012-01-22 20:00:00,34.72267
2012-01-22 21:00:00,36.067886
2012-01-22 22:00:00,43.864334
2012-01-22 23:00:00,41.7151
2012-01-23 00:00:00,68.20524
2012-01-23 01:00:00,59.632793
2012-01-23 02:00:00,59.632793
2012-01-23 03:00:00,68.205215
2012-01-23 04:00:00,72.134674
2012-01-23 05:00:00,72.10053
2012-01-23 06:00:00,72.10053
2012-01-23 07:00:00,61.901154
2012-01-23 08:00:00,53.475765
2012-01-23 09:00:00,61.640232
2012-01-23 10:00:00,71.540344
2012-01-23 11:00:00,61.921074
2012-01-23 12:00:00,73.69027
2012-01-23 13:00:00,60.01428
2012-01-23 14:00:00,54.832893
2012-01-23 15:00:00,59.344666
2012-01-23 16:00:00,63.068775
2012-01-23 17:00:00,66.22062
2012-01-23 18:00:00,63.683456
2012-01-23 19:00:00,64.8531
2012-01-23 20:00:00,65.65318
2012-01-23 21:00:00,61.676044
2012-01-23 22:00:00,61.676044
2012-01-23 23:00:00,61.73933
2012-01-24 00:00:00,66.75727
2012-01-24 01:00:00,68.5024
2012-01-24 02:00:00,69.224144
2012-01-24 03:00:00,81.102486
2012-01-24 04:00:00,80.72422
2012-01-24 05:00:00,80.72422
2012-01-24 06:00:00,73.07788
2012-01-24 07:00:00,81.10244
2012-01-24 08:00:00,81.10244
2012-01-24 09:00:00,90.08227
2012-01-24 10:00:00,92.00063
2012-01-24 11:00:00,94.08271
2012-01-24 12:00:00,91.61138
2012-01-24 13:00:00,91.61138
2012-01-24 14:00:00,91.835915
2012-01-24 15:00:00,133.9523
2012-01-24 16:00:00,146.44626
2012-01-24 17:00:00,139.73766
2012-01-24 18:00:00,131.77345
2012-01-24 19:00:00,181.05794
2012-01-24 20:00:00,97.887535
2012-01-24 21:00:00,110.79451
2012-01-24 22:00:00,93.97001
2012-01-24 23:00:00,97.887535
2012-01-25 00:00:00,75.031
2012-01-25 01:00:00,77.63991
2012-01-25 02:00:00,75.19286
2012-01-25 03:00:00,70.52539
2012-01-25 04:00:00,64.5338
2012-01-25 05:00:00,64.5338
2012-01-25 06:00:00,64.299095
2012-01-25 07:00:00,64.47912
2012-01-25 08:00:00,63.307323
2012-01-25 09:00:00,63.307323
2012-01-25 10:00:00,55.813637
2012-01-25 11:00:00,71.770676
2012-01-25 12:00:00,129.76744
2012-01-25 13:00:00,134.10497
2012-01-25 14:00:00,141.95769
2012-01-25 15:00:00,126.51495
2012-01-25 16:00:00,132.10326
2012-01-25 17:00:00,138.62495
2012-01-25 18:00:00,113.33142
2012-01-25 19:00:00,122.01682
2012-01-25 20:00:00,104.25271
2012-01-25 21:00:00,100.521385
2012-01-25 22:00:00,113.59712
2012-01-25 23:00:00,101.66879
2012-01-26 00:00:00,78.75197
2012-01-26 01:00:00,94.923134
2012-01-26 02:00:00,65.1376
2012-01-26 03:00:00,85.954056
2012-01-26 04:00:00,89.027985
2012-01-26 05:00:00,90.8446
2012-01-26 06:00:00,90.875725
2012-01-26 07:00:00,80.80929
2012-01-26 08:00:00,80.80929
2012-01-26 09:00:00,95.62344
2012-01-26 10:00:00,76.13107
2012-01-26 11:00:00,80.55506
2012-01-26 12:00:00,90.548836
2012-01-26 13:00:00,121.43738
2012-01-26 14:00:00,143.80959
2012-01-26 15:00:00,145.1684
2012-01-26 16:00:00,144.90628
2012-01-26 17:00:00,130.1688
2012-01-26 18:00:00,130.1688
2012-01-26 19:00:00,137.16269
2012-01-26 20:00:00,124.26603
2012-01-26 21:00:00,137.16269
2012-01-26 22:00:00,121.08064
2012-01-26 23:00:00,118.80352
2012-01-27 00:00:00,104.55156
2012-01-27 01:00:00,102.82503
2012-01-27 02:00:00,118.28351
2012-01-27 03:00:00,94.61338
2012-01-27 04:00:00,86.27424
2012-01-27 05:00:00,87.85576
2012-01-27 06:00:00,87.73578
2012-01-27 07:00:00,90.20713
2012-01-27 08:00:00,128.57562
2012-01-27 09:00:00,128.57562
2012-01-27 10:00:00,124.90326
2012-01-27 11:00:00,142.16801
2012-01-27 12:00:00,153.65161
2012-01-27 13:00:00,210.54393
2012-01-27 14:00:00,218.09076
2012-01-27 15:00:00,202.16629
2012-01-27 16:00:00,202.48068
2012-01-27 17:00:00,198.7361
2012-01-27 18:00:00,187.67542
2012-01-27 19:00:00,155.61961
2012-01-27 20:00:00,131.11723
2012-01-27 21:00:00,126.146416
2012-01-27 22:00:00,138.75917
2012-01-27 23:00:00,125.12009
2012-01-28 00:00:00,97.60024
2012-01-28 01:00:00,101.957664
2012-01-28 02:00:00,58.53017
2012-01-28 03:00:00,71.58759
2012-01-28 04:00:00,64.2938
2012-01-28 05:00:00,56.827652
2012-01-28 06:00:00,47.44161
2012-01-28 07:00:00,42.70259
2012-01-28 08:00:00,56.01199
2012-01-28 09:00:00,44.575207
2012-01-28 10:00:00,66.06976
2012-01-28 11:00:00,95.86819
2012-01-28 12:00:00,75.27721
2012-01-28 13:00:00,97.67285
2012-01-28 14:00:00,174.97264
2012-01-28 15:00:00,198.86746
2012-01-28 16:00:00,202.64595
2012-01-28 17:00:00,195.82831
2012-01-28 18:00:00,202.05502
2012-01-28 19:00:00,150.84648
2012-01-28 20:00:00,177.79066
2012-01-28 21:00:00,150.41338
2012-01-28 22:00:00,180.21527
2012-01-28 23:00:00,168.42273
2012-01-29 00:00:00,144.00879
2012-01-29 01:00:00,133.19804
2012-01-29 02:00:00,133.31238
2012-01-29 03:00:00,126.39715
2012-01-29 04:00:00,150.57722
2012-01-29 05:00:00,56.051212
2012-01-29 06:00:00,82.113495
2012-01-29 07:00:00,85.64582
2012-01-29 08:00:00,67.29545
2012-01-29 09:00:00,59.514065
2012-01-29 10:00:00,117.96386
2012-01-29 11:00:00,128.28294
2012-01-29 12:00:00,163.51985
2012-01-29 13:00:00,163.51985
2012-01-29 14:00:00,158.15416
2012-01-29 15:00:00,192.87202
2012-01-29 16:00:00,200.70692
2012-01-29 17:00:00,200.70694
2012-01-29 18:00:00,171.34435
2012-01-29 19:00:00,141.79851
2012-01-29 20:00:00,138.56898
2012-01-29 21:00:00,131.90329
2012-01-29 22:00:00,153.18556
2012-01-29 23:00:00,123.15173
2012-01-30 00:00:00,150.71153
2012-01-30 01:00:00,73.840355
2012-01-30 02:00:00,98.38129
2012-01-30 03:00:00,85.3434
2012-01-30 04:00:00,70.71474
2012-01-30 05:00:00,70.71474
2012-01-30 06:00:00,96.03126
2012-01-30 07:00:00,97.00398
2012-01-30 08:00:00,74.43435
2012-01-30 09:00:00,74.43435
2012-01-30 10:00:00,99.49381
2012-01-30 11:00:00,100.28321
2012-01-30 12:00:00,119.69371
2012-01-30 13:00:00,156.9468
2012-01-30 14:00:00,199.4916
2012-01-30 15:00:00,192.85216
2012-01-30 16:00:00,199.47878
2012-01-30 17:00:00,217.99449
2012-01-30 18:00:00,203.23857
2012-01-30 19:00:00,138.38481
2012-01-30 20:00:00,146.77783
2012-01-30 21:00:00,134.01312
2012-01-30 22:00:00,117.04929
2012-01-30 23:00:00,74.73056
2012-01-31 00:00:00,102.51319
2012-01-31 01:00:00,136.8898
2012-01-31 02:00:00,136.47153
2012-01-31 03:00:00,132.39786
2012-01-31 04:00:00,122.68559
2012-01-31 05:00:00,122.68559
2012-01-31 06:00:00,101.41018
2012-01-31 07:00:00,74.730576
2012-01-31 08:00:00,94.94937
2012-01-31 09:00:00,112.18064
2012-01-31 10:00:00,105.71027
2012-01-31 11:00:00,202.52927
2012-01-31 12:00:00,182.33897
2012-01-31 13:00:00,242.04375
2012-01-31 14:00:00,291.6191
2012-01-31 15:00:00,300.49844
2012-01-31 16:00:00,300.49844
2012-01-31 17:00:00,301.0253
2012-01-31 18:00:00,242.67122
2012-01-31 19:00:00,269.70267
2012-01-31 20:00:00,143.31808
2012-01-31 21:00:00,245.68861
2012-01-31 22:00:00,227.83376
2012-01-31 23:00:00,229.09196
2012-02-20 00:00:00,44.933018
2012-02-20 01:00:00,44.933018
2012-02-20 02:00:00,44.933018
2012-02-20 03:00:00,41.152966
2012-02-20 05:00:00,56.921864
2012-02-20 06:00:00,77.468544
2012-02-20 07:00:00,52.272705
2012-02-20 08:00:00,58.030025
2012-02-20 09:00:00,58.030025
2012-02-20 10:00:00,66.9327
2012-02-20 11:00:00,96.5497
2012-02-20 12:00:00,100.02019
2012-02-20 13:00:00,116.195435
2012-02-20 14:00:00,146.72517
2012-02-20 15:00:00,140.04932
2012-02-20 16:00:00,255.09947
2012-02-20 17:00:00,249.39363
2012-02-20 18:00:00,140.04932
2012-02-20 19:00:00,140.04932
2012-02-20 20:00:00,155.1878
2012-02-20 21:00:00,141.68953
2012-02-20 22:00:00,125.70901
2012-02-20 23:00:00,102.05858
2012-02-21 00:00:00,90.98724
2012-02-21 01:00:00,99.24103
2012-02-21 02:00:00,89.90488
2012-02-21 04:00:00,82.12768
2012-02-21 05:00:00,74.12661
2012-02-21 06:00:00,72.20884
2012-02-21 07:00:00,82.12768
2012-02-21 08:00:00,70.545265
2012-02-21 09:00:00,69.19382
2012-02-21 10:00:00,64.75318
2012-02-21 11:00:00,58.247196
2012-02-21 12:00:00,101.98786
2012-02-21 13:00:00,136.54654
2012-02-21 14:00:00,114.37678
2012-02-21 15:00:00,136.54654
2012-02-21 16:00:00,162.85237
2012-02-21 17:00:00,187.25557
2012-02-21 18:00:00,187.25557
2012-02-21 19:00:00,156.21385
2012-02-21 20:00:00,135.05194
2012-02-21 21:00:00,117.61729
2012-02-21 22:00:00,91.84607
2012-02-21 23:00:00,86.76172
2012-02-22 00:00:00,86.76172
2012-02-22 01:00:00,108.0139
2012-02-22 02:00:00,86.638504
2012-02-22 03:00:00,81.04087
2012-02-22 04:00:00,104.32351
2012-02-22 05:00:00,112.93427
2012-02-22 06:00:00,89.2579
2012-02-22 07:00:00,105.46266
2012-02-22 08:00:00,100.30335
2012-02-22 09:00:00,113.07436
2012-02-22 10:00:00,117.23126
2012-02-22 11:00:00,119.453445
2012-02-22 12:00:00,161.38652
2012-02-22 13:00:00,180.37059
2012-02-22 14:00:00,188.10957
2012-02-22 15:00:00,301.58163
2012-02-22 16:00:00,351.819
2012-02-22 17:00:00,294.59085
2012-02-22 18:00:00,224.3282
2012-02-22 19:00:00,212.45647
2012-02-22 20:00:00,207.68015
2012-02-22 21:00:00,250.16255
2012-02-22 22:00:00,197.98332
2012-02-22 23:00:00,221.22472
2012-02-23 00:00:00,197.98332
2012-02-23 01:00:00,172.3795
2012-02-23 02:00:00,161.01886
2012-02-23 03:00:00,137.70537
2012-02-23 04:00:00,125.00524
2012-02-23 05:00:00,125.00524
2012-02-23 06:00:00,93.1017
2012-02-23 07:00:00,91.835915
2012-02-23 08:00:00,89.14833
2012-02-23 09:00:00,85.176575
2012-02-23 10:00:00,151.34274
2012-02-23 11:00:00,214.60445
2012-02-23 12:00:00,248.64311
2012-02-23 13:00:00,262.26743
2012-02-23 14:00:00,273.4723
2012-02-23 15:00:00,275.80307
2012-02-23 16:00:00,325.32318
2012-02-23 17:00:00,280.94485
2012-02-23 18:00:00,269.00418
2012-02-23 19:00:00,243.11058
2012-02-23 20:00:00,226.54565
2012-02-23 21:00:00,191.35962
2012-02-23 22:00:00,181.43883
2012-02-23 23:00:00,135.374
2012-02-24 00:00:00,170.92818
2012-02-24 01:00:00,165.30531
2012-02-24 02:00:00,109.44319
2012-02-24 03:00:00,137.23045
2012-02-24 04:00:00,123.848976
2012-02-24 05:00:00,107.76191
2012-02-24 06:00:00,112.68226
2012-02-24 07:00:00,117.4482
2012-02-24 08:00:00,95.995605
2012-02-24 09:00:00,69.252075
2012-02-24 10:00:00,88.17426
2012-02-24 11:00:00,107.68132
2012-02-24 12:00:00,132.24228
2012-02-24 13:00:00,145.1684
2012-02-24 14:00:00,152.38171
2012-02-24 15:00:00,102.54587
2012-02-24 16:00:00,102.54587
2012-02-24 17:00:00,117.758705
2012-02-24 18:00:00,113.98548
2012-02-24 19:00:00,138.13742
2012-02-24 20:00:00,187.94432
2012-02-24 21:00:00,158.2925
2012-02-24 22:00:00,199.34952
2012-02-24 23:00:00,165.48416
2012-02-25 00:00:00,142.29727
2012-02-25 01:00:00,133.33458
2012-02-25 02:00:00,131.93118
2012-02-25 03:00:00,112.533554
2012-02-25 04:00:00,122.25144
2012-02-25 05:00:00,114.54694
2012-02-25 06:00:00,114.54694
2012-02-25 07:00:00,111.601845
2012-02-25 08:00:00,85.23547
2012-02-25 09:00:00,43.070927
2012-02-25 10:00:00,68.20872
2012-02-25 11:00:00,126.22819
2012-02-25 12:00:00,185.72926
2012-02-25 13:00:00,148.12187
2012-02-25 14:00:00,167.38255
2012-02-25 15:00:00,143.99905
2012-02-25 16:00:00,188.54578
2012-02-25 17:00:00,119.954
2012-02-25 18:00:00,172.81645
2012-02-25 19:00:00,112.00233
2012-02-25 20:00:00,143.5744
2012-02-25 21:00:00,100.908035
2012-02-25 22:00:00,100.122665
2012-02-25 23:00:00,98.970924
2012-02-26 00:00:00,102.60197
2012-02-26 01:00:00,92.20147
2012-02-26 02:00:00,92.20147
2012-02-26 03:00:00,88.511284
2012-02-26 04:00:00,88.511284
2012-02-26 05:00:00,78.42383
2012-02-26 06:00:00,85.574844
2012-02-26 07:00:00,63.607338
2012-02-26 08:00:00,61.05073
2012-02-26 09:00:00,71.51883
2012-02-26 10:00:00,107.58563
2012-02-26 11:00:00,116.15809
2012-02-26 12:00:00,147.28026
2012-02-26 13:00:00,181.55449
2012-02-26 14:00:00,242.4763
2012-02-26 15:00:00,289.31247
2012-02-26 16:00:00,166.70937
2012-02-26 17:00:00,182.29897
2012-02-26 18:00:00,152.35466
2012-02-26 19:00:00,180.91603
2012-02-26 20:00:00,150.51546
2012-02-26 21:00:00,131.43092
2012-02-26 22:00:00,130.45938
2012-02-26 23:00:00,66.38473
2012-02-27 00:00:00,68.53949
2012-02-27 01:00:00,69.79391
2012-02-27 02:00:00,62.52487
2012-02-27 03:00:00,69.035065
2012-02-27 04:00:00,67.47353
2012-02-27 05:00:00,67.47353
2012-02-27 06:00:00,63.307323
2012-02-27 07:00:00,64.80287
2012-02-27 08:00:00,72.21254
2012-02-27 09:00:00,74.730576
2012-02-27 10:00:00,142.237
2012-02-27 11:00:00,155.70628
2012-02-27 12:00:00,199.87552
2012-02-27 13:00:00,184.99277
2012-02-27 14:00:00,240.70082
2012-02-27 15:00:00,294.5071
2012-02-27 16:00:00,300.49844
2012-02-27 17:00:00,221.97261
2012-02-27 18:00:00,366.968
2012-02-27 19:00:00,320.03897
2012-02-27 20:00:00,245.63011
2012-02-27 21:00:00,240.70082
2012-02-27 22:00:00,209.50797
2012-02-27 23:00:00,190.62071
2012-02-28 00:00:00,178.50287
2012-02-28 01:00:00,141.47304
2012-02-28 02:00:00,159.7914
2012-02-28 03:00:00,203.8565
2012-02-28 04:00:00,146.34093
2012-02-28 05:00:00,146.34093
2012-02-28 06:00:00,130.149
2012-02-28 07:00:00,120.942604
2012-02-28 08:00:00,101.162384
2012-02-28 09:00:00,116.5099
2012-02-28 10:00:00,136.88982
2012-02-28 11:00:00,155.50496
2012-02-28 12:00:00,194.33508
2012-02-28 13:00:00,203.65576
2012-02-28 14:00:00,234.466
2012-02-28 15:00:00,246.08392
2012-02-28 16:00:00,242.68446
2012-02-28 17:00:00,246.08392
2012-02-28 18:00:00,239.0758
2012-02-28 19:00:00,223.34143
2012-02-28 20:00:00,228.44807
2012-02-28 21:00:00,157.70586
2012-02-28 22:00:00,157.70586
2012-02-28 23:00:00,121.612816
2012-02-29 00:00:00,128.37892
2012-02-29 01:00:00,134.50143
2012-02-29 02:00:00,96.75362
2012-02-29 03:00:00,98.46717
2012-02-29 05:00:00,85.35525
2012-02-29 06:00:00,85.954056
2012-02-29 07:00:00,66.41244
2012-02-29 08:00:00,78.75197
2012-02-29 09:00:00,66.53154
2012-02-29 10:00:00,66.53154
2012-02-29 11:00:00,61.264397
2012-02-29 12:00:00,60.961575
2012-02-29 13:00:00,69.883675
2012-02-29 14:00:00,69.883675
2012-02-29 15:00:00,99.61471
2012-02-29 16:00:00,102.148605
2012-02-29 17:00:00,112.68226
2012-02-29 18:00:00,121.32582
2012-02-29 19:00:00,122.53948
2012-02-29 20:00:00,113.55002
2012-02-29 21:00:00,113.55002
2012-02-29 22:00:00,94.38296
2012-02-29 23:00:00,94.38296
2012-03-20 00:00:00,155.32649
2012-03-20 01:00:00,141.00883
2012-03-20 02:00:00,152.41185
2012-03-20 03:00:00,148.14491
2012-03-20 04:00:00,165.9496
2012-03-20 05:00:00,138.73177
2012-03-20 06:00:00,154.1584
2012-03-20 07:00:00,136.74414
2012-03-20 08:00:00,160.67184
2012-03-20 09:00:00,170.6177
2012-03-20 10:00:00,170.90169
2012-03-20 11:00:00,171.6248
2012-03-20 12:00:00,209.99684
2012-03-20 13:00:00,198.17575
2012-03-20 14:00:00,221.90967
2012-03-20 15:00:00,221.37892
2012-03-20 16:00:00,255.55019
2012-03-20 17:00:00,214.11725
2012-03-20 18:00:00,228.69582
2012-03-20 19:00:00,174.38324
2012-03-20 20:00:00,177.93117
2012-03-20 21:00:00,146.49754
2012-03-20 22:00:00,146.53133
2012-03-20 23:00:00,140.8362
2012-03-21 00:00:00,103.51531
2012-03-21 01:00:00,118.70544
2012-03-21 02:00:00,116.47817
2012-03-21 03:00:00,137.10056
2012-03-21 04:00:00,122.37332
2012-03-21 05:00:00,122.37332
2012-03-21 06:00:00,115.74324
2012-03-21 07:00:00,114.759094
2012-03-21 08:00:00,123.73703
2012-03-21 09:00:00,139.46843
2012-03-21 10:00:00,145.70116
2012-03-21 11:00:00,145.70116
2012-03-21 12:00:00,123.240776
2012-03-21 13:00:00,117.496506
2012-03-21 14:00:00,126.965515
2012-03-21 15:00:00,126.965515
2012-03-21 16:00:00,133.04932
2012-03-21 17:00:00,166.00124
2012-03-21 18:00:00,141.87741
2012-03-21 19:00:00,145.05414
2012-03-21 20:00:00,124.15665
2012-03-21 21:00:00,125.46917
2012-03-21 22:00:00,130.30556
2012-03-21 23:00:00,116.30593
2012-03-22 00:00:00,118.70544
2012-03-22 01:00:00,118.70544
2012-03-22 02:00:00,118.70544
2012-03-22 03:00:00,118.70544
2012-03-22 04:00:00,103.59882
2012-03-22 05:00:00,103.59882
2012-03-22 06:00:00,103.59882
2012-03-22 07:00:00,103.59882
2012-03-22 08:00:00,112.39391
2012-03-22 09:00:00,112.39391
2012-03-22 10:00:00,108.34653
2012-03-22 11:00:00,105.40638
2012-03-22 12:00:00,154.0667
2012-03-22 13:00:00,127.792076
2012-03-22 14:00:00,158.55664
2012-03-22 15:00:00,228.79716
2012-03-22 16:00:00,241.7646
2012-03-22 17:00:00,232.95741
2012-03-22 18:00:00,232.95741
2012-03-22 19:00:00,163.95946
2012-03-22 20:00:00,217.92142
2012-03-22 21:00:00,132.81038
2012-03-22 22:00:00,142.1252
2012-03-22 23:00:00,128.23958
2012-03-23 00:00:00,116.34908
2012-03-23 01:00:00,108.22853
2012-03-23 02:00:00,120.11902
2012-03-23 03:00:00,117.30991
2012-03-23 04:00:00,114.371254
2012-03-23 05:00:00,100.69597
2012-03-23 06:00:00,104.65645
2012-03-23 07:00:00,119.000465
2012-03-23 08:00:00,118.325905
2012-03-23 09:00:00,119.87861
2012-03-23 10:00:00,132.73921
2012-03-23 11:00:00,165.54698
2012-03-23 12:00:00,278.01678
2012-03-23 13:00:00,256.96683
2012-03-23 14:00:00,311.40735
2012-03-23 15:00:00,319.48148
2012-03-23 16:00:00,327.58264
2012-03-23 17:00:00,327.58264
2012-03-23 18:00:00,305.80722
2012-03-23 19:00:00,298.75558
2012-03-23 20:00:00,289.32404
2012-03-23 21:00:00,261.57333
2012-03-23 22:00:00,257.11786
2012-03-23 23:00:00,234.5496
2012-03-24 00:00:00,117.737625
2012-03-24 01:00:00,111.61423
2012-03-24 02:00:00,103.98713
2012-03-24 03:00:00,103.98713
2012-03-24 04:00:00,87.857735
2012-03-24 05:00:00,109.47482
2012-03-24 06:00:00,109.47482
2012-03-24 07:00:00,90.22865
2012-03-24 08:00:00,105.32671
2012-03-24 09:00:00,102.462746
2012-03-24 10:00:00,117.55092
2012-03-24 11:00:00,105.32671
2012-03-24 12:00:00,112.676254
2012-03-24 13:00:00,109.230064
2012-03-24 14:00:00,110.852936
2012-03-24 15:00:00,85.05485
2012-03-24 16:00:00,95.52281
2012-03-24 17:00:00,112.171455
2012-03-24 18:00:00,87.129845
2012-03-24 19:00:00,95.12867
2012-03-24 20:00:00,77.56559
2012-03-24 21:00:00,77.56559
2012-03-24 22:00:00,67.87792
2012-03-24 23:00:00,75.853676
2012-03-25 00:00:00,75.853676
2012-03-25 01:00:00,68.26113
2012-03-25 02:00:00,59.733192
2012-03-25 03:00:00,62.41571
2012-03-25 04:00:00,68.76125
2012-03-25 05:00:00,64.38553
2012-03-25 06:00:00,64.38553
2012-03-25 07:00:00,65.119995
2012-03-25 08:00:00,65.119995
2012-03-25 09:00:00,64.419685
2012-03-25 10:00:00,69.872665
2012-03-25 11:00:00,64.419685
2012-03-25 12:00:00,68.51006
2012-03-25 13:00:00,86.93792
2012-03-25 14:00:00,89.30827
2012-03-25 15:00:00,94.44819
2012-03-25 16:00:00,69.379364
2012-03-25 17:00:00,94.92176
2012-03-25 18:00:00,94.92176
2012-03-25 19:00:00,165.30003
2012-03-25 20:00:00,120.72668
2012-03-25 21:00:00,95.87903
2012-03-25 22:00:00,78.36257
2012-03-25 23:00:00,84.55273
2012-03-26 00:00:00,141.55301
2012-03-26 01:00:00,138.66043
2012-03-26 02:00:00,122.79347
2012-03-26 03:00:00,134.30937
2012-03-26 04:00:00,111.55561
2012-03-26 05:00:00,118.78463
2012-03-26 06:00:00,118.77938
2012-03-26 07:00:00,150.72647
2012-03-26 08:00:00,160.51414
2012-03-26 09:00:00,206.8156
2012-03-26 10:00:00,267.8212
2012-03-26 11:00:00,290.0736
2012-03-26 12:00:00,295.03943
2012-03-26 13:00:00,267.36325
2012-03-26 14:00:00,315.69193
2012-03-26 15:00:00,297.31335
2012-03-26 16:00:00,303.41492
2012-03-26 17:00:00,368.5815
2012-03-26 18:00:00,340.45895
2012-03-26 19:00:00,326.09143
2012-03-26 20:00:00,271.85062
2012-03-26 21:00:00,269.5124
2012-03-26 22:00:00,256.76306
2012-03-26 23:00:00,153.7674
2012-03-27 00:00:00,141.8346
2012-03-27 01:00:00,135.8946
2012-03-27 02:00:00,127.48492
2012-03-27 03:00:00,124.410484
2012-03-27 04:00:00,107.91648
2012-03-27 05:00:00,118.37544
2012-03-27 06:00:00,132.21974
2012-03-27 07:00:00,132.21974
2012-03-27 08:00:00,115.622185
2012-03-27 09:00:00,131.55734
2012-03-27 10:00:00,133.43948
2012-03-27 11:00:00,183.86241
2012-03-27 12:00:00,187.07098
2012-03-27 13:00:00,224.26225
2012-03-27 14:00:00,235.9845
2012-03-27 15:00:00,234.06636
2012-03-27 16:00:00,234.06636
2012-03-27 17:00:00,250.08656
2012-03-27 18:00:00,266.17206
2012-03-27 19:00:00,241.79083
2012-03-27 20:00:00,266.17203
2012-03-27 21:00:00,185.33421
2012-03-27 22:00:00,195.37825
2012-03-27 23:00:00,179.58719
2012-03-28 00:00:00,148.1978
2012-03-28 01:00:00,144.14534
2012-03-28 02:00:00,132.45125
2012-03-28 03:00:00,138.6124
2012-03-28 04:00:00,146.10942
2012-03-28 05:00:00,146.10942
2012-03-28 06:00:00,147.46461
2012-03-28 07:00:00,145.80775
2012-03-28 08:00:00,164.91087
2012-03-28 09:00:00,178.7075
2012-03-28 10:00:00,200.43282
2012-03-28 11:00:00,224.93024
2012-03-28 12:00:00,272.21115
2012-03-28 13:00:00,262.22946
2012-03-28 14:00:00,324.90182
2012-03-28 15:00:00,305.11795
2012-03-28 16:00:00,306.79022
2012-03-28 17:00:00,274.4564
2012-03-28 18:00:00,274.4564
2012-03-28 19:00:00,286.74344
2012-03-28 20:00:00,281.58813
2012-03-28 21:00:00,238.67552
2012-03-28 22:00:00,177.92566
2012-03-28 23:00:00,149.41415
2012-03-29 00:00:00,178.59271
2012-03-29 01:00:00,198.76242
2012-03-29 02:00:00,326.97455
2012-03-29 03:00:00,305.37015
2012-03-29 04:00:00,258.16348
2012-03-29 05:00:00,235.09184
2012-03-29 06:00:00,174.83037
2012-03-29 07:00:00,185.67804
2012-03-29 08:00:00,191.99673
2012-03-29 09:00:00,197.29483
2012-03-29 10:00:00,193.70468
2012-03-29 11:00:00,210.85449
2012-03-29 12:00:00,229.03401
2012-03-29 13:00:00,207.6048
2012-03-29 14:00:00,230.25554
2012-03-29 15:00:00,251.13399
2012-03-29 16:00:00,258.39645
2012-03-29 17:00:00,265.99152
2012-03-29 18:00:00,243.60704
2012-03-29 19:00:00,235.44023
2012-03-29 20:00:00,228.5076
2012-03-29 21:00:00,204.55367
2012-03-29 22:00:00,193.47113
2012-03-29 23:00:00,182.04912
2012-03-30 00:00:00,171.01894
2012-03-30 01:00:00,157.91566
2012-03-30 02:00:00,139.64665
2012-03-30 03:00:00,112.10646
2012-03-30 04:00:00,138.96443
2012-03-30 05:00:00,82.58201
2012-03-30 06:00:00,127.28852
2012-03-30 07:00:00,123.35833
2012-03-30 08:00:00,95.936646
2012-03-30 09:00:00,126.93726
2012-03-30 10:00:00,133.50203
2012-03-30 11:00:00,122.54624
2012-03-30 12:00:00,120.55249
2012-03-30 13:00:00,158.8382
2012-03-30 14:00:00,133.70615
2012-03-30 15:00:00,135.35583
2012-03-30 16:00:00,140.63905
2012-03-30 17:00:00,140.1788
2012-03-30 18:00:00,178.74922
2012-03-30 19:00:00,147.5003
2012-03-30 20:00:00,144.42654
2012-03-30 21:00:00,117.74595
2012-03-30 22:00:00,101.99296
2012-03-30 23:00:00,77.2051
2012-03-31 00:00:00,78.7003
2012-03-31 01:00:00,93.28493
2012-03-31 02:00:00,96.30403
2012-03-31 03:00:00,82.45251
2012-03-31 04:00:00,113.304436
2012-03-31 05:00:00,86.0712
2012-03-31 06:00:00,60.278675
2012-03-31 07:00:00,60.278675
2012-03-31 08:00:00,56.005272
2012-03-31 09:00:00,93.28493
2012-03-31 10:00:00,85.119606
2012-03-31 11:00:00,90.41178
2012-03-31 12:00:00,85.59406
2012-03-31 13:00:00,127.07156
2012-03-31 14:00:00,184.85907
2012-03-31 15:00:00,200.40303
2012-03-31 16:00:00,189.47685
2012-03-31 17:00:00,181.12692
2012-03-31 18:00:00,133.46439
2012-03-31 19:00:00,131.92644
2012-03-31 20:00:00,103.41281
2012-03-31 21:00:00,103.41281
2012-03-31 22:00:00,93.119576
2012-03-31 23:00:00,61.78431
2012-04-20 00:00:00,116.77702
2012-04-20 01:00:00,134.30937
2012-04-20 02:00:00,119.28615
2012-04-20 03:00:00,98.24166
2012-04-20 04:00:00,89.51272
2012-04-20 05:00:00,76.0787
2012-04-20 06:00:00,80.03917
2012-04-20 07:00:00,76.0787
2012-04-20 08:00:00,80.78908
2012-04-20 09:00:00,101.012085
2012-04-20 10:00:00,139.06403
2012-04-20 11:00:00,164.40903
2012-04-20 12:00:00,265.16544
2012-04-20 13:00:00,309.83652
2012-04-20 14:00:00,313.2156
2012-04-20 15:00:00,303.4462
2012-04-20 16:00:00,308.95392
2012-04-20 17:00:00,302.5527
2012-04-20 18:00:00,294.6984
2012-04-20 19:00:00,292.39728
2012-04-20 20:00:00,240.64973
2012-04-20 21:00:00,158.1725
2012-04-20 22:00:00,188.5333
2012-04-20 23:00:00,122.382576
2012-04-21 00:00:00,126.65139
2012-04-21 01:00:00,126.65139
2012-04-21 02:00:00,103.06281
2012-04-21 03:00:00,113.45391
2012-04-21 04:00:00,130.63351
2012-04-21 05:00:00,130.63351
2012-04-21 06:00:00,113.45394
2012-04-21 07:00:00,128.774
2012-04-21 08:00:00,141.63246
2012-04-21 09:00:00,114.79034
2012-04-21 10:00:00,238.54802
2012-04-21 11:00:00,248.11418
2012-04-21 12:00:00,259.8793
2012-04-21 13:00:00,274.4707
2012-04-21 14:00:00,365.54956
2012-04-21 15:00:00,433.6351
2012-04-21 16:00:00,409.76083
2012-04-21 17:00:00,523.1818
2012-04-21 18:00:00,346.43655
2012-04-21 19:00:00,196.65804
2012-04-21 20:00:00,118.49712
2012-04-21 21:00:00,118.10525
2012-04-21 22:00:00,118.1452
2012-04-21 23:00:00,102.41132
2012-04-22 00:00:00,110.748695
2012-04-22 01:00:00,102.20916
2012-04-22 02:00:00,140.50372
2012-04-22 03:00:00,98.11316
2012-04-22 04:00:00,105.39706
2012-04-22 05:00:00,107.05432
2012-04-22 06:00:00,124.85791
2012-04-22 07:00:00,97.65278
2012-04-22 08:00:00,74.21485
2012-04-22 09:00:00,74.21485
2012-04-22 10:00:00,68.36143
2012-04-22 11:00:00,59.327324
2012-04-22 12:00:00,62.092594
2012-04-22 13:00:00,71.466095
2012-04-22 14:00:00,62.092594
2012-04-22 15:00:00,68.47688
2012-04-22 16:00:00,74.597565
2012-04-22 17:00:00,51.94839
2012-04-22 18:00:00,51.94839
2012-04-22 19:00:00,66.50074
2012-04-22 20:00:00,52.050705
2012-04-22 21:00:00,55.75532
2012-04-22 22:00:00,52.82703
2012-04-22 23:00:00,67.98653
2012-04-23 00:00:00,68.94992
2012-04-23 01:00:00,56.230324
2012-04-23 02:00:00,60.808403
2012-04-23 03:00:00,61.82852
2012-04-23 04:00:00,54.87729
2012-04-23 05:00:00,54.87729
2012-04-23 06:00:00,57.817192
2012-04-23 07:00:00,53.46114
2012-04-23 08:00:00,62.25839
2012-04-23 09:00:00,67.82679
2012-04-23 10:00:00,75.42731
2012-04-23 11:00:00,71.990776
2012-04-23 12:00:00,67.88473
2012-04-23 13:00:00,82.27047
2012-04-23 14:00:00,104.31249
2012-04-23 15:00:00,113.52013
2012-04-23 16:00:00,55.494617
2012-04-23 17:00:00,53.61788
2012-04-23 18:00:00,72.70127
2012-04-23 19:00:00,65.8256
2012-04-23 20:00:00,72.35177
2012-04-23 21:00:00,61.678356
2012-04-23 22:00:00,72.68135
2012-04-23 23:00:00,77.504005
2012-04-24 00:00:00,81.947975
2012-04-24 01:00:00,77.73869
2012-04-24 02:00:00,72.46813
2012-04-24 03:00:00,68.02592
2012-04-24 04:00:00,68.57911
2012-04-24 05:00:00,68.57911
2012-04-24 06:00:00,71.79654
2012-04-24 07:00:00,86.73182
2012-04-24 08:00:00,109.44282
2012-04-24 09:00:00,170.20895
2012-04-24 10:00:00,182.04912
2012-04-24 11:00:00,312.22806
2012-04-24 12:00:00,345.52652
2012-04-24 13:00:00,356.40698
2012-04-24 14:00:00,360.84845
2012-04-24 15:00:00,375.00192
2012-04-24 16:00:00,277.9729
2012-04-24 17:00:00,366.93307
2012-04-24 18:00:00,262.02737
2012-04-24 19:00:00,292.57666
2012-04-24 20:00:00,329.1784
2012-04-24 21:00:00,243.74095
2012-04-24 22:00:00,235.32796
2012-04-24 23:00:00,219.69337
2012-04-25 00:00:00,196.39806
2012-04-25 01:00:00,181.44724
2012-04-25 02:00:00,84.724174
2012-04-25 03:00:00,74.24233
2012-04-25 04:00:00,81.593025
2012-04-25 05:00:00,75.79511
2012-04-25 06:00:00,75.79511
2012-04-25 07:00:00,72.49471
2012-04-25 08:00:00,79.66477
2012-04-25 09:00:00,118.17757
2012-04-25 10:00:00,233.81282
2012-04-25 11:00:00,272.15952
2012-04-25 12:00:00,322.17392
2012-04-25 13:00:00,295.20657
2012-04-25 14:00:00,363.88956
2012-04-25 15:00:00,322.70288
2012-04-25 16:00:00,313.80762
2012-04-25 17:00:00,334.77054
2012-04-25 18:00:00,339.50656
2012-04-25 19:00:00,337.95547
2012-04-25 20:00:00,293.4462
2012-04-25 21:00:00,226.3996
2012-04-25 22:00:00,137.13278
2012-04-25 23:00:00,211.9508
2012-04-26 00:00:00,127.03806
2012-04-26 01:00:00,222.3174
2012-04-26 02:00:00,192.44002
2012-04-26 03:00:00,184.62862
2012-04-26 04:00:00,160.65686
2012-04-26 05:00:00,170.61525
2012-04-26 06:00:00,168.87294
2012-04-26 07:00:00,113.57232
2012-04-26 08:00:00,121.163376
2012-04-26 09:00:00,117.53662
2012-04-26 10:00:00,117.11796
2012-04-26 11:00:00,107.76451
2012-04-26 12:00:00,129.7598
2012-04-26 13:00:00,148.14326
2012-04-26 14:00:00,158.11063
2012-04-26 15:00:00,154.38127
2012-04-26 16:00:00,149.27867
2012-04-26 17:00:00,127.41625
2012-04-26 18:00:00,158.11063
2012-04-26 19:00:00,165.22453
2012-04-26 20:00:00,139.62819
2012-04-26 21:00:00,155.6476
2012-04-26 22:00:00,130.30556
2012-04-26 23:00:00,120.44612
2012-04-27 00:00:00,209.82065
2012-04-27 01:00:00,197.64705
2012-04-27 02:00:00,189.93251
2012-04-27 03:00:00,190.14075
2012-04-27 04:00:00,200.9726
2012-04-27 05:00:00,180.18459
2012-04-27 06:00:00,191.81108
2012-04-27 07:00:00,157.91566
2012-04-27 08:00:00,124.22183
2012-04-27 09:00:00,188.41841
2012-04-27 10:00:00,213.35834
2012-04-27 11:00:00,214.11116
2012-04-27 12:00:00,238.20824
2012-04-27 13:00:00,287.19818
2012-04-27 14:00:00,261.75687
2012-04-27 15:00:00,384.67307
2012-04-27 16:00:00,298.18088
2012-04-27 17:00:00,371.76498
2012-04-27 18:00:00,352.48322
2012-04-27 19:00:00,360.34726
2012-04-27 20:00:00,258.77356
2012-04-27 21:00:00,232.30905
2012-04-27 22:00:00,212.80544
2012-04-27 23:00:00,201.34668
2012-04-28 00:00:00,163.43056
2012-04-28 01:00:00,140.61205
2012-04-28 02:00:00,155.19017
2012-04-28 03:00:00,135.94571
2012-04-28 04:00:00,134.17607
2012-04-28 05:00:00,128.28969
2012-04-28 06:00:00,143.45552
2012-04-28 07:00:00,134.17607
2012-04-28 08:00:00,195.19995
2012-04-28 09:00:00,225.12753
2012-04-28 10:00:00,204.75166
2012-04-28 11:00:00,202.56757
2012-04-28 12:00:00,176.25766
2012-04-28 13:00:00,231.82756
2012-04-28 14:00:00,251.64952
2012-04-28 15:00:00,215.40364
2012-04-28 16:00:00,277.71237
2012-04-28 17:00:00,218.62663
2012-04-28 18:00:00,185.30696
2012-04-28 19:00:00,76.39755
2012-04-28 20:00:00,66.740616
2012-04-28 21:00:00,69.06434
2012-04-28 22:00:00,73.672874
2012-04-28 23:00:00,60.51792
2012-04-29 00:00:00,65.14807
2012-04-29 01:00:00,62.193478
2012-04-29 02:00:00,48.737827
2012-04-29 03:00:00,56.005283
2012-04-29 04:00:00,56.657665
2012-04-29 05:00:00,31.121643
2012-04-29 06:00:00,36.66219
2012-04-29 07:00:00,54.95927
2012-04-29 08:00:00,60.90859
2012-04-29 09:00:00,73.123314
2012-04-29 10:00:00,76.26284
2012-04-29 11:00:00,158.90123
2012-04-29 12:00:00,201.933
2012-04-29 13:00:00,204.7624
2012-04-29 14:00:00,369.56558
2012-04-29 15:00:00,339.34305
2012-04-29 16:00:00,393.76517
2012-04-29 17:00:00,442.48416
2012-04-29 18:00:00,429.57428
2012-04-29 19:00:00,361.64163
2012-04-29 20:00:00,377.0627
2012-04-29 21:00:00,200.91992
2012-04-29 22:00:00,234.78767
2012-04-29 23:00:00,108.03657
2012-04-30 00:00:00,109.03476
2012-04-30 01:00:00,98.898186
2012-04-30 02:00:00,112.65781
2012-04-30 03:00:00,119.40858
2012-04-30 04:00:00,144.0035
2012-04-30 05:00:00,144.0035
2012-04-30 06:00:00,191.19394
2012-04-30 07:00:00,181.23772
2012-04-30 08:00:00,197.59308
2012-04-30 09:00:00,193.32674
2012-04-30 10:00:00,205.3238
2012-04-30 11:00:00,218.42856
2012-04-30 12:00:00,204.47386
2012-04-30 13:00:00,205.8253
2012-04-30 14:00:00,205.57729
2012-04-30 15:00:00,204.8653
2012-04-30 16:00:00,231.36992
2012-04-30 17:00:00,214.15846
2012-04-30 18:00:00,227.51587
2012-04-30 19:00:00,199.83748
2012-04-30 20:00:00,210.75749
2012-04-30 21:00:00,210.75749
2012-04-30 22:00:00,218.636
2012-04-30 23:00:00,222.99248
2012-05-20 00:00:00,214.26329
2012-05-20 01:00:00,249.48976
2012-05-20 02:00:00,249.48976
2012-05-20 03:00:00,155.59505
2012-05-20 04:00:00,104.43173
2012-05-20 05:00:00,97.54385
2012-05-20 06:00:00,112.67738
2012-05-20 07:00:00,133.89995
2012-05-20 08:00:00,169.00595
2012-05-20 09:00:00,425.88312
2012-05-20 10:00:00,459.39636
2012-05-20 11:00:00,467.55655
2012-05-20 12:00:00,476.59995
2012-05-20 13:00:00,455.86768
2012-05-20 14:00:00,471.6547
2012-05-20 15:00:00,448.62622
2012-05-20 16:00:00,431.30087
2012-05-20 17:00:00,387.78564
2012-05-20 18:00:00,308.54843
2012-05-20 19:00:00,262.5003
2012-05-20 20:00:00,262.5003
2012-05-20 21:00:00,245.69394
2012-05-20 22:00:00,227.25362
2012-05-20 23:00:00,204.75493
2012-05-21 00:00:00,159.52803
2012-05-21 01:00:00,165.49648
2012-05-21 02:00:00,137.12033
2012-05-21 03:00:00,154.10141
2012-05-21 04:00:00,148.91418
2012-05-21 05:00:00,148.91418
2012-05-21 06:00:00,148.91418
2012-05-21 07:00:00,148.91418
2012-05-21 08:00:00,149.11632
2012-05-21 09:00:00,150.4001
2012-05-21 10:00:00,159.59528
2012-05-21 11:00:00,139.38939
2012-05-21 12:00:00,178.80997
2012-05-21 13:00:00,169.32108
2012-05-21 14:00:00,155.44482
2012-05-21 15:00:00,226.40547
2012-05-21 16:00:00,231.8658
2012-05-21 17:00:00,258.88937
2012-05-21 18:00:00,162.7707
2012-05-21 19:00:00,176.91576
2012-05-21 20:00:00,196.05139
2012-05-21 21:00:00,173.01591
2012-05-21 22:00:00,200.38408
2012-05-21 23:00:00,217.92142
2012-05-22 00:00:00,180.95732
2012-05-22 01:00:00,132.10886
2012-05-22 02:00:00,131.19984
2012-05-22 03:00:00,131.19984
2012-05-22 04:00:00,141.86977
2012-05-22 05:00:00,154.61148
2012-05-22 06:00:00,132.83847
2012-05-22 07:00:00,132.83847
2012-05-22 08:00:00,136.69388
2012-05-22 09:00:00,134.81035
2012-05-22 10:00:00,147.45732
2012-05-22 11:00:00,141.94963
2012-05-22 12:00:00,154.95601
2012-05-22 13:00:00,149.17293
2012-05-22 14:00:00,172.56168
2012-05-22 15:00:00,219.42946
2012-05-22 16:00:00,223.29309
2012-05-22 17:00:00,244.53021
2012-05-22 18:00:00,240.23198
2012-05-22 19:00:00,243.89134
2012-05-22 20:00:00,228.20148
2012-05-22 21:00:00,148.12209
2012-05-22 22:00:00,152.28575
2012-05-22 23:00:00,155.08977
2012-05-23 00:00:00,148.12209
2012-05-23 01:00:00,140.0254
2012-05-23 02:00:00,139.38939
2012-05-23 03:00:00,139.27747
2012-05-23 04:00:00,152.35768
2012-05-23 05:00:00,149.11632
2012-05-23 06:00:00,126.84407
2012-05-23 07:00:00,121.135475
2012-05-23 08:00:00,121.135475
2012-05-23 09:00:00,144.38304
2012-05-23 10:00:00,144.08424
2012-05-23 11:00:00,144.41281
2012-05-23 12:00:00,186.70668
2012-05-23 13:00:00,210.37448
2012-05-23 14:00:00,225.90582
2012-05-23 15:00:00,220.7708
2012-05-23 16:00:00,249.3346
2012-05-23 17:00:00,198.39456
2012-05-23 18:00:00,198.39456
2012-05-23 19:00:00,145.58249
2012-05-23 20:00:00,138.84377
2012-05-23 21:00:00,135.99298
2012-05-23 22:00:00,145.58249
2012-05-23 23:00:00,135.39046
2012-05-24 00:00:00,133.12238
2012-05-24 01:00:00,128.55827
2012-05-24 02:00:00,116.66778
2012-05-24 03:00:00,136.43076
2012-05-24 04:00:00,139.51425
2012-05-24 05:00:00,139.51425
2012-05-24 06:00:00,139.51425
2012-05-24 07:00:00,133.87837
2012-05-24 08:00:00,170.03445
2012-05-24 09:00:00,185.02931
2012-05-24 10:00:00,211.94263
2012-05-24 11:00:00,218.89114
2012-05-24 12:00:00,243.40909
2012-05-24 13:00:00,300.60025
2012-05-24 14:00:00,318.1882
2012-05-24 15:00:00,325.2049
2012-05-24 16:00:00,325.06104
2012-05-24 17:00:00,326.51276
2012-05-24 18:00:00,318.6538
2012-05-24 19:00:00,299.4116
2012-05-24 20:00:00,255.56699
2012-05-24 21:00:00,194.65948
2012-05-24 22:00:00,155.01373
2012-05-24 23:00:00,158.68063
2012-05-25 00:00:00,137.58727
2012-05-25 01:00:00,134.23143
2012-05-25 02:00:00,135.99298
2012-05-25 03:00:00,136.71861
2012-05-25 04:00:00,127.31066
2012-05-25 05:00:00,135.9626
2012-05-25 06:00:00,136.71861
2012-05-25 07:00:00,141.0106
2012-05-25 08:00:00,138.72017
2012-05-25 09:00:00,140.88411
2012-05-25 10:00:00,179.30591
2012-05-25 11:00:00,166.02095
2012-05-25 12:00:00,224.82751
2012-05-25 13:00:00,254.39577
2012-05-25 14:00:00,270.82834
2012-05-25 15:00:00,301.1998
2012-05-25 16:00:00,333.44467
2012-05-25 17:00:00,330.89865
2012-05-25 18:00:00,301.1998
2012-05-25 19:00:00,314.0674
2012-05-25 20:00:00,245.73326
2012-05-25 21:00:00,231.96098
2012-05-25 22:00:00,165.74641
2012-05-25 23:00:00,193.54097
2012-05-26 00:00:00,131.97896
2012-05-26 01:00:00,127.04952
2012-05-26 02:00:00,120.05101
2012-05-26 03:00:00,109.579704
2012-05-26 04:00:00,114.97225
2012-05-26 05:00:00,154.34111
2012-05-26 06:00:00,125.77542
2012-05-26 07:00:00,127.2113
2012-05-26 08:00:00,137.28777
2012-05-26 09:00:00,137.01175
2012-05-26 10:00:00,184.6666
2012-05-26 11:00:00,197.2578
2012-05-26 12:00:00,250.63461
2012-05-26 13:00:00,285.52353
2012-05-26 14:00:00,270.49414
2012-05-26 15:00:00,288.54465
2012-05-26 16:00:00,335.36636
2012-05-26 17:00:00,345.25858
2012-05-26 18:00:00,360.9064
2012-05-26 19:00:00,274.16556
2012-05-26 20:00:00,346.7298
2012-05-26 21:00:00,293.00186
2012-05-26 22:00:00,211.53381
2012-05-26 23:00:00,211.53381
2012-05-27 00:00:00,227.27525
2012-05-27 01:00:00,181.40526
2012-05-27 02:00:00,176.52052
2012-05-27 03:00:00,157.74127
2012-05-27 04:00:00,137.94319
2012-05-27 05:00:00,137.94319
2012-05-27 06:00:00,132.55064
2012-05-27 07:00:00,120.382904
2012-05-27 08:00:00,137.01175
2012-05-27 09:00:00,161.64514
2012-05-27 10:00:00,201.82669
2012-05-27 11:00:00,232.70428
2012-05-27 12:00:00,248.6248
2012-05-27 13:00:00,335.32724
2012-05-27 14:00:00,316.3005
2012-05-27 15:00:00,342.93967
2012-05-27 16:00:00,342.93967
2012-05-27 17:00:00,374.73615
2012-05-27 18:00:00,317.52234
2012-05-27 19:00:00,335.32724
2012-05-27 20:00:00,341.6152
2012-05-27 21:00:00,245.29271
2012-05-27 22:00:00,120.05435
2012-05-27 23:00:00,137.98457
2012-05-28 00:00:00,169.23473
2012-05-28 01:00:00,204.4417
2012-05-28 02:00:00,166.14194
2012-05-28 03:00:00,154.56403
2012-05-28 04:00:00,134.51741
2012-05-28 05:00:00,134.51741
2012-05-28 06:00:00,154.56403
2012-05-28 07:00:00,130.79109
2012-05-28 08:00:00,211.84789
2012-05-28 09:00:00,278.2593
2012-05-28 10:00:00,278.2593
2012-05-28 11:00:00,233.38086
2012-05-28 12:00:00,283.4563
2012-05-28 13:00:00,339.4957
2012-05-28 14:00:00,339.4957
2012-05-28 15:00:00,350.52478
2012-05-28 16:00:00,364.02628
2012-05-28 17:00:00,350.52478
2012-05-28 18:00:00,338.6927
2012-05-28 19:00:00,345.9294
2012-05-28 20:00:00,312.66165
2012-05-28 21:00:00,292.67374
2012-05-28 22:00:00,223.40025
2012-05-28 23:00:00,206.62683
2012-05-29 00:00:00,215.31525
2012-05-29 01:00:00,215.31525
2012-05-29 02:00:00,157.98976
2012-05-29 03:00:00,229.35703
2012-05-29 04:00:00,193.54097
2012-05-29 05:00:00,193.54097
2012-05-29 06:00:00,193.54097
2012-05-29 07:00:00,193.54097
2012-05-29 08:00:00,241.99959
2012-05-29 09:00:00,284.5118
2012-05-29 10:00:00,307.49414
2012-05-29 11:00:00,329.36618
2012-05-29 12:00:00,357.72028
2012-05-29 13:00:00,370.21094
2012-05-29 14:00:00,370.81348
2012-05-29 15:00:00,374.19437
2012-05-29 16:00:00,377.09357
2012-05-29 17:00:00,373.87234
2012-05-29 18:00:00,368.55484
2012-05-29 19:00:00,345.1386
2012-05-29 20:00:00,260.04987
2012-05-29 21:00:00,172.48161
2012-05-29 22:00:00,135.9626
2012-05-29 23:00:00,123.31584
2012-05-30 00:00:00,141.08887
2012-05-30 01:00:00,164.77519
2012-05-30 02:00:00,135.20634
2012-05-30 03:00:00,138.7143
2012-05-30 04:00:00,138.23067
2012-05-30 05:00:00,160.15056
2012-05-30 06:00:00,148.80327
2012-05-30 07:00:00,190.12643
2012-05-30 08:00:00,203.43279
2012-05-30 09:00:00,239.4527
2012-05-30 10:00:00,241.48344
2012-05-30 11:00:00,259.15726
2012-05-30 12:00:00,228.32336
2012-05-30 13:00:00,234.15938
2012-05-30 14:00:00,307.7878
2012-05-30 15:00:00,298.42554
2012-05-30 16:00:00,305.54138
2012-05-30 17:00:00,291.23776
2012-05-30 18:00:00,311.04907
2012-05-30 19:00:00,300.60025
2012-05-30 20:00:00,205.17195
2012-05-30 21:00:00,241.44484
2012-05-30 22:00:00,185.61049
2012-05-30 23:00:00,201.50174
2012-05-31 00:00:00,196.05139
2012-05-31 01:00:00,169.96724
2012-05-31 02:00:00,185.85852
2012-05-31 03:00:00,173.01591
2012-05-31 04:00:00,144.74098
2012-05-31 05:00:00,246.19313
2012-05-31 06:00:00,212.4417
2012-05-31 07:00:00,257.11786
2012-05-31 08:00:00,283.73236
2012-05-31 09:00:00,305.80682
2012-05-31 10:00:00,357.58426
2012-05-31 11:00:00,336.71854
2012-05-31 12:00:00,331.6016
2012-05-31 13:00:00,319.12595
2012-05-31 14:00:00,348.64282
2012-05-31 15:00:00,354.87466
2012-05-31 16:00:00,356.70874
2012-05-31 17:00:00,341.5647
2012-05-31 18:00:00,345.30664
2012-05-31 19:00:00,328.71848
2012-05-31 20:00:00,307.0984
2012-05-31 21:00:00,307.0984
2012-05-31 22:00:00,291.7138
2012-05-31 23:00:00,298.69287
2012-06-20 00:00:00,215.31525
2012-06-20 01:00:00,194.25061
2012-06-20 02:00:00,148.40256
2012-06-20 03:00:00,145.70163
2012-06-20 04:00:00,142.45834
2012-06-20 05:00:00,142.45834
2012-06-20 06:00:00,137.96414
2012-06-20 07:00:00,137.75069
2012-06-20 08:00:00,180.83179
2012-06-20 09:00:00,168.50034
2012-06-20 10:00:00,332.13712
2012-06-20 11:00:00,356.52966
2012-06-20 12:00:00,358.0422
2012-06-20 13:00:00,342.79694
2012-06-20 14:00:00,379.19772
2012-06-20 15:00:00,355.67728
2012-06-20 16:00:00,362.07217
2012-06-20 17:00:00,389.14758
2012-06-20 18:00:00,389.14737
2012-06-20 19:00:00,392.5589
2012-06-20 20:00:00,376.2231
2012-06-20 21:00:00,328.53918
2012-06-20 22:00:00,329.25656
2012-06-20 23:00:00,280.32556
2012-06-21 00:00:00,205.22874
2012-06-21 01:00:00,185.55054
2012-06-21 02:00:00,171.22337
2012-06-21 03:00:00,156.3687
2012-06-21 04:00:00,151.42334
2012-06-21 05:00:00,152.05995
2012-06-21 06:00:00,156.14734
2012-06-21 07:00:00,156.14734
2012-06-21 08:00:00,157.97778
2012-06-21 09:00:00,335.16373
2012-06-21 10:00:00,330.8694
2012-06-21 11:00:00,353.9008
2012-06-21 12:00:00,396.21176
2012-06-21 13:00:00,343.89554
2012-06-21 14:00:00,372.63364
2012-06-21 15:00:00,398.54727
2012-06-21 16:00:00,380.7554
2012-06-21 17:00:00,328.11212
2012-06-21 18:00:00,370.28595
2012-06-21 19:00:00,389.3267
2012-06-21 20:00:00,363.2496
2012-06-21 21:00:00,345.1246
2012-06-21 22:00:00,324.84915
2012-06-21 23:00:00,305.75937
2012-06-22 00:00:00,248.0663
2012-06-22 01:00:00,254.34177
2012-06-22 02:00:00,157.9901
2012-06-22 03:00:00,157.9901
2012-06-22 04:00:00,205.14948
2012-06-22 05:00:00,243.10454
2012-06-22 06:00:00,187.38014
2012-06-22 07:00:00,297.186
2012-06-22 08:00:00,298.78
2012-06-22 09:00:00,323.36307
2012-06-22 10:00:00,352.66403
2012-06-22 11:00:00,331.64084
2012-06-22 12:00:00,338.9435
2012-06-22 13:00:00,389.3267
2012-06-22 14:00:00,389.3267
2012-06-22 15:00:00,426.51434
2012-06-22 16:00:00,406.53574
2012-06-22 17:00:00,360.10672
2012-06-22 18:00:00,346.8574
2012-06-22 19:00:00,343.495
2012-06-22 20:00:00,343.495
2012-06-22 21:00:00,265.50983
2012-06-22 22:00:00,214.42076
2012-06-22 23:00:00,150.74426
2012-06-23 00:00:00,86.60075
2012-06-23 01:00:00,116.014984
2012-06-23 02:00:00,111.305984
2012-06-23 03:00:00,101.350105
2012-06-23 04:00:00,107.58159
2012-06-23 05:00:00,111.305984
2012-06-23 06:00:00,91.24137
2012-06-23 07:00:00,97.02128
2012-06-23 08:00:00,198.52432
2012-06-23 09:00:00,282.5142
2012-06-23 10:00:00,326.16367
2012-06-23 11:00:00,424.5624
2012-06-23 12:00:00,485.6204
2012-06-23 13:00:00,456.0162
2012-06-23 14:00:00,478.81717
2012-06-23 15:00:00,492.44427
2012-06-23 16:00:00,472.66504
2012-06-23 17:00:00,450.17426
2012-06-23 18:00:00,467.984
2012-06-23 19:00:00,433.38528
2012-06-23 20:00:00,449.79062
2012-06-23 21:00:00,437.12735
2012-06-23 22:00:00,446.10788
2012-06-23 23:00:00,415.87888
2012-06-24 00:00:00,295.0176
2012-06-24 01:00:00,280.83685
2012-06-24 02:00:00,288.24756
2012-06-24 03:00:00,197.51205
2012-06-24 04:00:00,209.98149
2012-06-24 05:00:00,139.98517
2012-06-24 06:00:00,189.00755
2012-06-24 07:00:00,134.71353
2012-06-24 08:00:00,258.61093
2012-06-24 09:00:00,311.74033
2012-06-24 10:00:00,482.68045
2012-06-24 11:00:00,459.66055
2012-06-24 12:00:00,468.54486
2012-06-24 13:00:00,489.31985
2012-06-24 14:00:00,482.36508
2012-06-24 15:00:00,448.29337
2012-06-24 16:00:00,466.77518
2012-06-24 17:00:00,475.0267
2012-06-24 18:00:00,476.79117
2012-06-24 19:00:00,508.78653
2012-06-24 20:00:00,467.43454
2012-06-24 21:00:00,346.77753
2012-06-24 22:00:00,279.01913
2012-06-24 23:00:00,259.4951
2012-06-25 00:00:00,310.53757
2012-06-25 01:00:00,285.9147
2012-06-25 02:00:00,270.1063
2012-06-25 03:00:00,279.34836
2012-06-25 04:00:00,198.54918
2012-06-25 05:00:00,199.40776
2012-06-25 06:00:00,146.54282
2012-06-25 07:00:00,234.90779
2012-06-25 08:00:00,243.97235
2012-06-25 09:00:00,277.7476
2012-06-25 10:00:00,306.85953
2012-06-25 11:00:00,371.71213
2012-06-25 12:00:00,332.2342
2012-06-25 13:00:00,321.88235
2012-06-25 14:00:00,350.25418
2012-06-25 15:00:00,450.5317
2012-06-25 16:00:00,403.23907
2012-06-25 17:00:00,447.26147
2012-06-25 18:00:00,440.9528
2012-06-25 19:00:00,442.6332
2012-06-25 20:00:00,431.43948
2012-06-25 21:00:00,360.1367
2012-06-25 22:00:00,389.9416
2012-06-25 23:00:00,354.4006
2012-06-26 00:00:00,350.7546
2012-06-26 01:00:00,377.7178
2012-06-26 02:00:00,253.83195
2012-06-26 03:00:00,241.84555
2012-06-26 04:00:00,241.56398
2012-06-26 05:00:00,218.84718
2012-06-26 06:00:00,225.5612
2012-06-26 07:00:00,211.92143
2012-06-26 08:00:00,242.87604
2012-06-26 09:00:00,264.9124
2012-06-26 10:00:00,329.4672
2012-06-26 11:00:00,398.35147
2012-06-26 12:00:00,416.16666
2012-06-26 13:00:00,432.94397
2012-06-26 14:00:00,432.94397
2012-06-26 15:00:00,438.7668
2012-06-26 16:00:00,451.21454
2012-06-26 17:00:00,418.0089
2012-06-26 18:00:00,376.98462
2012-06-26 19:00:00,359.52823
2012-06-26 20:00:00,345.3721
2012-06-26 21:00:00,331.50858
2012-06-26 22:00:00,331.21133
2012-06-26 23:00:00,294.92465
2012-06-27 00:00:00,310.95212
2012-06-27 01:00:00,299.68677
2012-06-27 02:00:00,267.72607
2012-06-27 03:00:00,270.40234
2012-06-27 04:00:00,303.1438
2012-06-27 05:00:00,294.44882
2012-06-27 06:00:00,257.4325
2012-06-27 07:00:00,300.0467
2012-06-27 08:00:00,296.40182
2012-06-27 09:00:00,339.79294
2012-06-27 10:00:00,340.19327
2012-06-27 11:00:00,364.3706
2012-06-27 12:00:00,367.6984
2012-06-27 13:00:00,389.156
2012-06-27 14:00:00,392.38916
2012-06-27 15:00:00,447.57523
2012-06-27 16:00:00,434.57498
2012-06-27 17:00:00,401.41214
2012-06-27 18:00:00,389.156
2012-06-27 19:00:00,375.5425
2012-06-27 20:00:00,351.09332
2012-06-27 21:00:00,318.68796
2012-06-27 22:00:00,299.80844
2012-06-27 23:00:00,290.71042
2012-06-28 00:00:00,272.8716
2012-06-28 01:00:00,223.29984
2012-06-28 02:00:00,270.09305
2012-06-28 03:00:00,270.09305
2012-06-28 04:00:00,232.1774
2012-06-28 05:00:00,250.13795
2012-06-28 06:00:00,250.13795
2012-06-28 07:00:00,232.1774
2012-06-28 08:00:00,280.0459
2012-06-28 09:00:00,292.1123
2012-06-28 10:00:00,315.72745
2012-06-28 11:00:00,362.49902
2012-06-28 12:00:00,400.1045
2012-06-28 13:00:00,396.18924
2012-06-28 14:00:00,414.0509
2012-06-28 15:00:00,414.0509
2012-06-28 16:00:00,395.64554
2012-06-28 17:00:00,397.68216
2012-06-28 18:00:00,393.33395
2012-06-28 19:00:00,400.4215
2012-06-28 20:00:00,365.9529
2012-06-28 21:00:00,314.91208
2012-06-28 22:00:00,311.45926
2012-06-28 23:00:00,299.5521
2012-06-29 00:00:00,299.5521
2012-06-29 01:00:00,302.8423
2012-06-29 02:00:00,298.0259
2012-06-29 03:00:00,298.0259
2012-06-29 04:00:00,258.53558
2012-06-29 05:00:00,242.29845
2012-06-29 06:00:00,288.95718
2012-06-29 07:00:00,242.29845
2012-06-29 08:00:00,296.98337
2012-06-29 09:00:00,306.85953
2012-06-29 10:00:00,417.77826
2012-06-29 11:00:00,425.5059
2012-06-29 12:00:00,432.74185
2012-06-29 13:00:00,410.63144
2012-06-29 14:00:00,432.07114
2012-06-29 15:00:00,374.85583
2012-06-29 16:00:00,374.85583
2012-06-29 17:00:00,434.38287
2012-06-29 18:00:00,309.0925
2012-06-29 19:00:00,388.98828
2012-06-29 20:00:00,421.10855
2012-06-29 21:00:00,375.65598
2012-06-29 22:00:00,371.0881
2012-06-29 23:00:00,371.0881
2012-06-30 00:00:00,106.44925
2012-06-30 01:00:00,132.0592
2012-06-30 02:00:00,86.76204
2012-06-30 03:00:00,86.76204
2012-06-30 04:00:00,67.45373
2012-06-30 05:00:00,88.74081
2012-06-30 06:00:00,88.74081
2012-06-30 07:00:00,88.74081
2012-06-30 08:00:00,88.74081
2012-06-30 09:00:00,88.74081
2012-06-30 10:00:00,460.66553
2012-06-30 11:00:00,460.66553
2012-06-30 12:00:00,460.66553
2012-06-30 13:00:00,460.66553
2012-06-30 14:00:00,460.66553
2012-06-30 15:00:00,460.66553
2012-06-30 16:00:00,425.4924
2012-06-30 17:00:00,427.3671
2012-06-30 18:00:00,461.6886
2012-06-30 19:00:00,511.7995
2012-06-30 20:00:00,382.3313
2012-06-30 21:00:00,382.3313
2012-06-30 22:00:00,299.20428
2012-06-30 23:00:00,260.33432
2012-07-20 00:00:00,143.3796
2012-07-20 01:00:00,114.627945
2012-07-20 02:00:00,127.20221
2012-07-20 03:00:00,126.14982
2012-07-20 04:00:00,122.28869
2012-07-20 05:00:00,124.11553
2012-07-20 06:00:00,122.28869
2012-07-20 07:00:00,121.34656
2012-07-20 08:00:00,168.09125
2012-07-20 09:00:00,185.84045
2012-07-20 10:00:00,206.70387
2012-07-20 11:00:00,273.461
2012-07-20 12:00:00,182.87433
2012-07-20 13:00:00,156.4698
2012-07-20 14:00:00,192.20671
2012-07-20 15:00:00,233.4574
2012-07-20 16:00:00,213.13126
2012-07-20 17:00:00,198.15639
2012-07-20 18:00:00,211.93353
2012-07-20 19:00:00,185.58705
2012-07-20 20:00:00,188.87299
2012-07-20 21:00:00,180.78638
2012-07-20 22:00:00,139.81718
2012-07-20 23:00:00,183.56038
2012-07-21 00:00:00,185.13086
2012-07-21 01:00:00,151.11906
2012-07-21 02:00:00,144.07417
2012-07-21 03:00:00,144.13002
2012-07-21 04:00:00,141.40485
2012-07-21 05:00:00,141.44592
2012-07-21 06:00:00,141.44592
2012-07-21 07:00:00,124.788
2012-07-21 08:00:00,141.44707
2012-07-21 09:00:00,99.375145
2012-07-21 10:00:00,141.44592
2012-07-21 11:00:00,145.5895
2012-07-21 12:00:00,153.89865
2012-07-21 13:00:00,111.607475
2012-07-21 14:00:00,118.70861
2012-07-21 15:00:00,144.13002
2012-07-21 16:00:00,110.44192
2012-07-21 17:00:00,96.34616
2012-07-21 18:00:00,90.12075
2012-07-21 19:00:00,86.35717
2012-07-21 20:00:00,96.34616
2012-07-21 21:00:00,86.35717
2012-07-21 22:00:00,82.58141
2012-07-21 23:00:00,75.97222
2012-07-22 00:00:00,82.58141
2012-07-22 01:00:00,86.35717
2012-07-22 02:00:00,82.58141
2012-07-22 03:00:00,82.58141
2012-07-22 04:00:00,66.02554
2012-07-22 05:00:00,66.02554
2012-07-22 06:00:00,101.36515
2012-07-22 07:00:00,103.76098
2012-07-22 08:00:00,132.556
2012-07-22 09:00:00,199.01593
2012-07-22 10:00:00,182.51125
2012-07-22 11:00:00,182.51125
2012-07-22 12:00:00,174.80287
2012-07-22 13:00:00,209.29768
2012-07-22 14:00:00,212.73807
2012-07-22 15:00:00,212.73807
2012-07-22 16:00:00,219.93489
2012-07-22 17:00:00,270.80023
2012-07-22 18:00:00,250.96553
2012-07-22 19:00:00,198.14496
2012-07-22 20:00:00,152.03117
2012-07-22 21:00:00,129.70355
2012-07-22 22:00:00,165.45844
2012-07-22 23:00:00,119.17979
2012-07-23 00:00:00,113.6895
2012-07-23 01:00:00,119.03735
2012-07-23 02:00:00,115.01255
2012-07-23 03:00:00,115.01255
2012-07-23 04:00:00,116.97465
2012-07-23 05:00:00,116.97465
2012-07-23 06:00:00,144.15868
2012-07-23 07:00:00,151.61908
2012-07-23 08:00:00,171.22337
2012-07-23 09:00:00,239.95676
2012-07-23 10:00:00,238.6156
2012-07-23 11:00:00,338.52347
2012-07-23 12:00:00,338.52347
2012-07-23 13:00:00,322.34814
2012-07-23 14:00:00,327.18536
2012-07-23 15:00:00,335.16373
2012-07-23 16:00:00,328.94925
2012-07-23 17:00:00,328.94925
2012-07-23 18:00:00,325.45975
2012-07-23 19:00:00,351.07925
2012-07-23 20:00:00,301.2362
2012-07-23 21:00:00,308.9383
2012-07-23 22:00:00,296.8733
2012-07-23 23:00:00,268.8461
2012-07-24 00:00:00,200.06792
2012-07-24 01:00:00,172.08533
2012-07-24 02:00:00,126.3881
2012-07-24 03:00:00,126.3881
2012-07-24 04:00:00,133.80179
2012-07-24 05:00:00,133.03995
2012-07-24 06:00:00,129.26358
2012-07-24 07:00:00,222.61543
2012-07-24 08:00:00,272.67593
2012-07-24 09:00:00,301.93512
2012-07-24 10:00:00,370.8878
2012-07-24 11:00:00,372.46225
2012-07-24 12:00:00,363.5756
2012-07-24 13:00:00,376.80124
2012-07-24 14:00:00,373.53647
2012-07-24 15:00:00,378.0081
2012-07-24 16:00:00,362.65497
2012-07-24 17:00:00,358.0864
2012-07-24 18:00:00,322.25208
2012-07-24 19:00:00,301.2362
2012-07-24 20:00:00,274.99814
2012-07-24 21:00:00,302.3956
2012-07-24 22:00:00,309.42337
2012-07-24 23:00:00,312.26312
2012-07-25 00:00:00,311.7889
2012-07-25 01:00:00,291.76675
2012-07-25 02:00:00,287.06738
2012-07-25 03:00:00,273.43472
2012-07-25 04:00:00,267.21402
2012-07-25 05:00:00,240.20569
2012-07-25 06:00:00,259.4177
2012-07-25 07:00:00,290.207
2012-07-25 08:00:00,330.43564
2012-07-25 09:00:00,360.30792
2012-07-25 10:00:00,292.13965
2012-07-25 11:00:00,296.98508
2012-07-25 12:00:00,296.98508
2012-07-25 13:00:00,348.59927
2012-07-25 14:00:00,351.26346
2012-07-25 15:00:00,328.12463
2012-07-25 16:00:00,359.4698
2012-07-25 17:00:00,309.25397
2012-07-25 18:00:00,356.41306
2012-07-25 19:00:00,329.5585
2012-07-25 20:00:00,315.41193
2012-07-25 21:00:00,299.17996
2012-07-25 22:00:00,276.944
2012-07-25 23:00:00,291.41965
2012-07-26 00:00:00,265.5066
2012-07-26 01:00:00,273.43472
2012-07-26 02:00:00,273.08917
2012-07-26 03:00:00,263.24887
2012-07-26 04:00:00,217.5315
2012-07-26 05:00:00,217.5315
2012-07-26 06:00:00,198.54918
2012-07-26 07:00:00,277.38925
2012-07-26 08:00:00,273.99625
2012-07-26 09:00:00,242.98236
2012-07-26 10:00:00,291.9524
2012-07-26 11:00:00,341.31656
2012-07-26 12:00:00,370.17673
2012-07-26 13:00:00,391.0742
2012-07-26 14:00:00,405.1636
2012-07-26 15:00:00,431.74942
2012-07-26 16:00:00,445.76062
2012-07-26 17:00:00,428.27856
2012-07-26 18:00:00,439.304
2012-07-26 19:00:00,422.47687
2012-07-26 20:00:00,379.91116
2012-07-26 21:00:00,463.85764
2012-07-26 22:00:00,463.85764
2012-07-26 23:00:00,230.24274
2012-07-27 00:00:00,155.45004
2012-07-27 01:00:00,209.65384
2012-07-27 02:00:00,171.26567
2012-07-27 03:00:00,222.61542
2012-07-27 04:00:00,149.57571
2012-07-27 05:00:00,148.73882
2012-07-27 06:00:00,149.57571
2012-07-27 07:00:00,266.52386
2012-07-27 08:00:00,244.91711
2012-07-27 09:00:00,374.2122
2012-07-27 10:00:00,307.35867
2012-07-27 11:00:00,384.64444
2012-07-27 12:00:00,377.61594
2012-07-27 13:00:00,377.5319
2012-07-27 14:00:00,391.7486
2012-07-27 15:00:00,378.49228
2012-07-27 16:00:00,361.35654
2012-07-27 17:00:00,394.56094
2012-07-27 18:00:00,341.6351
2012-07-27 19:00:00,345.1246
2012-07-27 20:00:00,299.02966
2012-07-27 21:00:00,299.02966
2012-07-27 22:00:00,307.7585
2012-07-27 23:00:00,190.21423
2012-07-28 00:00:00,252.70107
2012-07-28 01:00:00,171.35004
2012-07-28 02:00:00,213.05885
2012-07-28 03:00:00,213.05885
2012-07-28 04:00:00,138.65804
2012-07-28 05:00:00,119.17979
2012-07-28 06:00:00,148.74628
2012-07-28 07:00:00,187.40541
2012-07-28 08:00:00,250.96553
2012-07-28 09:00:00,284.7781
2012-07-28 10:00:00,406.40735
2012-07-28 11:00:00,487.1898
2012-07-28 12:00:00,489.05197
2012-07-28 13:00:00,503.57748
2012-07-28 14:00:00,491.3104
2012-07-28 15:00:00,479.322
2012-07-28 16:00:00,480.94028
2012-07-28 17:00:00,460.98654
2012-07-28 18:00:00,517.9808
2012-07-28 19:00:00,114.67979
2012-07-28 20:00:00,124.00148
2012-07-28 21:00:00,113.01284
2012-07-28 22:00:00,113.01284
2012-07-28 23:00:00,102.439644
2012-07-29 00:00:00,90.182396
2012-07-29 01:00:00,103.064354
2012-07-29 02:00:00,122.00294
2012-07-29 03:00:00,188.59348
2012-07-29 04:00:00,155.62495
2012-07-29 05:00:00,114.738365
2012-07-29 06:00:00,121.2512
2012-07-29 07:00:00,203.82115
2012-07-29 08:00:00,242.77315
2012-07-29 09:00:00,290.68756
2012-07-29 10:00:00,269.9861
2012-07-29 11:00:00,346.77753
2012-07-29 12:00:00,375.04608
2012-07-29 13:00:00,431.04117
2012-07-29 14:00:00,452.17255
2012-07-29 15:00:00,461.54434
2012-07-29 16:00:00,461.54434
2012-07-29 17:00:00,468.1793
2012-07-29 18:00:00,521.1639
2012-07-29 19:00:00,322.70148
2012-07-29 20:00:00,219.93489
2012-07-29 21:00:00,187.40541
2012-07-29 22:00:00,148.74628
2012-07-29 23:00:00,212.69339
2012-07-30 00:00:00,169.28067
2012-07-30 01:00:00,151.55614
2012-07-30 02:00:00,147.92549
2012-07-30 03:00:00,141.35509
2012-07-30 04:00:00,141.35509
2012-07-30 05:00:00,133.03995
2012-07-30 06:00:00,126.3881
2012-07-30 07:00:00,153.4038
2012-07-30 08:00:00,211.15306
2012-07-30 09:00:00,165.7516
2012-07-30 10:00:00,311.96356
2012-07-30 11:00:00,320.4614
2012-07-30 12:00:00,302.31833
2012-07-30 13:00:00,331.64084
2012-07-30 14:00:00,347.8162
2012-07-30 15:00:00,355.8903
2012-07-30 16:00:00,363.9915
2012-07-30 17:00:00,327.389
2012-07-30 18:00:00,324.23532
2012-07-30 19:00:00,337.0505
2012-07-30 20:00:00,285.80035
2012-07-30 21:00:00,266.52386
2012-07-30 22:00:00,272.47885
2012-07-30 23:00:00,238.35579
2012-07-31 00:00:00,158.50395
2012-07-31 01:00:00,129.26358
2012-07-31 02:00:00,129.2636
2012-07-31 03:00:00,133.80177
2012-07-31 04:00:00,133.80179
2012-07-31 05:00:00,126.3881
2012-07-31 06:00:00,114.64269
2012-07-31 07:00:00,175.89183
2012-07-31 08:00:00,171.26569
2012-07-31 09:00:00,209.65384
2012-07-31 10:00:00,165.29489
2012-07-31 11:00:00,229.7099
2012-07-31 12:00:00,294.98727
2012-07-31 13:00:00,359.13403
2012-07-31 14:00:00,359.13403
2012-07-31 15:00:00,284.2531
2012-07-31 16:00:00,323.36307
2012-07-31 17:00:00,332.78445
2012-07-31 18:00:00,337.16653
2012-07-31 19:00:00,295.0432
2012-07-31 20:00:00,265.41898
2012-07-31 21:00:00,187.59595
2012-07-31 22:00:00,259.14545
2012-07-31 23:00:00,149.09781
2012-08-20 00:00:00,129.35936
2012-08-20 01:00:00,110.99764
2012-08-20 02:00:00,110.99764
2012-08-20 03:00:00,97.46201
2012-08-20 04:00:00,130.11752
2012-08-20 05:00:00,137.36661
2012-08-20 06:00:00,156.85847
2012-08-20 07:00:00,160.57863
2012-08-20 08:00:00,171.47098
2012-08-20 09:00:00,151.08449
2012-08-20 10:00:00,189.70512
2012-08-20 11:00:00,211.23936
2012-08-20 12:00:00,246.61351
2012-08-20 13:00:00,276.944
2012-08-20 14:00:00,298.09662
2012-08-20 15:00:00,319.47855
2012-08-20 16:00:00,319.47855
2012-08-20 17:00:00,306.0669
2012-08-20 18:00:00,206.5472
2012-08-20 19:00:00,199.26373
2012-08-20 20:00:00,183.56038
2012-08-20 21:00:00,113.50593
2012-08-20 22:00:00,137.36661
2012-08-20 23:00:00,137.36661
2012-08-21 00:00:00,130.11752
2012-08-21 01:00:00,127.84311
2012-08-21 02:00:00,164.25056
2012-08-21 03:00:00,85.4738
2012-08-21 04:00:00,85.4738
2012-08-21 05:00:00,99.2253
2012-08-21 06:00:00,100.75313
2012-08-21 07:00:00,135.12433
2012-08-21 08:00:00,134.55246
2012-08-21 09:00:00,146.98038
2012-08-21 10:00:00,231.78546
2012-08-21 11:00:00,229.36877
2012-08-21 12:00:00,278.27277
2012-08-21 13:00:00,288.8727
2012-08-21 14:00:00,308.2284
2012-08-21 15:00:00,291.89346
2012-08-21 16:00:00,291.89346
2012-08-21 17:00:00,331.85574
2012-08-21 18:00:00,312.45074
2012-08-21 19:00:00,187.01172
2012-08-21 20:00:00,145.67444
2012-08-21 21:00:00,145.67444
2012-08-21 22:00:00,143.65562
2012-08-21 23:00:00,122.465965
2012-08-22 00:00:00,118.669685
2012-08-22 01:00:00,142.71214
2012-08-22 02:00:00,142.71214
2012-08-22 03:00:00,142.71214
2012-08-22 04:00:00,109.04887
2012-08-22 05:00:00,140.47939
2012-08-22 06:00:00,144.36842
2012-08-22 07:00:00,142.71214
2012-08-22 08:00:00,150.14691
2012-08-22 09:00:00,150.83887
2012-08-22 10:00:00,234.02592
2012-08-22 11:00:00,256.0658
2012-08-22 12:00:00,245.51715
2012-08-22 13:00:00,296.86966
2012-08-22 14:00:00,302.07526
2012-08-22 15:00:00,304.7019
2012-08-22 16:00:00,314.53494
2012-08-22 17:00:00,314.53494
2012-08-22 18:00:00,264.72238
2012-08-22 19:00:00,150.74426
2012-08-22 20:00:00,215.91537
2012-08-22 21:00:00,145.67444
2012-08-22 22:00:00,145.67444
2012-08-22 23:00:00,125.56275
2012-08-23 00:00:00,143.65562
2012-08-23 01:00:00,122.465965
2012-08-23 02:00:00,122.46592
2012-08-23 03:00:00,119.660255
2012-08-23 04:00:00,122.465965
2012-08-23 05:00:00,122.465965
2012-08-23 06:00:00,109.356865
2012-08-23 07:00:00,137.32121
2012-08-23 08:00:00,164.2202
2012-08-23 09:00:00,155.65887
2012-08-23 10:00:00,262.4246
2012-08-23 11:00:00,294.0911
2012-08-23 12:00:00,295.0308
2012-08-23 13:00:00,327.00015
2012-08-23 14:00:00,337.36902
2012-08-23 15:00:00,313.09247
2012-08-23 16:00:00,312.80316
2012-08-23 17:00:00,333.78952
2012-08-23 18:00:00,323.82864
2012-08-23 19:00:00,283.221
2012-08-23 20:00:00,242.29845
2012-08-23 21:00:00,260.79333
2012-08-23 22:00:00,251.94276
2012-08-23 23:00:00,152.36252
2012-08-24 00:00:00,152.36252
2012-08-24 01:00:00,149.78989
2012-08-24 02:00:00,148.2584
2012-08-24 03:00:00,145.67444
2012-08-24 04:00:00,149.78989
2012-08-24 05:00:00,143.65562
2012-08-24 06:00:00,144.47592
2012-08-24 07:00:00,147.22044
2012-08-24 08:00:00,150.74426
2012-08-24 09:00:00,222.03336
2012-08-24 10:00:00,283.07718
2012-08-24 11:00:00,308.96176
2012-08-24 12:00:00,311.38876
2012-08-24 13:00:00,330.8441
2012-08-24 14:00:00,310.50934
2012-08-24 15:00:00,316.39557
2012-08-24 16:00:00,316.39557
2012-08-24 17:00:00,329.1038
2012-08-24 18:00:00,306.27292
2012-08-24 19:00:00,301.06708
2012-08-24 20:00:00,293.74
2012-08-24 21:00:00,288.95718
2012-08-24 22:00:00,194.96318
2012-08-24 23:00:00,200.47845
2012-08-25 00:00:00,258.14957
2012-08-25 01:00:00,209.8743
2012-08-25 02:00:00,141.70636
2012-08-25 03:00:00,141.8726
2012-08-25 04:00:00,160.1528
2012-08-25 05:00:00,141.25047
2012-08-25 06:00:00,116.39743
2012-08-25 07:00:00,114.345345
2012-08-25 08:00:00,184.47673
2012-08-25 09:00:00,223.109
2012-08-25 10:00:00,249.5527
2012-08-25 11:00:00,288.03897
2012-08-25 12:00:00,402.6888
2012-08-25 13:00:00,424.46298
2012-08-25 14:00:00,235.947
2012-08-25 15:00:00,220.73633
2012-08-25 16:00:00,219.77924
2012-08-25 17:00:00,225.8277
2012-08-25 18:00:00,246.56975
2012-08-25 19:00:00,205.58147
2012-08-25 20:00:00,181.17888
2012-08-25 21:00:00,202.57408
2012-08-25 22:00:00,202.57408
2012-08-25 23:00:00,151.11906
2012-08-26 00:00:00,107.29171
2012-08-26 01:00:00,93.96198
2012-08-26 02:00:00,107.83617
2012-08-26 03:00:00,123.24201
2012-08-26 04:00:00,100.94294
2012-08-26 05:00:00,93.96198
2012-08-26 06:00:00,124.942024
2012-08-26 07:00:00,93.96198
2012-08-26 08:00:00,175.03966
2012-08-26 09:00:00,156.90656
2012-08-26 10:00:00,272.97867
2012-08-26 11:00:00,268.94858
2012-08-26 12:00:00,252.46931
2012-08-26 13:00:00,219.46312
2012-08-26 14:00:00,82.454926
2012-08-26 15:00:00,162.26117
2012-08-26 16:00:00,162.26117
2012-08-26 17:00:00,100.421555
2012-08-26 18:00:00,91.738655
2012-08-26 19:00:00,96.45679
2012-08-26 20:00:00,88.74081
2012-08-26 21:00:00,94.04352
2012-08-26 22:00:00,77.25572
2012-08-26 23:00:00,90.77197
2012-08-27 00:00:00,122.465965
2012-08-27 01:00:00,102.26429
2012-08-27 02:00:00,105.509056
2012-08-27 03:00:00,102.2643
2012-08-27 04:00:00,122.465965
2012-08-27 05:00:00,98.12778
2012-08-27 06:00:00,98.12778
2012-08-27 07:00:00,141.35509
2012-08-27 08:00:00,133.80179
2012-08-27 09:00:00,133.03995
2012-08-27 10:00:00,217.54063
2012-08-27 11:00:00,294.21014
2012-08-27 12:00:00,205.45403
2012-08-27 13:00:00,308.77304
2012-08-27 14:00:00,311.42844
2012-08-27 15:00:00,362.65497
2012-08-27 16:00:00,351.33905
2012-08-27 17:00:00,347.58972
2012-08-27 18:00:00,340.85855
2012-08-27 19:00:00,291.9524
2012-08-27 20:00:00,272.67593
2012-08-27 21:00:00,252.91179
2012-08-27 22:00:00,176.60149
2012-08-27 23:00:00,161.65672
2012-08-28 00:00:00,206.45824
2012-08-28 01:00:00,130.26575
2012-08-28 02:00:00,190.83655
2012-08-28 03:00:00,114.627945
2012-08-28 04:00:00,129.26358
2012-08-28 05:00:00,146.61989
2012-08-28 06:00:00,126.14982
2012-08-28 07:00:00,146.60228
2012-08-28 08:00:00,147.761
2012-08-28 09:00:00,206.70396
2012-08-28 10:00:00,310.95248
2012-08-28 11:00:00,341.12393
2012-08-28 12:00:00,363.9915
2012-08-28 13:00:00,377.763
2012-08-28 14:00:00,389.1324
2012-08-28 15:00:00,391.82678
2012-08-28 16:00:00,382.5251
2012-08-28 17:00:00,412.11728
2012-08-28 18:00:00,355.48352
2012-08-28 19:00:00,312.4644
2012-08-28 20:00:00,291.36563
2012-08-28 21:00:00,288.4266
2012-08-28 22:00:00,229.36877
2012-08-28 23:00:00,203.87541
2012-08-29 00:00:00,148.2584
2012-08-29 01:00:00,203.15335
2012-08-29 02:00:00,175.07747
2012-08-29 03:00:00,155.93028
2012-08-29 04:00:00,227.98401
2012-08-29 05:00:00,213.56268
2012-08-29 06:00:00,213.56268
2012-08-29 07:00:00,198.19592
2012-08-29 08:00:00,266.7289
2012-08-29 09:00:00,304.77133
2012-08-29 10:00:00,307.541
2012-08-29 11:00:00,278.27277
2012-08-29 12:00:00,293.33115
2012-08-29 13:00:00,287.39307
2012-08-29 14:00:00,307.97275
2012-08-29 15:00:00,333.70673
2012-08-29 16:00:00,319.25922
2012-08-29 17:00:00,354.68515
2012-08-29 18:00:00,317.2754
2012-08-29 19:00:00,299.1401
2012-08-29 20:00:00,203.87541
2012-08-29 21:00:00,265.92725
2012-08-29 22:00:00,223.29984
2012-08-29 23:00:00,200.29836
2012-08-30 00:00:00,146.98038
2012-08-30 01:00:00,149.19077
2012-08-30 02:00:00,144.36842
2012-08-30 03:00:00,144.36842
2012-08-30 04:00:00,144.36842
2012-08-30 05:00:00,144.36842
2012-08-30 06:00:00,110.99764
2012-08-30 07:00:00,145.67444
2012-08-30 08:00:00,149.55301
2012-08-30 09:00:00,200.48468
2012-08-30 10:00:00,232.42793
2012-08-30 11:00:00,307.97275
2012-08-30 12:00:00,309.51297
2012-08-30 13:00:00,296.86966
2012-08-30 14:00:00,304.7019
2012-08-30 15:00:00,331.4144
2012-08-30 16:00:00,336.22543
2012-08-30 17:00:00,374.10776
2012-08-30 18:00:00,333.54758
2012-08-30 19:00:00,304.7019
2012-08-30 20:00:00,297.186
2012-08-30 21:00:00,249.5696
2012-08-30 22:00:00,150.9349
2012-08-30 23:00:00,179.54309
2012-08-31 00:00:00,145.95226
2012-08-31 01:00:00,145.95226
2012-08-31 02:00:00,114.627945
2012-08-31 03:00:00,113.94958
2012-08-31 04:00:00,109.415375
2012-08-31 05:00:00,114.64269
2012-08-31 06:00:00,117.955086
2012-08-31 07:00:00,123.149826
2012-08-31 08:00:00,156.28012
2012-08-31 09:00:00,157.97778
2012-08-31 10:00:00,256.2552
2012-08-31 11:00:00,409.83505
2012-08-31 12:00:00,403.26736
2012-08-31 13:00:00,423.05124
2012-08-31 14:00:00,408.9389
2012-08-31 15:00:00,427.5092
2012-08-31 16:00:00,416.86826
2012-08-31 17:00:00,380.0142
2012-08-31 18:00:00,387.82578
2012-08-31 19:00:00,323.53964
2012-08-31 20:00:00,323.53964
2012-08-31 21:00:00,315.3182
2012-08-31 22:00:00,315.3182
2012-08-31 23:00:00,248.83452
2012-09-20 00:00:00,178.79277
2012-09-20 01:00:00,124.83903
2012-09-20 02:00:00,122.83346
2012-09-20 03:00:00,68.50759
2012-09-20 04:00:00,85.16004
2012-09-20 05:00:00,85.16004
2012-09-20 06:00:00,68.50759
2012-09-20 07:00:00,75.5394
2012-09-20 08:00:00,174.47424
2012-09-20 09:00:00,221.2495
2012-09-20 10:00:00,255.19936
2012-09-20 11:00:00,284.19763
2012-09-20 12:00:00,291.71732
2012-09-20 13:00:00,290.22595
2012-09-20 14:00:00,299.6507
2012-09-20 15:00:00,299.98734
2012-09-20 16:00:00,292.60132
2012-09-20 17:00:00,300.90482
2012-09-20 18:00:00,279.02884
2012-09-20 19:00:00,253.88483
2012-09-20 20:00:00,221.11385
2012-09-20 21:00:00,246.96745
2012-09-20 22:00:00,132.05258
2012-09-20 23:00:00,187.38054
2012-09-21 00:00:00,140.26874
2012-09-21 01:00:00,128.89012
2012-09-21 02:00:00,128.89012
2012-09-21 03:00:00,96.66537
2012-09-21 04:00:00,90.40215
2012-09-21 05:00:00,77.74959
2012-09-21 06:00:00,96.66537
2012-09-21 07:00:00,99.12618
2012-09-21 08:00:00,145.26474
2012-09-21 09:00:00,201.0293
2012-09-21 10:00:00,274.17245
2012-09-21 11:00:00,288.18155
2012-09-21 12:00:00,280.36154
2012-09-21 13:00:00,292.1123
2012-09-21 14:00:00,306.51443
2012-09-21 15:00:00,306.19153
2012-09-21 16:00:00,299.14014
2012-09-21 17:00:00,296.60153
2012-09-21 18:00:00,287.56082
2012-09-21 19:00:00,271.7827
2012-09-21 20:00:00,241.33653
2012-09-21 21:00:00,228.34593
2012-09-21 22:00:00,213.56268
2012-09-21 23:00:00,212.38844
2012-09-22 00:00:00,186.4711
2012-09-22 01:00:00,153.59584
2012-09-22 02:00:00,93.435646
2012-09-22 03:00:00,128.43733
2012-09-22 04:00:00,128.43733
2012-09-22 05:00:00,164.87334
2012-09-22 06:00:00,147.10864
2012-09-22 07:00:00,129.47603
2012-09-22 08:00:00,198.51299
2012-09-22 09:00:00,194.06645
2012-09-22 10:00:00,231.39943
2012-09-22 11:00:00,294.58768
2012-09-22 12:00:00,359.36563
2012-09-22 13:00:00,408.13187
2012-09-22 14:00:00,448.63846
2012-09-22 15:00:00,450.0401
2012-09-22 16:00:00,408.86697
2012-09-22 17:00:00,408.86697
2012-09-22 18:00:00,359.28268
2012-09-22 19:00:00,287.95587
2012-09-22 20:00:00,340.5102
2012-09-22 21:00:00,273.98276
2012-09-22 22:00:00,273.2208
2012-09-22 23:00:00,335.35104
2012-09-23 00:00:00,525.37714
2012-09-23 01:00:00,300.77032
2012-09-23 02:00:00,409.4507
2012-09-23 03:00:00,266.9794
2012-09-23 04:00:00,282.25266
2012-09-23 05:00:00,254.31407
2012-09-23 06:00:00,232.42961
2012-09-23 07:00:00,244.90735
2012-09-23 08:00:00,235.15346
2012-09-23 09:00:00,292.72464
2012-09-23 10:00:00,456.905
2012-09-23 11:00:00,468.2291
2012-09-23 12:00:00,474.15268
2012-09-23 13:00:00,510.30582
2012-09-23 14:00:00,514.78796
2012-09-23 15:00:00,486.11636
2012-09-23 16:00:00,487.81485
2012-09-23 17:00:00,473.06143
2012-09-23 18:00:00,505.42352
2012-09-23 19:00:00,481.4493
2012-09-23 20:00:00,481.4493
2012-09-23 21:00:00,436.2273
2012-09-23 22:00:00,384.09872
2012-09-23 23:00:00,318.8348
2012-09-24 00:00:00,297.60413
2012-09-24 01:00:00,273.8597
2012-09-24 02:00:00,303.13477
2012-09-24 03:00:00,305.59073
2012-09-24 04:00:00,254.51291
2012-09-24 05:00:00,282.8644
2012-09-24 06:00:00,285.57544
2012-09-24 07:00:00,273.8597
2012-09-24 08:00:00,328.28363
2012-09-24 09:00:00,336.92557
2012-09-24 10:00:00,325.43753
2012-09-24 11:00:00,355.93738
2012-09-24 12:00:00,344.02756
2012-09-24 13:00:00,319.5066
2012-09-24 14:00:00,338.13144
2012-09-24 15:00:00,343.05624
2012-09-24 16:00:00,325.10678
2012-09-24 17:00:00,336.5096
2012-09-24 18:00:00,356.68033
2012-09-24 19:00:00,355.11942
2012-09-24 20:00:00,331.06418
2012-09-24 21:00:00,334.3802
2012-09-24 22:00:00,309.50427
2012-09-24 23:00:00,300.17114
2012-09-25 00:00:00,276.13937
2012-09-25 01:00:00,231.8734
2012-09-25 02:00:00,198.62627
2012-09-25 03:00:00,230.8241
2012-09-25 04:00:00,218.40144
2012-09-25 05:00:00,184.46782
2012-09-25 06:00:00,216.4927
2012-09-25 07:00:00,206.90573
2012-09-25 08:00:00,290.60464
2012-09-25 09:00:00,296.4679
2012-09-25 10:00:00,291.37448
2012-09-25 11:00:00,319.19098
2012-09-25 12:00:00,343.8966
2012-09-25 13:00:00,341.92377
2012-09-25 14:00:00,358.01227
2012-09-25 15:00:00,345.89835
2012-09-25 16:00:00,353.50357
2012-09-25 17:00:00,351.2568
2012-09-25 18:00:00,356.47403
2012-09-25 19:00:00,332.42282
2012-09-25 20:00:00,306.66086
2012-09-25 21:00:00,306.66086
2012-09-25 22:00:00,311.3674
2012-09-25 23:00:00,294.44272
2012-09-26 00:00:00,280.66013
2012-09-26 01:00:00,266.12485
2012-09-26 02:00:00,270.5391
2012-09-26 03:00:00,270.5391
2012-09-26 04:00:00,270.7814
2012-09-26 05:00:00,298.16284
2012-09-26 06:00:00,286.7889
2012-09-26 07:00:00,227.95622
2012-09-26 08:00:00,238.04863
2012-09-26 09:00:00,322.32162
2012-09-26 10:00:00,279.90866
2012-09-26 11:00:00,328.2148
2012-09-26 12:00:00,325.33353
2012-09-26 13:00:00,329.90753
2012-09-26 14:00:00,347.2829
2012-09-26 15:00:00,342.99786
2012-09-26 16:00:00,364.2331
2012-09-26 17:00:00,342.99786
2012-09-26 18:00:00,344.29248
2012-09-26 19:00:00,333.17154
2012-09-26 20:00:00,311.5382
2012-09-26 21:00:00,317.73337
2012-09-26 22:00:00,291.0784
2012-09-26 23:00:00,262.9443
2012-09-27 00:00:00,240.6646
2012-09-27 01:00:00,240.6646
2012-09-27 02:00:00,240.6646
2012-09-27 03:00:00,223.58086
2012-09-27 04:00:00,90.81466
2012-09-27 05:00:00,150.00093
2012-09-27 06:00:00,117.41998
2012-09-27 07:00:00,223.58092
2012-09-27 08:00:00,272.47025
2012-09-27 09:00:00,259.63824
2012-09-27 10:00:00,320.91812
2012-09-27 11:00:00,347.85846
2012-09-27 12:00:00,349.81238
2012-09-27 13:00:00,347.11218
2012-09-27 14:00:00,355.18604
2012-09-27 15:00:00,355.2248
2012-09-27 16:00:00,294.0285
2012-09-27 17:00:00,279.07925
2012-09-27 18:00:00,314.49295
2012-09-27 19:00:00,314.80222
2012-09-27 20:00:00,307.46024
2012-09-27 21:00:00,205.72118
2012-09-27 22:00:00,205.72118
2012-09-27 23:00:00,253.88805
2012-09-28 00:00:00,202.58781
2012-09-28 01:00:00,167.99811
2012-09-28 02:00:00,169.91437
2012-09-28 03:00:00,230.73889
2012-09-28 04:00:00,202.31335
2012-09-28 05:00:00,89.70581
2012-09-28 06:00:00,94.27773
2012-09-28 07:00:00,81.06669
2012-09-28 08:00:00,196.16127
2012-09-28 09:00:00,234.26118
2012-09-28 10:00:00,260.6409
2012-09-28 11:00:00,257.44693
2012-09-28 12:00:00,326.2184
2012-09-28 13:00:00,330.48465
2012-09-28 14:00:00,326.2184
2012-09-28 15:00:00,311.25937
2012-09-28 16:00:00,333.7769
2012-09-28 17:00:00,297.3104
2012-09-28 18:00:00,328.5904
2012-09-28 19:00:00,299.8419
2012-09-28 20:00:00,323.4871
2012-09-28 21:00:00,314.09705
2012-09-28 22:00:00,303.50885
2012-09-28 23:00:00,313.76016
2012-09-29 00:00:00,299.52127
2012-09-29 01:00:00,299.52127
2012-09-29 02:00:00,339.09506
2012-09-29 03:00:00,302.99142
2012-09-29 04:00:00,276.6491
2012-09-29 05:00:00,254.64978
2012-09-29 06:00:00,254.87285
2012-09-29 07:00:00,238.14958
2012-09-29 08:00:00,236.85493
2012-09-29 09:00:00,254.64978
2012-09-29 10:00:00,329.2806
2012-09-29 11:00:00,384.9635
2012-09-29 12:00:00,512.16736
2012-09-29 13:00:00,512.16736
2012-09-29 14:00:00,525.5017
2012-09-29 15:00:00,528.1199
2012-09-29 16:00:00,532.79486
2012-09-29 17:00:00,486.47232
2012-09-29 18:00:00,479.14554
2012-09-29 19:00:00,339.25735
2012-09-29 20:00:00,338.90482
2012-09-29 21:00:00,339.61105
2012-09-29 22:00:00,272.78885
2012-09-29 23:00:00,290.46875
2012-09-30 00:00:00,303.9971
2012-09-30 01:00:00,303.9971
2012-09-30 02:00:00,272.75778
2012-09-30 03:00:00,244.04388
2012-09-30 04:00:00,244.04388
2012-09-30 05:00:00,172.12328
2012-09-30 06:00:00,210.21794
2012-09-30 07:00:00,140.12816
2012-09-30 08:00:00,255.20341
2012-09-30 09:00:00,285.00858
2012-09-30 10:00:00,478.175
2012-09-30 11:00:00,533.8587
2012-09-30 12:00:00,512.16736
2012-09-30 13:00:00,532.79486
2012-09-30 14:00:00,532.79486
2012-09-30 15:00:00,517.9636
2012-09-30 16:00:00,514.31396
2012-09-30 17:00:00,503.3574
2012-09-30 18:00:00,205.11894
2012-09-30 19:00:00,250.73843
2012-09-30 20:00:00,250.73843
2012-09-30 21:00:00,227.49059
2012-09-30 22:00:00,181.0304
2012-09-30 23:00:00,216.13199
2012-10-20 00:00:00,154.43448
2012-10-20 01:00:00,216.74731
2012-10-20 02:00:00,170.7636
2012-10-20 03:00:00,167.22218
2012-10-20 04:00:00,172.12328
2012-10-20 05:00:00,108.94565
2012-10-20 06:00:00,176.0324
2012-10-20 07:00:00,108.94565
2012-10-20 08:00:00,229.40642
2012-10-20 09:00:00,285.9699
2012-10-20 10:00:00,387.67554
2012-10-20 11:00:00,400.51712
2012-10-20 12:00:00,458.26608
2012-10-20 13:00:00,488.0801
2012-10-20 14:00:00,463.95108
2012-10-20 15:00:00,446.79666
2012-10-20 16:00:00,454.72495
2012-10-20 17:00:00,501.44016
2012-10-20 18:00:00,493.92233
2012-10-20 19:00:00,446.63583
2012-10-20 20:00:00,484.2592
2012-10-20 21:00:00,379.22574
2012-10-20 22:00:00,328.2298
2012-10-20 23:00:00,265.7098
2012-10-21 00:00:00,281.33432
2012-10-21 01:00:00,220.26936
2012-10-21 02:00:00,201.03304
2012-10-21 03:00:00,178.11247
2012-10-21 04:00:00,117.298515
2012-10-21 05:00:00,178.11247
2012-10-21 06:00:00,231.26547
2012-10-21 07:00:00,231.26547
2012-10-21 08:00:00,219.18507
2012-10-21 09:00:00,286.6162
2012-10-21 10:00:00,345.25943
2012-10-21 11:00:00,373.75607
2012-10-21 12:00:00,426.41022
2012-10-21 13:00:00,496.6187
2012-10-21 14:00:00,508.10303
2012-10-21 15:00:00,445.2729
2012-10-21 16:00:00,501.44016
2012-10-21 17:00:00,480.56784
2012-10-21 18:00:00,502.72305
2012-10-21 19:00:00,475.46783
2012-10-21 20:00:00,458.58984
2012-10-21 21:00:00,269.2548
2012-10-21 22:00:00,294.93942
2012-10-21 23:00:00,299.90796
2012-10-22 00:00:00,266.35477
2012-10-22 01:00:00,204.90776
2012-10-22 02:00:00,198.98332
2012-10-22 03:00:00,266.35477
2012-10-22 04:00:00,231.99435
2012-10-22 05:00:00,174.79672
2012-10-22 06:00:00,158.38318
2012-10-22 07:00:00,211.87001
2012-10-22 08:00:00,260.02777
2012-10-22 09:00:00,291.82657
2012-10-22 10:00:00,298.57394
2012-10-22 11:00:00,354.80588
2012-10-22 12:00:00,343.23172
2012-10-22 13:00:00,344.06662
2012-10-22 14:00:00,344.80344
2012-10-22 15:00:00,342.13434
2012-10-22 16:00:00,343.61774
2012-10-22 17:00:00,342.43484
2012-10-22 18:00:00,303.90863
2012-10-22 19:00:00,331.06415
2012-10-22 20:00:00,310.6461
2012-10-22 21:00:00,286.98434
2012-10-22 22:00:00,160.7845
2012-10-22 23:00:00,151.94536
2012-10-23 00:00:00,138.29404
2012-10-23 01:00:00,229.80211
2012-10-23 02:00:00,129.15959
2012-10-23 03:00:00,210.82219
2012-10-23 04:00:00,191.27782
2012-10-23 05:00:00,190.39223
2012-10-23 06:00:00,147.55681
2012-10-23 07:00:00,231.46742
2012-10-23 08:00:00,269.74307
2012-10-23 09:00:00,279.3978
2012-10-23 10:00:00,282.22
2012-10-23 11:00:00,331.0811
2012-10-23 12:00:00,355.77664
2012-10-23 13:00:00,353.4586
2012-10-23 14:00:00,352.57034
2012-10-23 15:00:00,355.92224
2012-10-23 16:00:00,345.929
2012-10-23 17:00:00,349.53738
2012-10-23 18:00:00,334.16006
2012-10-23 19:00:00,327.96487
2012-10-23 20:00:00,315.00308
2012-10-23 21:00:00,255.9625
2012-10-23 22:00:00,284.52832
2012-10-23 23:00:00,255.84001
2012-10-24 00:00:00,254.0505
2012-10-24 01:00:00,257.11105
2012-10-24 02:00:00,257.1111
2012-10-24 03:00:00,208.03317
2012-10-24 04:00:00,208.03319
2012-10-24 05:00:00,122.504036
2012-10-24 06:00:00,153.71623
2012-10-24 07:00:00,109.46041
2012-10-24 08:00:00,197.08904
2012-10-24 09:00:00,244.24956
2012-10-24 10:00:00,250.93001
2012-10-24 11:00:00,267.37695
2012-10-24 12:00:00,320.35858
2012-10-24 13:00:00,311.2031
2012-10-24 14:00:00,364.9285
2012-10-24 15:00:00,344.2601
2012-10-24 16:00:00,334.9278
2012-10-24 17:00:00,337.13647
2012-10-24 18:00:00,343.66617
2012-10-24 19:00:00,342.41983
2012-10-24 20:00:00,329.00296
2012-10-24 21:00:00,329.74933
2012-10-24 22:00:00,327.93973
2012-10-24 23:00:00,290.65738
2012-10-25 00:00:00,326.47662
2012-10-25 01:00:00,254.8225
2012-10-25 02:00:00,203.92073
2012-10-25 03:00:00,146.47812
2012-10-25 04:00:00,139.57562
2012-10-25 05:00:00,159.02763
2012-10-25 06:00:00,143.31305
2012-10-25 07:00:00,143.31305
2012-10-25 08:00:00,206.70055
2012-10-25 09:00:00,183.39592
2012-10-25 10:00:00,209.52522
2012-10-25 11:00:00,205.94615
2012-10-25 12:00:00,252.33084
2012-10-25 13:00:00,234.0883
2012-10-25 14:00:00,282.31143
2012-10-25 15:00:00,316.35812
2012-10-25 16:00:00,311.694
2012-10-25 17:00:00,311.694
2012-10-25 18:00:00,179.74731
2012-10-25 19:00:00,195.00569
2012-10-25 20:00:00,146.47812
2012-10-25 21:00:00,146.47812
2012-10-25 22:00:00,204.1566
2012-10-25 23:00:00,209.52516
2012-10-26 00:00:00,238.37555
2012-10-26 01:00:00,134.67159
2012-10-26 02:00:00,139.57562
2012-10-26 03:00:00,159.02763
2012-10-26 04:00:00,159.02763
2012-10-26 05:00:00,139.57562
2012-10-26 06:00:00,134.67159
2012-10-26 07:00:00,139.57562
2012-10-26 08:00:00,159.02036
2012-10-26 09:00:00,159.02036
2012-10-26 10:00:00,149.09654
2012-10-26 11:00:00,268.7667
2012-10-26 12:00:00,301.991
2012-10-26 13:00:00,309.92767
2012-10-26 14:00:00,327.93973
2012-10-26 15:00:00,329.74933
2012-10-26 16:00:00,298.51205
2012-10-26 17:00:00,281.03284
2012-10-26 18:00:00,258.22702
2012-10-26 19:00:00,213.11632
2012-10-26 20:00:00,213.11623
2012-10-26 21:00:00,259.79367
2012-10-26 22:00:00,202.42384
2012-10-26 23:00:00,180.8037
2012-10-27 00:00:00,121.726234
2012-10-27 01:00:00,135.90303
2012-10-27 02:00:00,140.4687
2012-10-27 03:00:00,130.99327
2012-10-27 04:00:00,145.17
2012-10-27 05:00:00,164.20444
2012-10-27 06:00:00,164.20444
2012-10-27 07:00:00,165.00163
2012-10-27 08:00:00,187.44542
2012-10-27 09:00:00,187.44542
2012-10-27 10:00:00,230.04771
2012-10-27 11:00:00,246.06425
2012-10-27 12:00:00,436.98508
2012-10-27 13:00:00,528.1199
2012-10-27 14:00:00,516.216
2012-10-27 15:00:00,279.29636
2012-10-27 16:00:00,230.51248
2012-10-27 17:00:00,230.51248
2012-10-27 18:00:00,230.51248
2012-10-27 19:00:00,219.17844
2012-10-27 20:00:00,219.17844
2012-10-27 21:00:00,219.17844
2012-10-27 22:00:00,216.41046
2012-10-27 23:00:00,216.64021
2012-10-28 00:00:00,217.07407
2012-10-28 01:00:00,225.07278
2012-10-28 02:00:00,226.80467
2012-10-28 03:00:00,231.22408
2012-10-28 04:00:00,220.86354
2012-10-28 05:00:00,230.10823
2012-10-28 06:00:00,236.42503
2012-10-28 07:00:00,252.17802
2012-10-28 08:00:00,169.84277
2012-10-28 09:00:00,210.83232
2012-10-28 10:00:00,232.82332
2012-10-28 11:00:00,259.22763
2012-10-28 12:00:00,175.54355
2012-10-28 13:00:00,195.53613
2012-10-28 14:00:00,188.98244
2012-10-28 15:00:00,183.84167
2012-10-28 16:00:00,182.42139
2012-10-28 17:00:00,166.44128
2012-10-28 18:00:00,90.87501
2012-10-28 19:00:00,116.31027
2012-10-28 20:00:00,95.14243
2012-10-28 21:00:00,143.85326
2012-10-28 22:00:00,141.97757
2012-10-28 23:00:00,116.31027
2012-10-29 00:00:00,158.12074
2012-10-30 13:00:00,70.36445
2012-10-30 14:00:00,70.36445
2012-10-30 15:00:00,87.45692
2012-10-30 16:00:00,87.45692
2012-10-30 17:00:00,97.889885
2012-10-30 18:00:00,123.36297
2012-10-30 19:00:00,280.2628
2012-10-30 20:00:00,137.98906
2012-10-30 21:00:00,119.085
2012-10-30 22:00:00,112.28648
2012-10-30 23:00:00,112.28648
2012-10-31 00:00:00,140.06757
2012-10-31 01:00:00,137.31717
2012-10-31 02:00:00,145.01321
2012-10-31 03:00:00,140.06757
2012-10-31 04:00:00,124.79124
2012-10-31 05:00:00,145.01321
2012-10-31 06:00:00,133.83588
2012-10-31 07:00:00,124.79345
2012-10-31 08:00:00,133.24341
2012-10-31 09:00:00,137.35266
2012-10-31 10:00:00,208.7333
2012-10-31 11:00:00,222.46327
2012-10-31 12:00:00,278.1813
2012-10-31 13:00:00,282.2952
2012-10-31 14:00:00,268.9213
2012-10-31 15:00:00,304.74377
2012-10-31 16:00:00,263.09573
2012-10-31 17:00:00,280.6538
2012-10-31 18:00:00,280.6538
2012-10-31 19:00:00,270.9507
2012-10-31 20:00:00,270.9507
2012-10-31 21:00:00,270.9507
2012-10-31 22:00:00,248.9835
2012-10-31 23:00:00,263.6177
2012-11-20 00:00:00,120.357346
2012-11-20 01:00:00,159.39113
2012-11-20 02:00:00,154.2495
2012-11-20 03:00:00,167.47287
2012-11-20 04:00:00,222.77191
2012-11-20 05:00:00,165.14156
2012-11-20 06:00:00,195.6941
2012-11-20 07:00:00,136.1504
2012-11-20 08:00:00,119.74615
2012-11-20 09:00:00,226.45763
2012-11-20 10:00:00,270.73257
2012-11-20 11:00:00,278.2893
2012-11-20 12:00:00,281.32074
2012-11-20 13:00:00,292.77774
2012-11-20 14:00:00,312.0026
2012-11-20 15:00:00,322.09088
2012-11-20 16:00:00,297.61664
2012-11-20 17:00:00,222.1717
2012-11-20 18:00:00,270.73257
2012-11-20 19:00:00,239.17293
2012-11-20 20:00:00,177.20718
2012-11-20 21:00:00,193.12505
2012-11-20 22:00:00,193.12505
2012-11-20 23:00:00,130.74448
2012-11-21 00:00:00,126.52987
2012-11-21 01:00:00,130.74448
2012-11-21 02:00:00,94.730095
2012-11-21 03:00:00,94.730095
2012-11-21 04:00:00,94.730095
2012-11-21 05:00:00,94.730095
2012-11-21 06:00:00,96.48233
2012-11-21 07:00:00,93.903885
2012-11-21 08:00:00,127.189835
2012-11-21 09:00:00,136.1504
2012-11-21 10:00:00,232.24696
2012-11-21 11:00:00,297.90524
2012-11-21 12:00:00,320.92993
2012-11-21 13:00:00,334.45346
2012-11-21 14:00:00,327.181
2012-11-21 15:00:00,350.79083
2012-11-21 16:00:00,358.07376
2012-11-21 17:00:00,317.4541
2012-11-21 18:00:00,337.69873
2012-11-21 19:00:00,301.39343
2012-11-21 20:00:00,211.1976
2012-11-21 21:00:00,279.0308
2012-11-21 22:00:00,276.66632
2012-11-21 23:00:00,202.67795
2012-11-22 00:00:00,95.00118
2012-11-22 01:00:00,66.44529
2012-11-22 02:00:00,59.335476
2012-11-22 03:00:00,64.61058
2012-11-22 04:00:00,101.65362
2012-11-22 05:00:00,64.61058
2012-11-22 06:00:00,66.91515
2012-11-22 07:00:00,105.76266
2012-11-22 08:00:00,93.51293
2012-11-22 09:00:00,110.88975
2012-11-22 10:00:00,205.6614
2012-11-22 11:00:00,435.03555
2012-11-22 12:00:00,440.47397
2012-11-22 13:00:00,450.05084
2012-11-22 14:00:00,453.77386
2012-11-22 15:00:00,453.77386
2012-11-22 16:00:00,450.32007
2012-11-22 17:00:00,440.47397
2012-11-22 18:00:00,359.00204
2012-11-22 19:00:00,124.55132
2012-11-22 20:00:00,132.05148
2012-11-22 21:00:00,159.68298
2012-11-22 22:00:00,161.35658
2012-11-22 23:00:00,99.379814
2012-11-23 00:00:00,140.87227
2012-11-23 01:00:00,107.48741
2012-11-23 02:00:00,104.12269
2012-11-23 03:00:00,115.10754
2012-11-23 04:00:00,87.01725
2012-11-23 05:00:00,88.18691
2012-11-23 06:00:00,88.18691
2012-11-23 07:00:00,88.18691
2012-11-23 08:00:00,83.92942
2012-11-23 09:00:00,105.51386
2012-11-23 10:00:00,177.59605
2012-11-23 11:00:00,297.90524
2012-11-23 12:00:00,312.7144
2012-11-23 13:00:00,328.55432
2012-11-23 14:00:00,339.07205
2012-11-23 15:00:00,300.2733
2012-11-23 16:00:00,359.97336
2012-11-23 17:00:00,362.54456
2012-11-23 18:00:00,325.25467
2012-11-23 19:00:00,310.35745
2012-11-23 20:00:00,338.04922
2012-11-23 21:00:00,286.5945
2012-11-23 22:00:00,324.66672
2012-11-23 23:00:00,331.8793
2012-11-24 00:00:00,304.6437
2012-11-24 01:00:00,244.71645
2012-11-24 02:00:00,258.20615
2012-11-24 03:00:00,221.64487
2012-11-24 04:00:00,239.2892
2012-11-24 05:00:00,174.34193
2012-11-24 06:00:00,92.41371
2012-11-24 07:00:00,193.7568
2012-11-24 08:00:00,237.111
2012-11-24 09:00:00,250.51463
2012-11-24 10:00:00,139.0818
2012-11-24 11:00:00,202.41154
2012-11-24 12:00:00,274.9059
2012-11-24 13:00:00,296.0989
2012-11-24 14:00:00,278.84686
2012-11-24 15:00:00,267.1807
2012-11-24 16:00:00,259.35403
2012-11-24 17:00:00,214.10048
2012-11-24 18:00:00,249.1093
2012-11-24 19:00:00,138.70065
2012-11-24 20:00:00,92.41377
2012-11-24 21:00:00,69.50604
2012-11-24 22:00:00,80.4958
2012-11-24 23:00:00,69.50604
2012-11-25 00:00:00,38.57587
2012-11-25 01:00:00,65.82313
2012-11-25 02:00:00,119.9224
2012-11-25 03:00:00,180.4213
2012-11-25 04:00:00,180.4213
2012-11-25 05:00:00,49.50487
2012-11-25 06:00:00,76.47315
2012-11-25 07:00:00,41.897808
2012-11-25 08:00:00,46.62634
2012-11-25 09:00:00,42.15511
2012-11-25 10:00:00,52.13998
2012-11-25 11:00:00,150.8282
2012-11-25 12:00:00,150.8282
2012-11-25 13:00:00,151.56065
2012-11-25 14:00:00,204.84987
2012-11-25 15:00:00,191.78261
2012-11-25 16:00:00,216.53249
2012-11-25 17:00:00,185.36606
2012-11-25 18:00:00,121.47679
2012-11-25 19:00:00,253.28905
2012-11-25 20:00:00,90.510826
2012-11-25 21:00:00,185.44368
2012-11-25 22:00:00,90.510826
2012-11-25 23:00:00,55.685688
2012-11-26 00:00:00,94.16074
2012-11-26 01:00:00,83.079796
2012-11-26 02:00:00,83.079796
2012-11-26 03:00:00,83.079796
2012-11-26 04:00:00,94.16074
2012-11-26 05:00:00,134.22661
2012-11-26 06:00:00,94.16074
2012-11-26 07:00:00,102.95719
2012-11-26 08:00:00,102.95719
2012-11-26 09:00:00,205.24287
2012-11-26 10:00:00,270.4992
2012-11-26 11:00:00,324.59012
2012-11-26 12:00:00,345.34366
2012-11-26 13:00:00,345.34366
2012-11-26 14:00:00,321.5586
2012-11-26 15:00:00,341.95224
2012-11-26 16:00:00,335.73898
2012-11-26 17:00:00,327.2789
2012-11-26 18:00:00,265.91595
2012-11-26 19:00:00,269.1188
2012-11-26 20:00:00,276.66632
2012-11-26 21:00:00,276.66632
2012-11-26 22:00:00,202.67795
2012-11-26 23:00:00,165.43985
2012-11-27 00:00:00,170.27058
2012-11-27 01:00:00,164.14833
2012-11-27 02:00:00,202.27136
2012-11-27 03:00:00,194.34378
2012-11-27 04:00:00,127.4622
2012-11-27 05:00:00,127.52111
2012-11-27 06:00:00,157.38815
2012-11-27 07:00:00,146.4898
2012-11-27 08:00:00,150.20648
2012-11-27 09:00:00,152.59496
2012-11-27 10:00:00,152.51965
2012-11-27 11:00:00,73.00938
2012-11-27 12:00:00,62.5945
2012-11-27 13:00:00,79.67185
2012-11-27 14:00:00,66.31752
2012-11-27 15:00:00,114.48754
2012-11-27 16:00:00,114.48754
2012-11-27 17:00:00,102.032394
2012-11-27 18:00:00,102.17348
2012-11-27 19:00:00,137.28719
2012-11-27 20:00:00,114.810356
2012-11-27 21:00:00,107.9648
2012-11-27 22:00:00,118.235115
2012-11-27 23:00:00,100.14562
2012-11-28 00:00:00,107.50532
2012-11-28 01:00:00,119.420815
2012-11-28 02:00:00,119.420815
2012-11-28 03:00:00,132.84839
2012-11-28 04:00:00,142.95268
2012-11-28 05:00:00,163.25446
2012-11-28 06:00:00,151.52013
2012-11-28 07:00:00,155.63652
2012-11-28 08:00:00,139.28568
2012-11-28 09:00:00,190.56197
2012-11-28 10:00:00,275.39407
2012-11-28 11:00:00,248.3372
2012-11-28 12:00:00,233.32379
2012-11-28 13:00:00,271.293
2012-11-28 14:00:00,271.47256
2012-11-28 15:00:00,340.1388
2012-11-28 16:00:00,334.7297
2012-11-28 17:00:00,300.99417
2012-11-28 18:00:00,317.18402
2012-11-28 19:00:00,268.0007
2012-11-28 20:00:00,285.1955
2012-11-28 21:00:00,249.39789
2012-11-28 22:00:00,202.21117
2012-11-28 23:00:00,187.08546
2012-11-29 00:00:00,134.5002
2012-11-29 01:00:00,68.24052
2012-11-29 02:00:00,87.57884
2012-11-29 04:00:00,76.51055
2012-11-29 05:00:00,83.079796
2012-11-29 06:00:00,94.16074
2012-11-29 07:00:00,70.57652
2012-11-29 08:00:00,78.535164
2012-11-29 09:00:00,132.97728
2012-11-29 10:00:00,108.84669
2012-11-29 11:00:00,284.66354
2012-11-29 12:00:00,279.47464
2012-11-29 13:00:00,333.9752
2012-11-29 14:00:00,278.73026
2012-11-29 15:00:00,263.3763
2012-11-29 16:00:00,280.98395
2012-11-29 17:00:00,280.01498
2012-11-29 18:00:00,236.46764
2012-11-29 19:00:00,197.6318
2012-11-29 20:00:00,202.38692
2012-11-29 21:00:00,93.23495
2012-11-29 22:00:00,96.12731
2012-11-29 23:00:00,162.54619
2012-11-30 00:00:00,129.15366
2012-11-30 01:00:00,83.88831
2012-11-30 02:00:00,97.59648
2012-11-30 03:00:00,97.59648
2012-11-30 04:00:00,86.44456
2012-11-30 05:00:00,70.23488
2012-11-30 06:00:00,65.300766
2012-11-30 07:00:00,80.256355
2012-11-30 08:00:00,108.41003
2012-11-30 09:00:00,82.25677
2012-11-30 10:00:00,191.27663
2012-11-30 11:00:00,270.6762
2012-11-30 12:00:00,304.1694
2012-11-30 13:00:00,296.56042
2012-11-30 14:00:00,320.77573
2012-11-30 15:00:00,337.46335
2012-11-30 16:00:00,326.066
2012-11-30 17:00:00,262.92374
2012-11-30 18:00:00,265.1096
2012-11-30 19:00:00,175.16487
2012-11-30 20:00:00,175.16487
2012-11-30 21:00:00,126.355446
2012-11-30 22:00:00,130.91023
2012-11-30 23:00:00,145.56924
2012-12-20 00:00:00,176.65343
2012-12-20 01:00:00,175.16487
2012-12-20 02:00:00,175.16487
2012-12-20 03:00:00,136.34663
2012-12-20 04:00:00,136.34663
2012-12-20 05:00:00,140.05754
2012-12-20 06:00:00,191.27663
2012-12-20 07:00:00,173.16426
2012-12-20 08:00:00,173.16426
2012-12-20 09:00:00,173.16426
2012-12-20 10:00:00,193.51552
2012-12-20 11:00:00,219.5783
2012-12-20 12:00:00,257.22946
2012-12-20 13:00:00,253.14366
2012-12-20 14:00:00,263.82767
2012-12-20 15:00:00,241.67673
2012-12-20 16:00:00,191.6261
2012-12-20 17:00:00,222.77191
2012-12-20 18:00:00,207.60793
2012-12-20 19:00:00,176.576
2012-12-20 20:00:00,170.84819
2012-12-20 21:00:00,170.84819
2012-12-20 22:00:00,130.76222
2012-12-20 23:00:00,174.21712
2012-12-21 00:00:00,92.50871
2012-12-21 01:00:00,87.564156
2012-12-21 02:00:00,88.028435
2012-12-21 03:00:00,88.028435
2012-12-21 04:00:00,93.53762
2012-12-21 05:00:00,68.034386
2012-12-21 06:00:00,116.74088
2012-12-21 07:00:00,105.71026
2012-12-21 08:00:00,102.06989
2012-12-21 09:00:00,120.118546
2012-12-21 10:00:00,139.06694
2012-12-21 11:00:00,137.41084
2012-12-21 12:00:00,144.3531
2012-12-21 13:00:00,144.84904
2012-12-21 14:00:00,142.63211
2012-12-21 15:00:00,128.13736
2012-12-21 16:00:00,136.50768
2012-12-21 17:00:00,69.001076
2012-12-21 18:00:00,66.56144
2012-12-21 19:00:00,120.942604
2012-12-21 20:00:00,132.87567
2012-12-21 21:00:00,110.78049
2012-12-21 22:00:00,105.085045
2012-12-21 23:00:00,113.03599
2012-12-22 00:00:00,102.96007
2012-12-22 01:00:00,103.87834
2012-12-22 02:00:00,103.36825
2012-12-22 03:00:00,105.59667
2012-12-22 04:00:00,81.59362
2012-12-22 05:00:00,107.90009
2012-12-22 06:00:00,107.32699
2012-12-22 07:00:00,107.32699
2012-12-22 08:00:00,104.611694
2012-12-22 09:00:00,98.483406
2012-12-22 10:00:00,88.793785
2012-12-22 11:00:00,114.193535
2012-12-22 12:00:00,143.20747
2012-12-22 13:00:00,124.34853
2012-12-22 14:00:00,125.262566
2012-12-22 15:00:00,151.33516
2012-12-22 16:00:00,117.11138
2012-12-22 17:00:00,117.93423
2012-12-22 18:00:00,103.77647
2012-12-22 19:00:00,86.4134
2012-12-22 20:00:00,73.38361
2012-12-22 21:00:00,71.52648
2012-12-22 22:00:00,71.52648
2012-12-22 23:00:00,62.74538
2012-12-23 00:00:00,79.116066
2012-12-23 01:00:00,71.69286
2012-12-23 02:00:00,57.821655
2012-12-23 03:00:00,56.051212
2012-12-23 04:00:00,59.297436
2012-12-23 05:00:00,49.9408
2012-12-23 06:00:00,50.636547
2012-12-23 07:00:00,50.636547
2012-12-23 08:00:00,44.575108
2012-12-23 09:00:00,57.12074
2012-12-23 10:00:00,53.65077
2012-12-23 11:00:00,63.925556
2012-12-23 12:00:00,129.19386
2012-12-23 13:00:00,150.13812
2012-12-23 14:00:00,136.02219
2012-12-23 15:00:00,171.45425
2012-12-23 16:00:00,180.21527
2012-12-23 17:00:00,123.99194
2012-12-23 18:00:00,127.033325
2012-12-23 19:00:00,93.71218
2012-12-23 20:00:00,55.414482
2012-12-23 21:00:00,47.44161
2012-12-23 22:00:00,65.13743
2012-12-23 23:00:00,53.876698
2012-12-24 00:00:00,78.799095
2012-12-24 01:00:00,78.79909
2012-12-24 02:00:00,72.20884
2012-12-24 03:00:00,72.20884
2012-12-24 05:00:00,62.88451
2012-12-24 06:00:00,72.20884
2012-12-24 07:00:00,74.12661
2012-12-24 08:00:00,78.79909
2012-12-24 09:00:00,72.90884
2012-12-24 10:00:00,96.882385
2012-12-24 11:00:00,71.666725
2012-12-24 12:00:00,109.52139
2012-12-24 13:00:00,58.495552
2012-12-24 14:00:00,59.28392
2012-12-24 15:00:00,53.794174
2012-12-24 16:00:00,53.794174
2012-12-24 17:00:00,57.219814
2012-12-24 18:00:00,59.96969
2012-12-24 19:00:00,63.683456
2012-12-24 20:00:00,57.834484
2012-12-24 21:00:00,60.275993
2012-12-24 22:00:00,75.31061
2012-12-24 23:00:00,70.30025
2012-12-25 00:00:00,39.890884
2012-12-25 01:00:00,45.38167
2012-12-25 02:00:00,45.38167
2012-12-25 04:00:00,44.933018
2012-12-25 05:00:00,41.360096
2012-12-25 06:00:00,41.360096
2012-12-25 07:00:00,41.55525
2012-12-25 08:00:00,52.395264
2012-12-25 09:00:00,46.80171
2012-12-25 10:00:00,49.52287
2012-12-25 11:00:00,65.35172
2012-12-25 12:00:00,71.0725
2012-12-25 13:00:00,176.41228
2012-12-25 14:00:00,171.96855
2012-12-25 15:00:00,130.05771
2012-12-25 16:00:00,124.06202
2012-12-25 17:00:00,81.496765
2012-12-25 18:00:00,63.03064
2012-12-25 19:00:00,60.1508
2012-12-25 20:00:00,66.191376
2012-12-25 21:00:00,56.079563
2012-12-25 22:00:00,53.99192
2012-12-25 23:00:00,56.975597
2012-12-26 00:00:00,62.042725
2012-12-26 01:00:00,56.055725
2012-12-26 02:00:00,56.055725
2012-12-26 03:00:00,54.31695
2012-12-26 04:00:00,57.99104
2012-12-26 05:00:00,54.574265
2012-12-26 06:00:00,55.801533
2012-12-26 07:00:00,46.450413
2012-12-26 08:00:00,46.450413
2012-12-26 09:00:00,46.450413
2012-12-26 10:00:00,47.065083
2012-12-26 11:00:00,45.707413
2012-12-26 12:00:00,48.349026
2012-12-26 13:00:00,48.349026
2012-12-26 14:00:00,52.083015
2012-12-26 15:00:00,51.295055
2012-12-26 16:00:00,51.295055
2012-12-26 17:00:00,51.980824
2012-12-26 18:00:00,56.505016
2012-12-26 19:00:00,61.264397
2012-12-26 20:00:00,62.497192
2012-12-26 21:00:00,63.442528
2012-12-26 22:00:00,46.77286
2012-12-26 23:00:00,52.522335
2012-12-27 00:00:00,52.522335
2012-12-27 01:00:00,46.77286
2012-12-27 02:00:00,52.00519
2012-12-27 03:00:00,59.643154
2012-12-27 04:00:00,55.972332
2012-12-27 05:00:00,69.035065
2012-12-27 06:00:00,63.843544
2012-12-27 07:00:00,64.02905
2012-12-27 08:00:00,65.80505
2012-12-27 09:00:00,88.198616
2012-12-27 10:00:00,105.23515
2012-12-27 11:00:00,97.290276
2012-12-27 12:00:00,120.246765
2012-12-27 13:00:00,120.246765
2012-12-27 14:00:00,92.16062
2012-12-27 15:00:00,87.94697
2012-12-27 16:00:00,78.55906
2012-12-27 17:00:00,78.55906
2012-12-27 18:00:00,57.60568
2012-12-27 19:00:00,63.06533
2012-12-27 20:00:00,72.27468
2012-12-27 21:00:00,57.60568
2012-12-27 22:00:00,56.020245
2012-12-27 23:00:00,57.60568
2012-12-28 00:00:00,63.183655
2012-12-28 01:00:00,65.69409
2012-12-28 02:00:00,65.239555
2012-12-28 03:00:00,63.183655
2012-12-28 04:00:00,78.948135
2012-12-28 05:00:00,81.40829
2012-12-28 06:00:00,60.14667
2012-12-28 07:00:00,65.377266
2012-12-28 08:00:00,68.12055
2012-12-28 09:00:00,56.020245
2012-12-28 10:00:00,66.871284
2012-12-28 11:00:00,95.009995
2012-12-28 12:00:00,114.72625
2012-12-28 13:00:00,114.72625
2012-12-28 14:00:00,114.72625
2012-12-28 15:00:00,111.36327
2012-12-28 16:00:00,122.660355
2012-12-28 17:00:00,75.67759
2012-12-28 18:00:00,75.67759
2012-12-28 19:00:00,57.955547
2012-12-28 20:00:00,72.90884
2012-12-28 21:00:00,61.499542
2012-12-28 22:00:00,70.955986
2012-12-28 23:00:00,75.24327
2012-12-29 00:00:00,38.019848
2012-12-29 01:00:00,50.997486
2012-12-29 02:00:00,38.019848
2012-12-29 03:00:00,37.123028
2012-12-29 04:00:00,50.997486
2012-12-29 05:00:00,50.997486
2012-12-29 06:00:00,50.615658
2012-12-29 07:00:00,49.511272
2012-12-29 08:00:00,39.604916
2012-12-29 09:00:00,39.6049
2012-12-29 10:00:00,44.290527
2012-12-29 11:00:00,44.584343
2012-12-29 12:00:00,49.891582
2012-12-29 13:00:00,49.891582
2012-12-29 14:00:00,50.92915
2012-12-29 15:00:00,41.499973
2012-12-29 16:00:00,44.01111
2012-12-29 17:00:00,52.8013
2012-12-29 18:00:00,59.422092
2012-12-29 19:00:00,63.493267
2012-12-29 20:00:00,96.71891
2012-12-29 21:00:00,93.30549
2012-12-29 22:00:00,81.91501
2012-12-29 23:00:00,41.039494
2012-12-30 00:00:00,59.13882
2012-12-30 01:00:00,79.48413
2012-12-30 02:00:00,66.24891
2012-12-30 03:00:00,79.48413
2012-12-30 04:00:00,63.912834
2012-12-30 05:00:00,78.95565
2012-12-30 06:00:00,74.50051
2012-12-30 07:00:00,72.40369
2012-12-30 08:00:00,86.60978
2012-12-30 09:00:00,81.83317
2012-12-30 10:00:00,109.323494
2012-12-30 11:00:00,106.37816
2012-12-30 12:00:00,122.01336
2012-12-30 13:00:00,143.20747
2012-12-30 14:00:00,121.79871
2012-12-30 15:00:00,116.702995
2012-12-30 16:00:00,109.59229
2012-12-30 17:00:00,106.99999
2012-12-30 18:00:00,73.584526
2012-12-30 19:00:00,79.07801
2012-12-30 20:00:00,78.69884
2012-12-30 21:00:00,57.821655
2012-12-30 22:00:00,53.99449
2012-12-30 23:00:00,58.04103
2012-12-31 00:00:00,58.178623
2012-12-31 01:00:00,58.178623
2012-12-31 02:00:00,56.66048
2012-12-31 03:00:00,59.75442
2012-12-31 04:00:00,58.298748
2012-12-31 05:00:00,54.838154
2012-12-31 06:00:00,57.110554
2012-12-31 07:00:00,59.48276
2012-12-31 08:00:00,56.092796
2012-12-31 09:00:00,57.466488
2012-12-31 10:00:00,57.49738
2012-12-31 11:00:00,57.1997
2012-12-31 12:00:00,58.012264
2012-12-31 13:00:00,107.295784
2012-12-31 14:00:00,119.367065
2012-12-31 15:00:00,114.0386
2012-12-31 16:00:00,97.506516
2012-12-31 17:00:00,110.44439
2012-12-31 18:00:00,107.49269
2012-12-31 19:00:00,71.666725
2012-12-31 20:00:00,71.666725
2012-12-31 21:00:00,79.22378
2012-12-31 22:00:00,95.34651
2012-12-31 23:00:00,83.3821
